-- MySQL dump 10.13  Distrib 5.7.24, for Linux (x86_64)
--
-- Host: localhost    Database: tatapp26_development
-- ------------------------------------------------------
-- Server version	5.7.24-0ubuntu0.18.04.1

/*!40101 SET @OLD_CHARACTER_SET_CLIENT=@@CHARACTER_SET_CLIENT */;
/*!40101 SET @OLD_CHARACTER_SET_RESULTS=@@CHARACTER_SET_RESULTS */;
/*!40101 SET @OLD_COLLATION_CONNECTION=@@COLLATION_CONNECTION */;
/*!40101 SET NAMES utf8 */;
/*!40103 SET @OLD_TIME_ZONE=@@TIME_ZONE */;
/*!40103 SET TIME_ZONE='+00:00' */;
/*!40014 SET @OLD_UNIQUE_CHECKS=@@UNIQUE_CHECKS, UNIQUE_CHECKS=0 */;
/*!40014 SET @OLD_FOREIGN_KEY_CHECKS=@@FOREIGN_KEY_CHECKS, FOREIGN_KEY_CHECKS=0 */;
/*!40101 SET @OLD_SQL_MODE=@@SQL_MODE, SQL_MODE='NO_AUTO_VALUE_ON_ZERO' */;
/*!40111 SET @OLD_SQL_NOTES=@@SQL_NOTES, SQL_NOTES=0 */;

--
-- Table structure for table `ar_internal_metadata`
--

DROP TABLE IF EXISTS `ar_internal_metadata`;
/*!40101 SET @saved_cs_client     = @@character_set_client */;
/*!40101 SET character_set_client = utf8 */;
CREATE TABLE `ar_internal_metadata` (
  `key` varchar(255) NOT NULL,
  `value` varchar(255) DEFAULT NULL,
  `created_at` datetime NOT NULL,
  `updated_at` datetime NOT NULL,
  PRIMARY KEY (`key`)
) ENGINE=InnoDB DEFAULT CHARSET=utf8;
/*!40101 SET character_set_client = @saved_cs_client */;

--
-- Dumping data for table `ar_internal_metadata`
--

LOCK TABLES `ar_internal_metadata` WRITE;
/*!40000 ALTER TABLE `ar_internal_metadata` DISABLE KEYS */;
INSERT INTO `ar_internal_metadata` VALUES ('environment','development','2018-12-11 17:33:12','2018-12-11 17:33:12');
/*!40000 ALTER TABLE `ar_internal_metadata` ENABLE KEYS */;
UNLOCK TABLES;

--
-- Table structure for table `assignments`
--

DROP TABLE IF EXISTS `assignments`;
/*!40101 SET @saved_cs_client     = @@character_set_client */;
/*!40101 SET character_set_client = utf8 */;
CREATE TABLE `assignments` (
  `id` bigint(20) NOT NULL AUTO_INCREMENT,
  `project_id` bigint(20) NOT NULL,
  `employee_id` bigint(20) NOT NULL,
  `seat_id` bigint(20) NOT NULL,
  `assignment_date` date NOT NULL,
  `status` int(11) NOT NULL,
  `created_at` datetime NOT NULL,
  `updated_at` datetime NOT NULL,
  PRIMARY KEY (`id`),
  KEY `fk_rails_1eb99de2cc` (`seat_id`),
  KEY `fk_rails_d0980e430f` (`employee_id`),
  KEY `fk_rails_4d3d2c839c` (`project_id`),
  CONSTRAINT `fk_rails_1eb99de2cc` FOREIGN KEY (`seat_id`) REFERENCES `seats` (`id`),
  CONSTRAINT `fk_rails_4d3d2c839c` FOREIGN KEY (`project_id`) REFERENCES `projects` (`id`),
  CONSTRAINT `fk_rails_d0980e430f` FOREIGN KEY (`employee_id`) REFERENCES `employees` (`id`)
) ENGINE=InnoDB AUTO_INCREMENT=34 DEFAULT CHARSET=utf8;
/*!40101 SET character_set_client = @saved_cs_client */;

--
-- Dumping data for table `assignments`
--

LOCK TABLES `assignments` WRITE;
/*!40000 ALTER TABLE `assignments` DISABLE KEYS */;
INSERT INTO `assignments` VALUES (17,2,110,1399,'2018-12-26',2,'2018-12-26 19:08:28','2018-12-26 20:27:06'),(18,4,485,1180,'2018-12-26',1,'2018-12-26 20:20:26','2018-12-26 20:20:26'),(19,2,110,1394,'2018-12-26',2,'2018-12-26 20:28:13','2018-12-26 20:28:25'),(20,2,110,1398,'2018-12-26',1,'2018-12-26 20:29:04','2018-12-26 20:29:04'),(21,4,115,1189,'2019-01-02',2,'2019-01-02 20:09:33','2019-01-02 20:13:44'),(22,4,115,1170,'2019-01-02',1,'2019-01-02 20:13:59','2019-01-02 20:13:59'),(23,1,97,1409,'2019-01-11',2,'2019-01-11 19:36:27','2019-01-11 20:07:27'),(24,1,97,1412,'2019-01-11',1,'2019-01-11 20:08:07','2019-01-11 20:08:07'),(25,1,101,1405,'2019-01-11',1,'2019-01-11 21:06:15','2019-01-11 21:06:15'),(26,1,97,1411,'2019-01-14',1,'2019-01-14 19:37:20','2019-01-14 19:37:20'),(27,1,96,1405,'2019-01-14',2,'2019-01-14 21:29:16','2019-01-14 21:30:36'),(28,1,96,1404,'2019-01-14',2,'2019-01-14 21:31:27','2019-01-14 21:32:20'),(29,1,96,1407,'2019-01-14',2,'2019-01-14 21:32:29','2019-01-14 21:33:12'),(30,4,486,1198,'2019-01-16',1,'2019-01-16 17:31:20','2019-01-16 17:31:20'),(31,6,564,1510,'2019-01-17',1,'2019-01-17 18:08:10','2019-01-17 18:08:10'),(32,1,99,1410,'2019-01-17',1,'2019-01-17 20:27:14','2019-01-17 20:27:14'),(33,1,96,1405,'2019-01-18',1,'2019-01-18 21:29:46','2019-01-18 21:29:46');
/*!40000 ALTER TABLE `assignments` ENABLE KEYS */;
UNLOCK TABLES;

--
-- Table structure for table `employees`
--

DROP TABLE IF EXISTS `employees`;
/*!40101 SET @saved_cs_client     = @@character_set_client */;
/*!40101 SET character_set_client = utf8 */;
CREATE TABLE `employees` (
  `id` bigint(20) NOT NULL AUTO_INCREMENT,
  `name` varchar(255) NOT NULL,
  `number` varchar(30) NOT NULL,
  `admission_date` date NOT NULL,
  `birth_date` date NOT NULL,
  `status` int(11) NOT NULL DEFAULT '1',
  `assignment_type` int(11) NOT NULL DEFAULT '1',
  `seat_id` bigint(20) DEFAULT NULL,
  `project_id` bigint(20) NOT NULL,
  `created_at` datetime NOT NULL,
  `updated_at` datetime NOT NULL,
  `confirmed` int(11) NOT NULL DEFAULT '0',
  PRIMARY KEY (`id`),
  UNIQUE KEY `index_employees_on_number` (`number`),
  KEY `fk_rails_f3055ce412` (`project_id`),
  KEY `fk_rails_c961385dd5` (`seat_id`),
  CONSTRAINT `fk_rails_c961385dd5` FOREIGN KEY (`seat_id`) REFERENCES `seats` (`id`),
  CONSTRAINT `fk_rails_f3055ce412` FOREIGN KEY (`project_id`) REFERENCES `projects` (`id`)
) ENGINE=InnoDB AUTO_INCREMENT=836 DEFAULT CHARSET=utf8;
/*!40101 SET character_set_client = @saved_cs_client */;

--
-- Dumping data for table `employees`
--

LOCK TABLES `employees` WRITE;
/*!40000 ALTER TABLE `employees` DISABLE KEYS */;
INSERT INTO `employees` VALUES (1,'Julio Pinzon','1111111','2017-05-22','1984-10-06',2,1,NULL,1,'2018-12-11 17:33:19','2018-12-11 17:33:19',0),(2,'Diego Ochoa','2222222','2017-05-22','1989-12-11',2,1,NULL,1,'2018-12-11 17:33:19','2018-12-11 17:33:19',0),(3,'Paola Bernal','3333333','2017-05-22','1989-12-11',2,1,NULL,2,'2018-12-11 17:33:19','2018-12-11 17:33:19',0),(4,'Paola Cardenas','4444444','2017-05-22','1989-12-11',2,1,NULL,2,'2018-12-11 17:33:19','2018-12-11 17:33:19',0),(90,'Cesar Augusto Gomez','823773','2013-09-02','1984-01-23',1,1,NULL,2,'2018-12-11 17:46:40','2019-01-17 22:40:07',1),(91,'Luz Karime Valderrama  Santibanez','891541','2014-05-05','1976-09-27',1,2,NULL,2,'2018-12-11 17:46:40','2019-01-17 23:24:23',1),(92,'Juan Gabriel Rodriguez Fernandez','1220234','2015-11-23','1986-12-17',1,1,NULL,2,'2018-12-11 17:46:40','2019-01-17 22:40:07',1),(93,'Luis Parody','1563056','2018-07-16','1985-03-22',1,1,NULL,2,'2018-12-11 17:46:40','2019-01-17 22:40:07',0),(94,'Oscar Javier Angel Balcazar','1537117','2018-05-08','1991-07-26',1,2,1247,2,'2018-12-11 17:46:40','2019-01-17 22:40:07',1),(95,'Mr. Yeison Alberto Lopez Pascuas','1048222','2015-04-14','1989-07-25',1,1,NULL,1,'2018-12-11 17:47:21','2019-01-17 22:40:07',1),(96,'Ms. Marisol   Higuera','1304238','2016-05-02','1978-11-26',1,1,NULL,1,'2018-12-11 17:47:21','2019-01-17 22:40:07',1),(97,'Mr. Julian Ricardo Jimenez Hinestroza','1384198','2017-03-14','1980-11-25',1,1,NULL,1,'2018-12-11 17:47:21','2019-01-17 22:40:07',1),(98,'Mr. Tanmay   .','741605','2013-07-24','1988-04-15',1,1,NULL,1,'2018-12-11 17:47:21','2019-01-17 22:40:07',0),(99,'Ms. Nini Johanna Gutierrez Rojas','1571452','2018-08-14','1983-01-02',1,1,NULL,1,'2018-12-11 17:47:21','2019-01-17 22:40:07',1),(100,'Ms. Jennifer   Bermudez Tunjano - Pasante','1560763','2018-07-10','1997-03-09',1,1,NULL,1,'2018-12-11 17:47:21','2019-01-17 22:40:07',0),(101,'Ms. Daniela Lopez Lopez Carol - Pasante','1562211','2018-07-16','1996-11-25',1,1,NULL,1,'2018-12-11 17:47:22','2019-01-17 22:40:07',1),(102,'Ms. Yulieth Alexandra Talero - Pasante','1419749','2017-09-08','1998-03-06',1,1,NULL,1,'2018-12-11 17:47:22','2019-01-17 22:40:07',0),(103,'Mr. Elvis Ariel Mora Gamez','858973','2013-12-11','1983-02-22',1,1,NULL,1,'2018-12-11 17:47:22','2019-01-17 22:40:07',1),(104,'Ms. Lina Andrea Guarnizo Espinosa','1454083','2018-01-10','1994-12-16',1,1,NULL,1,'2018-12-11 17:47:22','2019-01-17 22:40:07',0),(105,'Mr. Fredy Alexander Munoz Bermudez','1455711','2018-01-18','1985-01-17',1,1,NULL,1,'2018-12-11 17:47:22','2019-01-17 22:40:07',1),(106,'Ms. Leidy Viviana Gomez Espitia - Pasante','1460041','2018-01-30','1996-07-24',1,1,NULL,1,'2018-12-11 17:47:22','2019-01-17 22:40:07',1),(107,'Jorge Garcia - Pasante','1560764','2018-07-10','1996-03-13',1,1,NULL,1,'2018-12-11 17:47:23','2019-01-17 22:40:07',0),(108,'Gysella Andrea Pineda Quintero','1450706','2018-01-02','1995-11-29',1,1,NULL,1,'2018-12-11 17:47:23','2019-01-17 22:40:07',0),(109,'Jeniffer lasso','1436448','2017-11-01','1983-08-25',1,1,NULL,1,'2018-12-11 17:47:23','2019-01-17 22:40:07',0),(110,'Manuel Fernando Parra Rodriguez','1343849','2016-10-05','1970-01-11',1,1,NULL,2,'2018-12-13 16:19:42','2019-01-17 22:40:07',1),(111,'Edwin Jair Quintero Quintero','1343984','2016-10-05','1990-09-10',1,1,NULL,2,'2018-12-13 16:19:42','2019-01-17 22:40:07',0),(112,'Maria Fernanda Mejia','1462600','2018-02-13','1977-05-12',1,1,NULL,5,'2018-12-13 16:19:42','2019-01-17 22:40:06',1),(113,'Fredy Sanchez','1528626','2018-04-06','1976-11-24',1,1,NULL,5,'2018-12-13 16:19:42','2019-01-17 22:40:06',0),(114,'Adriana Bonilla Chaves','794526','2013-07-16','1984-09-14',1,1,NULL,4,'2018-12-13 16:19:43','2019-01-17 22:40:06',1),(115,'Alejandro Casanova Mutis','1263223','2016-02-24','1984-07-27',1,1,NULL,4,'2018-12-13 16:19:43','2019-01-17 22:40:06',1),(116,'Alvaro Javier Del Toro Diaz','1452222','2018-01-09','1989-11-19',1,1,NULL,3,'2018-12-13 16:19:43','2019-01-17 22:40:06',1),(117,'Bonilla Larrota,Mr. Juan Pablo','1434181','2017-10-24','1996-10-19',1,1,NULL,3,'2018-12-13 16:19:43','2019-01-17 22:40:06',0),(128,'Maldonado, Brickney Carim (Brickney)','852989','2013-11-15','1985-04-15',1,1,NULL,11,'2018-12-19 20:03:17','2019-01-17 22:40:08',1),(129,'Sanabria Romero, Alejandro Arturo','862448','2014-01-03','1985-03-21',1,1,NULL,11,'2018-12-19 20:03:17','2019-01-17 22:40:08',0),(483,'Andrea Del Pilar Carvajal Paramo','489034','2011-05-03','1976-07-24',1,1,NULL,4,'2018-12-26 17:06:37','2019-01-17 22:40:06',0),(484,'Andres Camilo Medina','1329301','2016-08-30','1997-06-10',1,1,NULL,4,'2018-12-26 17:06:37','2019-01-17 22:40:06',0),(485,'Angela Milena Sandobal','469124','2011-02-14','1977-04-07',1,1,NULL,4,'2018-12-26 17:06:37','2019-01-17 22:40:06',1),(486,'Angela Viviana Castro','794527','2013-07-16','1986-09-29',1,1,NULL,4,'2018-12-26 17:06:37','2019-01-17 22:40:06',1),(487,'Angelica Maria Sanguino Galvis','806948','2007-02-12','1977-12-25',1,1,NULL,4,'2018-12-26 17:06:37','2019-01-17 22:40:06',0),(488,'Astrid Carolina Araque Alfonso','794552','2013-07-16','1994-07-09',1,1,NULL,4,'2018-12-26 17:06:37','2019-01-17 22:40:06',0),(489,'Boris Quevedo','1408363','2017-07-25','1989-01-21',1,1,NULL,4,'2018-12-26 17:06:38','2019-01-17 22:40:06',0),(490,'Bryan Steve Gutierrez Gomez','687964','2012-04-16','1989-08-10',1,1,NULL,4,'2018-12-26 17:06:38','2019-01-17 22:40:06',0),(491,'Carlos Alberto Gomez Cano','1314493','2016-06-16','1986-12-19',1,1,NULL,4,'2018-12-26 17:06:38','2019-01-17 22:40:06',0),(492,'Carlos Manuel Gomez','818510','2009-07-01','1976-11-15',1,1,NULL,4,'2018-12-26 17:06:38','2019-01-17 22:40:06',0),(493,'Deep Zamindar','968368','2014-11-26','1988-08-29',1,1,NULL,4,'2018-12-26 17:06:38','2019-01-17 22:40:06',0),(494,'Deivid Stib Sichaca','1460038','2018-01-30','1995-03-16',1,1,NULL,4,'2018-12-26 17:06:38','2019-01-17 22:40:06',0),(495,'David Hernandez','855749','2013-11-27','1982-11-25',1,1,NULL,4,'2018-12-26 17:06:39','2019-01-17 22:40:06',1),(496,'Diego Cabrales','1562248','2018-07-16','1984-05-09',1,1,NULL,4,'2018-12-26 17:06:39','2019-01-17 22:40:06',0),(497,'Edgar Monrroy Urquijo','570837','2012-01-10','1974-04-16',1,1,NULL,4,'2018-12-26 17:06:39','2019-01-17 22:40:06',0),(498,'Edwin Porras Angarita','1056073','2015-06-17','1977-02-15',1,1,NULL,4,'2018-12-26 17:06:39','2019-01-17 22:40:06',0),(499,'Francisco Marchena','834152','2013-10-01','1973-10-09',1,1,NULL,4,'2018-12-26 17:06:39','2019-01-17 22:40:06',0),(500,'Gautam Kumar Bhardwaj','1220917','2016-02-24','1988-02-17',1,1,NULL,4,'2018-12-26 17:06:39','2019-01-17 22:40:06',0),(501,'Hugo Andres Espitia Cobos','823778','2013-09-02','1990-03-09',1,1,NULL,4,'2018-12-26 17:06:40','2019-01-17 22:40:06',0),(502,'Jose Manuel silva','1562244','2018-07-16','1963-06-09',1,1,NULL,4,'2018-12-26 17:06:40','2019-01-17 22:40:06',0),(503,'Milvia Coromoto Barrueta Silva','889797','2014-04-25','1984-10-17',1,1,NULL,4,'2018-12-26 17:06:40','2019-01-17 22:40:06',0),(504,'Ms. Paola Maria Yoria Barrera','816959','2009-07-27','1971-07-27',1,1,NULL,11,'2018-12-26 17:06:40','2019-01-17 22:40:08',0),(505,'Paola Montes patiño','729059','2012-12-03','1981-08-29',1,1,NULL,4,'2018-12-26 17:06:40','2019-01-17 22:40:06',1),(506,'Rajesh Saha','591082','2013-02-04','1990-01-30',1,1,NULL,4,'2018-12-26 17:06:40','2019-01-17 22:40:06',0),(507,'Rituraj Kumar','739977','2014-03-26','1991-02-11',1,1,NULL,4,'2018-12-26 17:06:41','2019-01-17 22:40:06',0),(508,'Rubian Amparo Talero','815839','2008-11-18','1963-01-13',1,1,NULL,4,'2018-12-26 17:06:41','2019-01-17 22:40:06',0),(509,'Saikal Pal','754651','2013-11-14','1990-11-26',1,1,NULL,4,'2018-12-26 17:06:41','2019-01-17 22:40:06',0),(510,'Silky Das','1260491','2016-04-19','1991-06-28',1,1,NULL,4,'2018-12-26 17:06:41','2019-01-17 22:40:06',0),(511,'Subhadeep Mukherjee','151781','2004-11-03','1981-04-14',1,1,NULL,4,'2018-12-26 17:06:41','2019-01-17 22:40:06',0),(512,'Vijay Chalera','882879','2014-07-16','1980-03-24',1,1,NULL,4,'2018-12-26 17:06:41','2019-01-17 22:40:06',0),(513,'Ms. Yina Margarita De La Rosa Maya','1460483','2018-02-13','1988-03-29',1,1,NULL,11,'2018-12-26 17:06:41','2019-01-17 22:40:08',0),(514,'Wolfgang Abrahan ladron de Guevara Medina','1567462','2018-08-01','1983-07-05',1,1,NULL,4,'2018-12-26 17:06:42','2019-01-17 22:40:06',0),(515,'Sudipta Nandi','1268240','2016-06-01','1990-02-02',1,1,NULL,4,'2018-12-26 17:06:42','2019-01-17 22:40:06',0),(516,'William gavino Canelo','1206853','2015-10-22','1982-11-11',1,1,NULL,4,'2018-12-26 17:06:42','2019-01-17 22:40:06',0),(517,'Tatiana Leonor Garcia Castrellon','807779','2007-05-10','1962-08-15',1,1,NULL,4,'2018-12-26 17:06:42','2019-01-17 22:40:06',0),(518,'Diego Beltran','1571451','2018-08-14','1986-11-08',1,2,1131,5,'2018-12-26 17:06:42','2019-01-17 22:40:06',1),(519,'Manuel Tovar','1565980','2018-08-01','1986-04-28',1,2,1132,5,'2018-12-26 17:06:42','2019-01-17 22:40:06',1),(520,'Estefania Gallo','1547499','2018-06-05','1992-11-09',1,2,1133,5,'2018-12-26 17:06:43','2019-01-17 22:40:06',0),(521,'Dolly Ramirez','1460040','2018-01-30','1983-05-26',1,2,1134,5,'2018-12-26 17:06:43','2019-01-17 22:40:06',0),(522,'Tito Medina','1584935','2018-09-25','1978-02-09',1,1,NULL,5,'2018-12-26 17:06:43','2019-01-17 22:40:06',0),(523,'Luis Fernando Sosa','1579228','2018-09-12','1979-07-01',1,1,NULL,5,'2018-12-26 17:06:43','2019-01-17 22:40:06',0),(524,'Esneider Ardila Cañas','1607535','2018-10-19','1984-10-26',1,1,NULL,5,'2018-12-26 17:06:43','2019-01-17 22:40:06',0),(525,'Diana Gutierrez','1607560','2018-10-16','1990-08-24',1,1,NULL,5,'2018-12-26 17:06:43','2019-01-17 22:40:06',0),(526,'Cesar Parra','1607041','2018-10-17','1979-06-16',1,1,NULL,5,'2018-12-26 17:06:44','2019-01-17 22:40:06',0),(527,'Yorman Castro Pernia','1457560','2018-01-29','1988-09-14',1,2,1135,5,'2018-12-26 17:06:44','2019-01-17 22:40:06',0),(528,'Arley Felipe Amado','1457475','2018-01-29','1994-11-26',1,2,1136,5,'2018-12-26 17:06:44','2019-01-17 22:40:06',0),(529,'Jesus Forero Forero','745616','2013-01-14','1957-05-25',1,2,1137,5,'2018-12-26 17:06:44','2019-01-17 22:40:06',0),(530,'Jose Arenas','1567464','2018-08-01','1980-06-05',1,1,NULL,5,'2018-12-26 17:06:44','2019-01-17 22:40:06',0),(531,'Pablo Cepeda','1564950','2018-07-24','1976-11-26',1,1,NULL,5,'2018-12-26 17:06:44','2019-01-17 22:40:06',0),(532,'Juan Esteban Orozco','1457493','2018-01-29','1999-06-18',1,2,1138,5,'2018-12-26 17:06:45','2019-01-17 22:40:06',0),(533,'Jessica Solarte','1457492','2018-01-29','1994-08-27',1,2,1139,5,'2018-12-26 17:06:45','2019-01-17 22:40:06',0),(534,'Aldemar Diaz','1572638','2018-08-21','1982-10-29',1,1,NULL,5,'2018-12-26 17:06:45','2019-01-17 22:40:06',0),(535,'Luis Naranjo','1577102','2018-08-29','1989-07-14',1,1,NULL,5,'2018-12-26 17:06:45','2019-01-17 22:40:06',0),(536,'William Tautiva','1614956','2018-11-06','1978-05-02',1,1,NULL,5,'2018-12-26 17:06:45','2019-01-17 22:40:06',0),(537,'Sebastian Cortes','1565931','2018-08-01','1994-12-24',1,1,NULL,5,'2018-12-26 17:06:45','2019-01-17 22:40:06',0),(538,'Sergio Abella Rojas','1461223','2018-02-07','1993-09-19',1,2,1140,5,'2018-12-26 17:06:46','2019-01-17 22:40:06',0),(539,'Hansel Daza','1389483','2017-04-18','1987-01-11',1,2,1141,5,'2018-12-26 17:06:46','2019-01-17 22:40:06',0),(540,'Mayerly Arias','1528627','2018-04-06','1977-07-14',1,2,1142,5,'2018-12-26 17:06:46','2019-01-17 22:40:06',0),(541,'Julio Lozano','1528630','2018-04-06','1975-07-07',1,2,1143,5,'2018-12-26 17:06:46','2019-01-17 22:40:06',0),(542,'Juan Gabriel Grijalba','1545829','2018-05-29','1985-06-29',1,2,1144,5,'2018-12-26 17:06:46','2019-01-17 22:40:06',0),(543,'Mario Paez','1572810','2018-08-21','1981-08-21',1,2,1145,5,'2018-12-26 17:06:46','2019-01-17 22:40:06',1),(544,'Mayra Alejandra Perlaza','1628021','2018-12-04','1981-11-09',1,2,1146,5,'2018-12-26 17:06:47','2019-01-17 22:40:06',0),(545,'Ana Maria Barriosnuevo','1577560','2018-09-04','1989-10-29',1,2,1147,5,'2018-12-26 17:06:47','2019-01-17 22:40:06',0),(546,'Adriana Caceres','1528418','2018-04-05','1991-02-02',1,2,1148,5,'2018-12-26 17:06:47','2019-01-17 22:40:06',0),(547,'Alexander Beltran','1463391','2018-02-20','1975-05-15',1,2,1149,5,'2018-12-26 17:06:47','2019-01-17 22:40:06',0),(548,'Carlos Quiñonez','1533111','2018-04-24','1987-06-27',1,2,1150,5,'2018-12-26 17:06:47','2019-01-17 22:40:06',0),(549,'Jose William Murcia','1461224','2018-02-07','1983-12-21',1,2,1151,5,'2018-12-26 17:06:47','2019-01-17 22:40:06',0),(550,'Luis German Alonso','1537095','2018-05-15','1982-06-19',1,2,1152,5,'2018-12-26 17:06:48','2019-01-17 22:40:06',0),(551,'Estefania  Aragon Monroy','784186','2013-06-13','1989-12-19',1,1,NULL,5,'2018-12-26 17:06:48','2019-01-17 22:40:06',0),(552,'Shashank Kumar','326219','2009-09-30','1986-01-10',1,1,NULL,7,'2018-12-26 17:06:48','2019-01-17 22:40:06',1),(553,'Pablo Martinez','798983','2013-08-14','1975-12-11',1,1,NULL,7,'2018-12-26 17:06:48','2019-01-17 22:40:06',0),(554,'Alejandro Márquez','1521971','2018-03-20','1965-01-26',1,1,NULL,7,'2018-12-26 17:06:48','2019-01-17 22:40:06',0),(555,'Ms. Maria Liliana Rubiano Cubides','794531','2013-07-16','1990-03-24',1,1,NULL,7,'2018-12-26 17:06:48','2019-01-17 22:40:06',0),(556,'Ms. Kelly Johanna Garcia','857048','2013-12-02','1986-08-22',1,1,NULL,7,'2018-12-26 17:06:49','2019-01-17 22:40:06',0),(557,'Mr. Gustavo Adolfo Forero Forero','483328','2011-04-05','1987-09-16',1,1,NULL,7,'2018-12-26 17:06:49','2019-01-17 22:40:06',0),(558,'Ms. Astrid Andrea   Rosero Vega','814855','2009-04-16','1979-04-02',1,1,NULL,7,'2018-12-26 17:06:49','2019-01-17 22:40:06',0),(559,'Ms. Diana Lizeth Norena Chaux','1220989','2015-11-25','1990-12-13',1,1,NULL,7,'2018-12-26 17:06:49','2019-01-17 22:40:06',0),(560,'Janneth Perez','687577','2012-04-10','1973-12-06',1,1,NULL,6,'2018-12-26 17:06:49','2019-01-17 22:40:06',1),(561,'Nelson Javier Garcia Torres','540419','2011-11-09','1977-08-04',1,1,NULL,6,'2018-12-26 17:06:49','2019-01-17 22:40:06',0),(562,'Alfonso  Hincapie','1398396','2017-06-01','1970-05-28',1,1,NULL,6,'2018-12-26 17:06:49','2019-01-17 22:40:06',0),(563,'Nubia Rodríguez','1582652','2018-09-18','1975-08-29',1,1,NULL,6,'2018-12-26 17:06:50','2019-01-17 22:40:06',0),(564,'Mónica Herreño','860126','2013-12-18','1970-10-15',1,1,NULL,6,'2018-12-26 17:06:50','2019-01-17 22:40:06',1),(565,'Adriana Ovalle','1456371','2018-01-23','1975-10-06',1,1,NULL,6,'2018-12-26 17:06:50','2019-01-17 22:40:06',0),(566,'Adriana Tunarroza','1562242','2018-07-13','1970-07-07',1,1,NULL,6,'2018-12-26 17:06:50','2019-01-17 22:40:06',0),(567,'Medina Torres, Mr. Luis Hernan','768996','2013-03-18','1965-11-25',1,1,NULL,3,'2018-12-26 17:06:50','2019-01-17 22:40:06',0),(568,'Jesus Carillo','1460520','2018-02-07','1985-06-19',1,1,NULL,3,'2018-12-26 17:06:50','2019-01-17 22:40:06',0),(569,'Oscar Posada','717137','2012-09-03','1981-10-22',1,1,NULL,3,'2018-12-26 17:06:51','2019-01-17 22:40:06',0),(570,'Sandra Ibeth Romero Lasso (Sandra)','1386661','2017-03-28','1984-07-28',1,1,NULL,3,'2018-12-26 17:06:51','2019-01-17 22:40:06',0),(571,'Mr. Yeudiel   Diaz Velasco','1065189','2015-07-07','1991-07-30',1,1,NULL,3,'2018-12-26 17:06:51','2019-01-17 22:40:06',0),(572,'Mr. John Freddy Carvajal Cubillos','823781','2013-09-02','1979-11-08',1,1,NULL,3,'2018-12-26 17:06:51','2019-01-17 22:40:06',0),(573,'Mr. Alejandro Salamanca Garcia Jesus','1263222','2016-02-22','1992-11-21',1,1,NULL,3,'2018-12-26 17:06:51','2019-01-17 22:40:06',0),(574,'Constanza Piraban Gonzalez','779300','2013-05-20','1984-03-04',1,2,1418,3,'2018-12-26 17:06:51','2019-01-17 22:40:06',0),(575,'Luis Hernán Algarra Garay','792313','2013-07-08','1990-05-29',1,2,1419,3,'2018-12-26 17:06:52','2019-01-17 22:40:06',0),(576,'Edison Velandia Gonzalez','815548','2008-09-16','1972-11-01',1,2,1420,3,'2018-12-26 17:06:52','2019-01-17 22:40:06',0),(577,'Luis Rojas','908039','2014-06-17','1978-10-20',1,2,1421,3,'2018-12-26 17:06:52','2019-01-17 22:40:07',0),(578,'Jenny Haidee Quitian Rincon','1224626','2015-12-01','1970-01-30',1,2,1422,3,'2018-12-26 17:06:52','2019-01-17 22:40:07',0),(579,'Wilson Enrique Ordóñez Torres','1226255','2015-12-10','1977-05-04',1,2,1423,3,'2018-12-26 17:06:52','2019-01-17 22:40:07',0),(580,'Jairo Manrique','1247142','2016-01-12','1980-10-30',1,2,1424,3,'2018-12-26 17:06:52','2019-01-17 22:40:07',0),(581,'DAVID LEONARDO ESPINOSA','1301547','2016-04-19','1992-10-15',1,2,1425,3,'2018-12-26 17:06:53','2019-01-17 22:40:07',0),(582,'Danilo Arturo Molano Mejia','1315286','2016-06-16','1965-03-17',1,2,1426,3,'2018-12-26 17:06:53','2019-01-17 22:40:07',0),(583,'Carlos Eduardo Lopez Reyes','1321945','2016-07-18','1974-10-19',1,2,1427,3,'2018-12-26 17:06:53','2019-01-17 22:40:07',0),(584,'Anderson Forero Méndez','1392312','2017-05-09','1979-03-27',1,2,1428,3,'2018-12-26 17:06:53','2019-01-17 22:40:07',0),(585,'CRISTIAN JAVIER SANDOVAL JIMENEZ','1412230','2017-08-22','1993-09-10',1,2,1429,3,'2018-12-26 17:06:53','2019-01-17 22:40:07',0),(586,'Andres Felipe Sanchez','1414210','2017-08-28','1997-01-01',1,2,1430,3,'2018-12-26 17:06:53','2019-01-17 22:40:07',0),(587,'Cesar de Aymart Alvarez Parra','1419185','2017-09-19','1993-11-10',1,2,1431,3,'2018-12-26 17:06:54','2019-01-17 22:40:07',0),(588,'Jaime Jose Herrera Petro','1419187','2017-09-19','1994-02-22',1,2,1432,3,'2018-12-26 17:06:54','2019-01-17 22:40:07',0),(589,'Jesus Ernesto Marin Hernandez','1419188','2017-09-19','1998-06-11',1,2,1433,3,'2018-12-26 17:06:54','2019-01-17 22:40:07',0),(590,'Silvio Mauricio Morales Osorio','1419198','2017-09-19','1995-02-06',1,2,1434,3,'2018-12-26 17:06:54','2019-01-17 22:40:07',0),(591,'Yeison Arley Castellanos Castillo','1419202','2017-09-19','1997-03-05',1,2,1435,3,'2018-12-26 17:06:54','2019-01-17 22:40:07',0),(592,'Edgar Maldonado','1428836','2017-10-24','1981-03-03',1,2,1436,3,'2018-12-26 17:06:54','2019-01-17 22:40:07',0),(593,'Gerardo Hernandez Bermudez','1452212','2018-01-09','1977-09-21',1,2,1437,3,'2018-12-26 17:06:55','2019-01-17 22:40:07',0),(594,'Luisa Fernanda Villamil Guaraca','1457470','2018-01-29','1999-01-15',1,2,1438,3,'2018-12-26 17:06:55','2019-01-17 22:40:07',0),(595,'Angie Camila Noguera Solarte','1457474','2018-01-29','2000-01-26',1,2,1439,3,'2018-12-26 17:06:55','2019-01-17 22:40:07',0),(596,'Tania Juliet Hurtado Ramirez','1457554','2018-01-29','2000-05-09',1,2,1440,3,'2018-12-26 17:06:55','2019-01-17 22:40:07',0),(597,'Jorge Eduardo Ruiz Ochoa','1463090','2018-02-13','1995-11-11',1,2,1441,3,'2018-12-26 17:06:55','2019-01-17 22:40:07',0),(598,'Ricardo Yumayusa','1464347','2018-02-22','1972-12-13',1,2,1442,3,'2018-12-26 17:06:55','2019-01-17 22:40:07',0),(599,'Marco Parra','1523788','2018-03-27','1998-05-12',1,2,1443,3,'2018-12-26 17:06:56','2019-01-17 22:40:07',0),(600,'Faber Mayorquin','1553346','2018-06-25','1989-06-16',1,2,1444,3,'2018-12-26 17:06:56','2019-01-17 22:40:07',0),(601,'Lady Catherine Marin Hernandez','1555404','2018-06-26','1993-09-16',1,2,1445,3,'2018-12-26 17:06:56','2019-01-17 22:40:07',0),(602,'Miguel Valle','1599744','2018-10-09','1989-04-17',1,2,1446,3,'2018-12-26 17:06:56','2019-01-17 22:40:07',0),(603,'Angie Gama','1591910','2018-10-02','1987-10-10',1,2,1447,3,'2018-12-26 17:06:56','2019-01-17 22:40:07',0),(604,'Edwin Castro','1618533','2018-11-16','1988-09-24',1,2,1448,3,'2018-12-26 17:06:56','2019-01-17 22:40:07',0),(605,'Luz Stella Calvete','1619697','2018-11-22','1980-01-24',1,2,1449,3,'2018-12-26 17:06:57','2019-01-17 22:40:07',0),(606,'Carlos Steven Perdomo Rubio','1419184','2017-09-19','1993-08-07',1,2,1450,3,'2018-12-26 17:06:57','2019-01-17 22:40:07',0),(607,'Mario Fernando Riaño Palencia','1419194','2017-09-19','1990-07-27',1,2,1451,3,'2018-12-26 17:06:57','2019-01-17 22:40:07',0),(608,'Oscar Andres Estrada','799784','2013-08-21','1989-09-04',1,2,1452,3,'2018-12-26 17:06:57','2019-01-17 22:40:07',0),(609,'Ernesto Castillo Ramirez','977104','2014-10-01','1984-04-25',1,2,1453,3,'2018-12-26 17:06:57','2019-01-17 22:40:07',0),(610,'JUAN CARLOS CRUZ FAJARDO','1374631','2017-01-24','1990-06-14',1,2,1454,3,'2018-12-26 17:06:57','2019-01-17 22:40:07',0),(611,'Luis Hernan Forero Arenas','1412237','2017-08-29','1976-11-30',1,2,1455,3,'2018-12-26 17:06:58','2019-01-17 22:40:07',0),(612,'Ana María Bohórquez Muñoz','1425168','2017-10-10','1986-06-10',1,2,1456,3,'2018-12-26 17:06:58','2019-01-17 22:40:07',0),(613,'Liliana María Sepúlveda Yepes','1421533','2017-10-10','1976-05-24',1,2,1457,3,'2018-12-26 17:06:58','2019-01-17 22:40:07',0),(614,'Miguel Angel Diaz Castillo','1099510','2015-09-16','1986-03-21',1,2,1458,3,'2018-12-26 17:06:58','2019-01-17 22:40:07',0),(615,'Dayleen Erzsebeth Borondy Rincon','1454408','2018-01-16','1991-02-16',1,2,1459,3,'2018-12-26 17:06:58','2019-01-17 22:40:07',0),(616,'Yeimy Alexandra Gualteros Huertas','1340400','2016-10-04','1985-10-19',1,2,1460,3,'2018-12-26 17:06:58','2019-01-17 22:40:07',0),(617,'Alejandra Moreno','806512','2006-12-04','1981-03-21',1,2,1461,3,'2018-12-26 17:06:59','2019-01-17 22:40:07',0),(618,'Mr. Jordy Harrison Hernandez Vargas','1457452','2018-01-23','1993-05-19',1,2,1462,3,'2018-12-26 17:06:59','2019-01-17 22:40:07',0),(619,'Antonio Angulo Padilla','1463021','2018-02-13','1990-03-01',1,2,1463,3,'2018-12-26 17:06:59','2019-01-17 22:40:07',0),(620,'Jhon Sebastian Gamez Calderon','1463026','2018-02-13','1996-06-05',1,2,1464,3,'2018-12-26 17:06:59','2019-01-17 22:40:07',0),(621,'Mauricio Alberto Montenegro Peluffo','1460466','2018-02-01','1997-04-16',1,2,1465,3,'2018-12-26 17:06:59','2019-01-17 22:40:07',0),(622,'Claudia Constanza Cardenas','1404156','2017-07-18','1982-09-06',1,2,1466,3,'2018-12-26 17:06:59','2019-01-17 22:40:07',0),(623,'KEVIN ESTEBAN CORONADO CRUZ','799756','2013-08-20','1990-09-30',1,2,1467,3,'2018-12-26 17:07:00','2019-01-17 22:40:07',0),(624,'Shams Tabrez','366395','2010-07-26','1988-03-30',1,1,NULL,3,'2018-12-26 17:07:00','2019-01-17 22:40:07',0),(625,'Jorge Luis Gualteros Medina','1301548','2016-04-19','1983-08-26',1,2,1468,3,'2018-12-26 17:07:00','2019-01-17 22:40:07',0),(626,'NIRAJ KUMAR SINGH','397713','2010-12-08','1987-09-04',1,1,NULL,3,'2018-12-26 17:07:00','2019-01-17 22:40:07',0),(627,'Marcela Medina','1554318','2018-06-25','1987-11-23',1,2,1469,3,'2018-12-26 17:07:00','2019-01-17 22:40:07',0),(628,'Juan Luis Buitrago Diaz','1419191','2017-09-19','1989-07-13',1,1,NULL,3,'2018-12-26 17:07:00','2019-01-17 22:40:07',0),(629,'Ms. Leydi Didiana Pardo Buitrago','849767','2013-11-05','1987-03-02',1,1,NULL,3,'2018-12-26 17:07:01','2019-01-17 22:40:07',0),(630,'Shubham Padade','1114213','2016-12-12','1994-06-01',1,1,NULL,3,'2018-12-26 17:07:01','2019-01-17 22:40:07',0),(631,'Edgar Giovanni Guzman Cespedes','1444136','2017-12-05','1987-11-13',1,1,NULL,3,'2018-12-26 17:07:01','2019-01-17 22:40:07',0),(632,'Jose Alejandro Floriano Perez','1619423','2018-11-20','1996-05-28',1,2,1470,3,'2018-12-26 17:07:01','2019-01-17 22:40:07',0),(633,'Juan Sebastian Garcia Acuña','1619426','2018-11-20','1997-09-12',1,1,NULL,3,'2018-12-26 17:07:01','2019-01-17 22:40:07',0),(634,'Brayan Stiven Carvajal Hernandez','1619409','2018-11-20','1997-05-20',1,2,1471,3,'2018-12-26 17:07:01','2019-01-17 22:40:07',0),(635,'Jorge Enrique Gaitan Ruiz','1619421','2018-11-20','1995-07-24',1,1,NULL,3,'2018-12-26 17:07:02','2019-01-17 22:40:07',0),(636,'Juan Carlos Reyes Ospina','1619424','2018-11-20','1998-01-02',1,2,1472,3,'2018-12-26 17:07:02','2019-01-17 22:40:07',0),(637,'Carlos Enrique Nieto Martinez','1619411','2018-11-20','1982-05-22',1,1,NULL,3,'2018-12-26 17:07:02','2019-01-17 22:40:07',0),(638,'Richard Eduardo Robayo Riaño','1619428','2018-11-20','1994-05-11',1,2,1473,3,'2018-12-26 17:07:02','2019-01-17 22:40:07',0),(639,'Emiliano Antonio Poloche Sanchez','1619413','2018-11-20','1985-05-14',1,1,NULL,3,'2018-12-26 17:07:02','2019-01-17 22:40:07',0),(640,'Leidy León Rodriguez','1619427','2018-11-20','1996-10-02',1,2,1474,3,'2018-12-26 17:07:02','2019-01-17 22:40:07',0),(641,'Diego Alexander Algarra Garay','1619412','2018-11-20','1993-09-24',1,1,NULL,3,'2018-12-26 17:07:03','2019-01-17 22:40:07',0),(642,'Hernan Dario Acosta Garcia','1619417','2018-11-20','1996-09-18',1,2,1475,3,'2018-12-26 17:07:03','2019-01-17 22:40:07',0),(643,'Gina Ibeth Sana Rojas','1619416','2018-11-20','1993-03-16',1,1,NULL,3,'2018-12-26 17:07:03','2019-01-17 22:40:07',0),(644,'Bryan Esteban Villa Rojas','1619410','2018-11-20','1992-11-09',1,2,1476,3,'2018-12-26 17:07:03','2019-01-17 22:40:07',0),(645,'Ferney de la Rosa Rodriguez','1619414','2018-11-20','1986-06-08',1,2,1477,3,'2018-12-26 17:07:03','2019-01-17 22:40:07',0),(646,'Jeannette Paola Rubiano Garcia','1619418','2018-11-20','1996-07-27',1,2,1478,3,'2018-12-26 17:07:03','2019-01-17 22:40:07',0),(647,'Jhon Henry Cubillos Pachon','1619419','2018-11-20','1997-11-19',1,2,1479,3,'2018-12-26 17:07:03','2019-01-17 22:40:07',0),(648,'Rahul Roy','350779','2010-03-24','1988-06-02',1,1,NULL,3,'2018-12-26 17:07:04','2019-01-17 22:40:07',0),(649,'Jose David Cadena Diaz','1518607','2018-03-06','1989-05-11',1,1,NULL,3,'2018-12-26 17:07:04','2019-01-17 22:40:07',0),(650,'Giovanni Velasco','1404103','2017-07-11','1971-11-07',1,2,NULL,1,'2018-12-26 17:07:04','2019-01-17 22:40:07',1),(651,'John Alexander Patino Acosta','824847','2013-09-09','1968-11-05',1,1,NULL,1,'2018-12-26 17:07:04','2019-01-17 22:40:07',0),(652,'Kevin Steven Arias Gantiva','1547492','2018-06-05','1997-10-04',1,2,1248,2,'2018-12-26 17:07:04','2019-01-17 22:40:07',0),(653,'Magda Luz Santamaria Castro','892872','2014-05-12','1982-09-03',1,1,NULL,2,'2018-12-26 17:07:05','2019-01-17 22:40:07',0),(654,'José Luis Vargas Escobar','1347281','2016-10-18','1983-03-08',1,1,NULL,2,'2018-12-26 17:07:05','2019-01-17 22:40:07',0),(655,'Mario Alejandro Cortez Paz','1342529','2016-10-05','1981-10-22',1,1,NULL,2,'2018-12-26 17:07:05','2019-01-17 22:40:07',0),(656,'Graig Luque Cadavid','1345915','2016-10-11','1983-02-01',1,1,NULL,2,'2018-12-26 17:07:05','2019-01-17 22:40:07',0),(657,'Eryka Alexandra Garzón Sánchez','1345985','2016-10-11','1975-04-13',1,1,NULL,2,'2018-12-26 17:07:05','2019-01-17 22:40:07',0),(658,'Hugo Ernesto Bermúdez Salazar','1346630','2016-10-11','1967-12-24',1,1,NULL,2,'2018-12-26 17:07:05','2019-01-17 22:40:07',0),(659,'Yasmin Elena Palacio Amaya','1345996','2016-10-11','1972-03-23',1,1,NULL,2,'2018-12-26 17:07:06','2019-01-17 22:40:07',0),(660,'Jenny Marcela Garzón León','1384494','2017-03-21','1986-10-05',1,1,NULL,2,'2018-12-26 17:07:06','2019-01-17 22:40:07',0),(661,'Luisa Fernanda Bohorquez Rincon','807326','2007-02-15','1967-01-10',1,2,NULL,2,'2018-12-26 17:07:06','2019-01-17 23:35:40',0),(662,'Gloria Estefany Morales','1397651','2017-06-01','1994-04-22',1,2,1250,2,'2018-12-26 17:07:06','2019-01-17 22:40:07',0),(663,'Ruby Giselle Gonzalez','1397649','2017-06-01','1993-02-16',1,2,1251,2,'2018-12-26 17:07:06','2019-01-17 22:40:07',0),(664,'Cristian Saul Mendoza Castaneda','1397641','2017-06-01','1994-11-11',1,2,1252,2,'2018-12-26 17:07:06','2019-01-17 22:40:07',0),(665,'John Alejandro Piza Ramos','775444','2013-04-25','1982-07-13',1,1,NULL,2,'2018-12-26 17:07:07','2019-01-17 22:40:07',0),(666,'Maby Yhirleidy Pardo Rodriguez','916140','2014-07-21','1990-12-16',1,2,1253,2,'2018-12-26 17:07:07','2019-01-17 22:40:07',0),(667,'Edgar Hernando Mendez Calderón','1363844','2016-12-06','1989-12-10',1,1,NULL,2,'2018-12-26 17:07:07','2019-01-17 22:40:07',0),(668,'Hayder David Garcia Jimenez','1389512','2017-04-25','1985-01-01',1,2,1254,2,'2018-12-26 17:07:07','2019-01-17 22:40:07',0),(669,'Sara Ximena  Ortiz Reyes','1455162','2018-01-16','1992-12-07',1,2,1255,2,'2018-12-26 17:07:07','2019-01-17 22:40:07',0),(670,'Juan Felipe Torres Pilonieta','1582639','2018-09-18','1996-02-27',1,2,1256,2,'2018-12-26 17:07:07','2019-01-17 22:40:07',0),(671,'Juan Manuel Vargas Liz','1550788','2018-06-15','1990-10-12',1,2,1257,2,'2018-12-26 17:07:08','2019-01-17 22:40:07',0),(672,'Juan David Jara Rosas','1550415','2018-06-13','1992-02-05',1,2,1258,2,'2018-12-26 17:07:08','2019-01-17 22:40:07',0),(673,'Oscar  Eliecer Perez Aya','1551817','2018-06-19','1983-03-22',1,2,1259,2,'2018-12-26 17:07:08','2019-01-17 22:40:07',0),(674,'Leonardo Alejandro Arias Moreno','1553868','2018-06-25','1988-02-24',1,2,1260,2,'2018-12-26 17:07:08','2019-01-17 22:40:07',0),(675,'Julian Puerto Guecha','1551818','2018-06-19','1998-03-16',1,2,1261,2,'2018-12-26 17:07:08','2019-01-17 22:40:07',0),(676,'Jhon Steven García Valencia','1568936','2018-08-08','1995-08-04',1,2,1262,2,'2018-12-26 17:07:08','2019-01-17 22:40:07',0),(677,'Johann Polania Gonzalez','1560761','2018-07-10','1988-04-03',1,2,1263,2,'2018-12-26 17:07:09','2019-01-17 22:40:07',0),(678,'Yinneth Paola Manrique Chaves','1562307','2018-07-16','1993-11-12',1,1,NULL,2,'2018-12-26 17:07:09','2019-01-17 22:40:07',0),(679,'Luz Marina Avila Duque','513968','2011-07-27','1955-09-12',1,1,NULL,2,'2018-12-26 17:07:09','2019-01-17 22:40:07',0),(680,'Jorge Agustin Barrera Florez','721584','2012-10-03','1984-03-05',1,2,1264,2,'2018-12-26 17:07:09','2019-01-17 22:40:07',0),(681,'Silfrido Enrique Munoz Munoz','723296','2012-10-18','1973-12-11',1,1,NULL,2,'2018-12-26 17:07:09','2019-01-17 22:40:07',0),(682,'Luis Alfonso Vinasco Palacios','1030311','2015-03-17','1967-07-23',1,1,NULL,2,'2018-12-26 17:07:09','2019-01-17 22:40:08',0),(683,'Jonathan Smith Suárez Rodríguez','1359116','2016-11-22','1993-03-08',1,1,NULL,2,'2018-12-26 17:07:09','2019-01-17 22:40:08',0),(684,'Cristian Johant Rodríguez Bernal','1387060','2017-03-28','1991-11-04',1,2,1265,2,'2018-12-26 17:07:10','2019-01-17 22:40:08',0),(685,'Fillarel Fabian Alarcon Perez','1403860','2017-06-27','1985-04-03',1,1,NULL,2,'2018-12-26 17:07:10','2019-01-17 22:40:08',0),(686,'Yherman Velasquez Cruz','1591921','2018-10-02','1987-09-11',1,2,1266,2,'2018-12-26 17:07:10','2019-01-17 22:40:08',0),(687,'Fidel Mauricio Pajoy Rodriguez','1537160','2018-05-08','1992-02-15',1,2,1267,2,'2018-12-26 17:07:10','2019-01-17 22:40:08',0),(688,'Laura Andrea Medina Carvajal','1537980','2018-05-08','1995-04-10',1,2,1268,2,'2018-12-26 17:07:10','2019-01-17 22:40:08',0),(689,'Jefferson Ricardo Chivata Castro','1547516','2018-06-05','1992-04-11',1,1,NULL,2,'2018-12-26 17:07:10','2019-01-17 22:40:08',0),(690,'Juan Sebastian Marin Franco','1577925','2018-09-04','1994-10-05',1,2,1269,2,'2018-12-26 17:07:11','2019-01-17 22:40:08',0),(691,'Johanna Marcela Moore Vargas','565220','2011-12-01','1973-01-10',1,1,NULL,2,'2018-12-26 17:07:11','2019-01-17 22:40:08',0),(692,'Maritza Tapiero Rodriguez','709477','2012-07-12','1982-04-13',1,1,NULL,2,'2018-12-26 17:07:11','2019-01-17 22:40:08',0),(693,'Aida Avila Chavez','721364','2012-10-03','1983-12-02',1,1,NULL,2,'2018-12-26 17:07:11','2019-01-17 22:40:08',0),(694,'Adriana Maria Ruiz Melendez','741544','2012-12-17','1973-01-30',1,2,1270,2,'2018-12-26 17:07:11','2019-01-17 22:40:08',0),(695,'Pilar Abello Ramirez','750442','2013-02-04','1973-04-10',1,2,1271,2,'2018-12-26 17:07:11','2019-01-17 22:40:08',0),(696,'William Humberto Ramos Agudelo','780543','2013-05-27','1979-05-26',1,1,NULL,2,'2018-12-26 17:07:12','2019-01-17 22:40:08',0),(697,'Hector Bedoya','784189','2013-06-12','1989-12-20',1,2,1272,2,'2018-12-26 17:07:12','2019-01-17 22:40:08',0),(698,'Diana Marcela Ruiz Garcia','824033','2013-09-03','1984-05-22',1,2,1273,2,'2018-12-26 17:07:12','2019-01-17 22:40:08',0),(699,'Juan Pablo Martin De La Torre Pomez','824850','2013-09-03','1985-02-16',1,2,1274,2,'2018-12-26 17:07:12','2019-01-17 22:40:08',0),(700,'Carlos Alonso Rodas Avellaneda','829715','2013-10-01','1981-11-08',1,1,NULL,2,'2018-12-26 17:07:12','2019-01-17 22:40:08',0),(701,'Oscar Hernando Zambrano Artunduaga','829764','2013-10-01','1981-09-21',1,1,NULL,2,'2018-12-26 17:07:12','2019-01-17 22:40:08',0),(702,'Yeison Rafael Fuentes Gomez','845164','2013-10-28','1984-04-11',1,1,NULL,2,'2018-12-26 17:07:13','2019-01-17 22:40:08',0),(703,'Claudia Astrid Cortes Velandia','889056','2014-04-21','1984-03-06',1,1,NULL,2,'2018-12-26 17:07:13','2019-01-17 22:40:08',0),(704,'Lina Maria Cadavid Lenis','889492','2014-04-23','1987-02-16',1,1,NULL,2,'2018-12-26 17:07:13','2019-01-17 22:40:08',0),(705,'Henry Giovanni Sopo Gomez','893229','2014-05-13','1980-06-08',1,2,1275,2,'2018-12-26 17:07:13','2019-01-17 22:40:08',0),(706,'Luis Gerardo Romero Molina','894120','2014-05-16','1988-12-14',1,2,1276,2,'2018-12-26 17:07:13','2019-01-17 22:40:08',0),(707,'Laura Gonzalez Ortiz','1065193','2015-07-07','1991-02-25',1,2,1277,2,'2018-12-26 17:07:13','2019-01-17 22:40:08',0),(708,'Lina Esperanza Serrato Quiacha','1065222','2015-07-09','1992-09-28',1,1,NULL,2,'2018-12-26 17:07:14','2019-01-17 22:40:08',0),(709,'Luisa Catalina Morales Aguirre','1229510','2015-12-18','1996-08-10',1,1,NULL,2,'2018-12-26 17:07:14','2019-01-17 22:40:08',0),(710,'Karina Eddy Moreno Echeverria','1263221','2016-02-19','1982-03-10',1,1,NULL,2,'2018-12-26 17:07:14','2019-01-17 22:40:08',0),(711,'Paola Patricia Pulido Navarro','1299182','2016-04-11','1984-05-07',1,1,NULL,2,'2018-12-26 17:07:14','2019-01-17 22:40:08',0),(712,'David Felipe Amorocho','1333558','2016-09-20','1995-01-14',1,2,1278,2,'2018-12-26 17:07:14','2019-01-17 22:40:08',0),(713,'Katherine Rincon Tovar','1340396','2016-10-04','1991-12-02',1,1,NULL,2,'2018-12-26 17:07:14','2019-01-17 22:40:08',0),(714,'Angela Patricia Chacón Vargas','1345919','2016-10-11','1984-01-27',1,2,1279,2,'2018-12-26 17:07:15','2019-01-17 22:40:08',0),(715,'Alexandra Mejía Jimenez','1355578','2016-11-15','1975-05-09',1,2,1280,2,'2018-12-26 17:07:15','2019-01-17 22:40:08',0),(716,'William Camilo Sierra García','1358093','2016-11-15','1983-07-16',1,1,NULL,2,'2018-12-26 17:07:15','2019-01-17 22:40:08',0),(717,'Edgard Caleb Alvarado Angulo','1358094','2016-11-15','1991-11-02',1,2,1281,2,'2018-12-26 17:07:15','2019-01-17 22:40:08',0),(718,'Liz Katherine Torres Riveros','1358101','2016-11-15','1984-10-03',1,1,NULL,2,'2018-12-26 17:07:15','2019-01-17 22:40:08',0),(719,'Hernán Darío Betancur Cárdenas','1362041','2016-12-06','1994-05-04',1,2,1282,2,'2018-12-26 17:07:15','2019-01-17 22:40:08',0),(720,'Andrés Eduardo Díaz Suancha','1362137','2016-12-06','1992-03-01',1,2,1283,2,'2018-12-26 17:07:16','2019-01-17 22:40:08',0),(721,'Carlos Andres Velez Rodriguez','1362380','2016-12-06','1995-06-25',1,2,1284,2,'2018-12-26 17:07:16','2019-01-17 22:40:08',0),(722,'Braulio Ricardo Bachiller Cruz','1363446','2016-12-20','1990-04-16',1,2,1285,2,'2018-12-26 17:07:16','2019-01-17 22:40:08',0),(723,'Anderson Florez Gutierrez','1364574','2016-12-13','1994-02-03',1,1,NULL,2,'2018-12-26 17:07:16','2019-01-17 22:40:08',0),(724,'Emerson Vallejo Arango','1389239','2017-04-04','1992-03-28',1,2,1286,2,'2018-12-26 17:07:16','2019-01-17 22:40:08',0),(725,'Juan David Alvarino','1389242','2017-04-04','1993-04-11',1,2,1287,2,'2018-12-26 17:07:16','2019-01-17 22:40:08',0),(726,'Patricia Díaz Mosquera','1390924','2017-05-02','1971-02-04',1,1,NULL,2,'2018-12-26 17:07:17','2019-01-17 22:40:08',0),(727,'Karen Mireya Machado Lopez','1391045','2017-04-25','1979-01-22',1,2,1288,2,'2018-12-26 17:07:17','2019-01-17 22:40:08',0),(728,'Angela Veronica Tarquino Rodriguez','1391096','2017-04-25','1979-09-22',1,2,1289,2,'2018-12-26 17:07:17','2019-01-17 22:40:08',0),(729,'Yeimy Briceida Contreras Rodriguez','1400542','2017-06-15','1988-03-22',1,1,NULL,2,'2018-12-26 17:07:17','2019-01-17 22:40:08',0),(730,'Johiner Jailith Martinez','1404093','2017-07-04','1987-05-03',1,2,1290,2,'2018-12-26 17:07:17','2019-01-17 22:40:08',0),(731,'Angie Catherine Prieto Rodríguez','1419182','2017-09-19','1984-05-11',1,1,NULL,2,'2018-12-26 17:07:17','2019-01-17 22:40:08',0),(732,'Jhonathan Troncoso Meza','1419190','2017-09-18','1996-10-24',1,1,NULL,2,'2018-12-26 17:07:17','2019-01-17 22:40:08',0),(733,'Sonia Viviana Forero Guerra','1419200','2017-09-19','1985-05-06',1,2,1291,2,'2018-12-26 17:07:18','2019-01-17 22:40:08',0),(734,'Marielena Barrios Reinoso','1455157','2018-01-23','1994-10-22',1,2,1292,2,'2018-12-26 17:07:18','2019-01-17 22:40:08',0),(735,'Brandon Yovanni Muñeton Bastideas','1457480','2018-01-29','1996-12-10',1,2,1293,2,'2018-12-26 17:07:18','2019-01-17 22:40:08',0),(736,'David Valbuena Sanchez','1457485','2018-01-29','1998-02-12',1,2,1294,2,'2018-12-26 17:07:18','2019-01-17 22:40:08',0),(737,'Wollman Estiven Bachiller Cruz','1457563','2018-01-29','1996-12-09',1,2,1295,2,'2018-12-26 17:07:18','2019-01-17 22:40:08',0),(738,'Yined Marcela Díaz Labrador','1607587','2018-10-16','1989-10-27',1,1,NULL,2,'2018-12-26 17:07:18','2019-01-17 22:40:08',0),(739,'Jordin Blanquicet Montes','1591922','2018-10-02','1993-12-09',1,2,1296,2,'2018-12-26 17:07:19','2019-01-17 22:40:08',0),(740,'Diego Hernán Cadena Daza','1607561','2018-10-16','1995-03-01',1,2,1297,2,'2018-12-26 17:07:19','2019-01-17 22:40:08',0),(741,'Paula Andrea Sanchez Casallas','1537147','2018-05-08','1990-03-27',1,2,1298,2,'2018-12-26 17:07:19','2019-01-17 22:40:08',0),(742,'Farid Ricardo Ramirez Padilla','1537967','2018-05-08','1995-04-24',1,1,NULL,2,'2018-12-26 17:07:19','2019-01-17 22:40:08',0),(743,'Franky Esteban Vasquez Rubiano','1537971','2018-05-08','1994-10-21',1,2,1299,2,'2018-12-26 17:07:19','2019-01-17 22:40:08',0),(744,'Juan Carlos Cubillos Gacha','1537976','2018-05-08','1996-05-27',1,2,1300,2,'2018-12-26 17:07:19','2019-01-17 22:40:08',0),(745,'Mario Briceño Torres','1543918','2018-05-10','1976-08-31',1,2,1301,2,'2018-12-26 17:07:20','2019-01-17 22:40:08',0),(746,'Cindy Julieth Cubillos Romero','1546779','2018-06-01','1987-08-06',1,2,1302,2,'2018-12-26 17:07:20','2019-01-17 22:40:08',0),(747,'Juan Sebastian Lozano Garzón','1547500','2018-06-05','1994-10-06',1,2,1303,2,'2018-12-26 17:07:20','2019-01-17 22:40:08',0),(748,'Julian Felipe Sanchez','1547501','2018-06-05','1989-11-12',1,2,1304,2,'2018-12-26 17:07:20','2019-01-17 22:40:08',0),(749,'Ana Judith Villate Villate','1550151','2018-06-13','1974-04-15',1,2,1305,2,'2018-12-26 17:07:20','2019-01-17 22:40:08',0),(750,'Edilberto Manuel Florez Barragan','1550983','2018-06-13','1994-01-17',1,2,1306,2,'2018-12-26 17:07:20','2019-01-17 22:40:08',0),(751,'Ricardo José Gomez Velez','1551007','2018-06-13','1984-05-18',1,2,1307,2,'2018-12-26 17:07:21','2019-01-17 22:40:08',0),(752,'Sergio David Leon Buitrago','1551011','2018-06-13','1997-08-29',1,2,1308,2,'2018-12-26 17:07:21','2019-01-17 22:40:08',0),(753,'Nestor Luis Bula Dumar','1551013','2018-06-13','1997-02-28',1,2,1309,2,'2018-12-26 17:07:21','2019-01-17 22:40:08',0),(754,'John Manuel Moreno Rojas','1551124','2018-06-13','1990-04-12',1,2,1310,2,'2018-12-26 17:07:21','2019-01-17 22:40:08',0),(755,'Estefany Vargas Martinez','1560754','2018-07-10','1981-08-30',1,1,NULL,2,'2018-12-26 17:07:21','2019-01-17 22:40:08',0),(756,'Viviana Lugo Suarez','1564749','2018-07-24','1991-11-29',1,1,NULL,2,'2018-12-26 17:07:21','2019-01-17 22:40:08',0),(757,'Sergio Junco Castro','1567466','2018-08-01','1996-08-04',1,2,1311,2,'2018-12-26 17:07:22','2019-01-17 22:40:08',0),(758,'Cristian Esteban Ochoa Rozo','1572637','2018-08-21','1998-10-16',1,2,1312,2,'2018-12-26 17:07:22','2019-01-17 22:40:08',0),(759,'Eryka Viviana Achiardi Rodriguez','1572639','2018-08-21','1977-03-28',1,1,NULL,2,'2018-12-26 17:07:22','2019-01-17 22:40:08',0),(760,' Cristian Andres Perez','1578200','2018-09-04','1994-01-03',1,1,NULL,2,'2018-12-26 17:07:22','2019-01-17 22:40:08',0),(761,'Johan Sebastian Franco Navas','1584984','2018-09-18','1998-06-06',1,2,1313,2,'2018-12-26 17:07:22','2019-01-17 22:40:08',0),(762,'Juan Sebastian Varon','1584999','2018-09-25','1987-05-23',1,1,NULL,2,'2018-12-26 17:07:22','2019-01-17 22:40:08',0),(763,'Andres Felipe Cadena Sanchez','1550981','2018-06-13','1996-09-05',1,2,1314,2,'2018-12-26 17:07:23','2019-01-17 22:40:08',0),(764,'Gizzette Ilene Martinez Osorio','1551000','2018-06-13','1993-04-26',1,2,1315,2,'2018-12-26 17:07:23','2019-01-17 22:40:08',0),(765,'Lizeth Johanna Farfan Marin ','1551009','2018-06-13','1994-03-17',1,2,1316,2,'2018-12-26 17:07:23','2019-01-17 22:40:08',0),(766,'Juan Carlos Lagos Tinjaca ','1551126','2018-06-13','1986-06-15',1,2,1317,2,'2018-12-26 17:07:23','2019-01-17 22:40:08',0),(767,'Diego Leonardo Penagos Torres','792310','2013-07-08','1990-10-04',1,1,NULL,2,'2018-12-26 17:07:23','2019-01-17 22:40:08',0),(768,'Raul Jairo Soto Jaramillo','479659','2011-04-01','1954-06-24',1,1,NULL,2,'2018-12-26 17:07:23','2019-01-17 22:40:08',0),(769,'Libia Yaneth Quevedo Cruz','1591919','2018-10-02','1982-01-23',1,1,NULL,2,'2018-12-26 17:07:24','2019-01-17 22:40:08',0),(770,'Santiago Arcadio Gomez Rojas','1523236','2018-03-27','1988-05-31',1,1,NULL,2,'2018-12-26 17:07:24','2019-01-17 22:40:08',0),(771,'Olga Patricia Navarro López','1556117','2018-06-25','1971-01-18',1,1,NULL,2,'2018-12-26 17:07:24','2019-01-17 22:40:08',0),(772,'Diana Rocio Garcia Roldan','774694','2013-04-19','1968-07-16',1,2,1318,2,'2018-12-26 17:07:24','2019-01-17 22:40:08',0),(773,'William Esteban Rozo Malaver','1224642','2015-12-01','1991-11-02',1,1,NULL,2,'2018-12-26 17:07:24','2019-01-17 22:40:08',0),(774,'Ivonne Maritza Romero Villamor','516755','2011-07-05','1991-10-11',1,2,1319,2,'2018-12-26 17:07:24','2019-01-17 22:40:08',0),(775,'Lina Johanna Castillo Alvarez','858974','2013-12-12','1984-06-22',1,2,1320,2,'2018-12-26 17:07:25','2019-01-17 22:40:08',0),(776,'Diana Carolina Camero Rodriguez','883300','2014-04-08','1985-12-09',1,2,1321,2,'2018-12-26 17:07:25','2019-01-17 22:40:08',0),(777,'Jorge Armando Suarez Baquero','912019','2014-07-03','1987-12-27',1,1,NULL,2,'2018-12-26 17:07:25','2019-01-17 22:40:08',0),(778,'Jonathan Trujillo Salas','1035489','2015-04-06','1988-03-28',1,1,NULL,2,'2018-12-26 17:07:25','2019-01-17 22:40:08',0),(779,'Maria Esperanza Alfonso Sandoval','1074611','2015-08-24','1983-07-26',1,2,1322,2,'2018-12-26 17:07:25','2019-01-17 23:46:37',1),(780,'Camilo Gil Lesmes','1304391','2016-05-02','1984-04-27',1,1,NULL,2,'2018-12-26 17:07:25','2019-01-17 23:47:43',1),(781,'Yeshica Alejandra Rivera Rojas','1304232','2016-05-02','1985-11-03',1,2,1323,2,'2018-12-26 17:07:26','2019-01-17 22:40:08',0),(782,'Jose Rolando Sabogal Gonzalez','1272945','2016-03-23','1986-04-22',1,1,NULL,2,'2018-12-26 17:07:26','2019-01-17 22:40:08',0),(783,'Jorge Andres Lopez Figueroa','1389493','2017-04-18','1989-01-11',1,1,NULL,2,'2018-12-26 17:07:26','2019-01-17 22:40:08',0),(784,'Raquel Vanessa Varela Morales','1543927','2018-05-10','1987-07-13',1,2,1324,2,'2018-12-26 17:07:26','2019-01-17 22:40:08',0),(785,'Otto Castillo','1571453','2018-08-14','1987-01-05',1,1,NULL,2,'2018-12-26 17:07:26','2019-01-17 22:40:08',0),(786,'Gleydis Duarte','1561733','2018-07-16','1983-11-29',1,2,1325,2,'2018-12-26 17:07:26','2019-01-17 22:40:08',0),(787,'Rosa Del Pilar Villamil Paez','1578183','2018-09-04','1983-02-16',1,1,NULL,2,'2018-12-26 17:07:26','2019-01-17 22:40:08',0),(788,'Alejandro Gallego Villa','710828','2012-07-23','1982-12-10',1,1,NULL,2,'2018-12-26 17:07:27','2019-01-17 22:40:08',0),(789,'Monica Liliana Cifuentes Tibocha','837184','2013-10-09','1983-04-17',1,1,NULL,2,'2018-12-26 17:07:27','2019-01-17 22:40:08',0),(790,'Giovanni Villamil Paloma','1113138','2015-09-01','1975-02-03',1,1,NULL,2,'2018-12-26 17:07:27','2019-01-17 22:40:08',0),(791,'Rodrigo Iván Garcia Camacho','1191588','2015-10-05','1984-11-06',1,2,1326,2,'2018-12-26 17:07:27','2019-01-17 22:40:08',0),(792,'Fabio Andres Carmona Buitrago','1275020','2016-04-01','1980-06-18',1,2,1327,2,'2018-12-26 17:07:27','2019-01-17 22:40:08',0),(793,'Lenin David Gomez Mera','1414771','2017-09-01','1993-10-12',1,2,1328,2,'2018-12-26 17:07:27','2019-01-17 22:40:08',0),(794,'Miguel Orlando Sanchez Cardenas','1233144','2016-01-04','1993-02-06',1,1,NULL,2,'2018-12-26 17:07:28','2019-01-17 22:40:08',0),(795,'Fernando Alfonso Gonzales Pacheco','745525','2013-01-14','1973-05-26',1,2,1329,2,'2018-12-26 17:07:28','2019-01-17 22:40:08',0),(796,'Sandra Ortega Perez','815043','2008-10-01','1977-12-26',1,2,1330,2,'2018-12-26 17:07:28','2019-01-17 22:40:08',0),(797,'Hasbleidy Nuste Marin','862449','2014-01-03','1979-08-20',1,2,1331,2,'2018-12-26 17:07:28','2019-01-17 22:40:08',0),(798,'Gustavo Enrique Gavilan Murcia','1533929','2018-04-24','1977-01-22',1,2,1332,2,'2018-12-26 17:07:28','2019-01-17 22:40:08',0),(799,'Julio Cesar Bohorquez Garnica','1615561','2018-11-01','1999-04-29',1,2,1333,2,'2018-12-26 17:07:28','2019-01-17 22:40:08',0),(800,'Brayan Duvan Quiroga Betancour','1615554','2018-11-01','1996-06-07',1,2,1334,2,'2018-12-26 17:07:29','2019-01-18 20:39:59',0),(801,'Jessica Adriana García Polanías','1579254','2018-09-12','1992-03-20',1,1,NULL,11,'2018-12-26 17:07:29','2019-01-17 22:40:08',0),(802,'Joel Alberto Paez Rodriguez (Joel)','1543933','2018-05-15','1975-12-16',1,1,NULL,11,'2018-12-26 17:07:29','2019-01-17 22:40:08',0),(803,'Luz Dary Rojas Marín','1556116','2018-06-25','1983-02-01',1,1,NULL,11,'2018-12-26 17:07:29','2019-01-17 22:40:08',0),(804,'Mr. Yeison Arley Zapata Valdes','1562712','2018-07-17','1989-10-15',1,1,NULL,11,'2018-12-26 17:07:29','2019-01-17 22:40:08',0),(805,'Ms. Lina Titania Arias Moreno','1562714','2018-07-17','1975-08-12',1,1,NULL,11,'2018-12-26 17:07:29','2019-01-17 22:40:08',0),(806,'Mr. Jhonatan Andres Usuga Gallo','1563067','2018-07-17','1990-12-23',1,1,NULL,11,'2018-12-26 17:07:30','2019-01-17 22:40:08',0),(807,'Mohan Krishna','243808','2008-03-17','1984-06-07',1,1,NULL,11,'2018-12-26 17:07:30','2019-01-17 22:40:08',0),(808,'David Alejandro Martinez Amortegui','1567467','2018-08-01','1990-11-26',1,1,NULL,11,'2018-12-26 17:07:30','2019-01-17 22:40:08',0),(809,'Mr. Jaime Alberto Munoz Cordoba','907410','2014-06-12','1981-12-31',1,1,NULL,11,'2018-12-26 17:07:30','2019-01-17 22:40:08',0),(810,'Ms. Jenny Lorena Contreras Prince','1000807','2014-10-24','1982-01-14',1,1,NULL,11,'2018-12-26 17:07:30','2019-01-17 22:40:08',0),(811,'Juan Felipe Suarez Acevedo','1568977','2018-08-08','1983-01-07',1,1,NULL,11,'2018-12-26 17:07:30','2019-01-17 22:40:08',0),(812,'MR. Alvaro Prada Lemus','1572640','2018-08-21','1965-03-31',1,1,NULL,11,'2018-12-26 17:07:31','2019-01-17 22:40:08',0),(813,'Mr. Humberto   Becerra Torres','811209','2008-03-03','1968-11-12',1,1,NULL,11,'2018-12-26 17:07:31','2019-01-17 22:40:08',0),(814,'Mr. Dairo Leonardo Lozano Rodriguez','525002','2011-09-15','1975-05-14',1,1,NULL,11,'2018-12-26 17:07:31','2019-01-17 22:40:08',0),(815,'Mr. Mario Albeiro Gonzalez Zarate','1553869','2018-06-25','1986-10-28',1,1,NULL,11,'2018-12-26 17:07:31','2019-01-17 22:40:08',0),(816,'Euder Villamizar','1264854','2016-03-01','1985-08-20',1,1,NULL,11,'2018-12-26 17:07:31','2019-01-17 22:40:08',0),(817,'Mr. Ilich Fernando Valbuena Rincon','1550984','2018-06-13','1989-11-23',1,1,NULL,11,'2018-12-26 17:07:31','2019-01-17 22:40:08',0),(818,'Mr. Rafael   Obregon Saavedra','1576085','2018-09-03','1984-08-04',1,1,NULL,11,'2018-12-26 17:07:31','2019-01-17 22:40:08',0),(819,'Leidy Johana Moreno Castro','1575662','2018-09-04','1989-01-25',1,1,NULL,11,'2018-12-26 17:07:32','2019-01-17 22:40:08',0),(820,'Ms. Angelig Johana Corona Polanco','1584910','2018-09-25','1980-09-08',1,1,NULL,11,'2018-12-26 17:07:32','2019-01-17 22:40:08',0),(821,'Mr. Yuri Viviana Correa Marulanda','1584942','2018-09-25','1982-05-01',1,1,NULL,11,'2018-12-26 17:07:32','2019-01-17 22:40:08',0),(822,'Mr. William Alejandro Jimenez Numpaque','1585030','2018-09-25','1988-03-14',1,1,NULL,11,'2018-12-26 17:07:32','2019-01-17 22:40:08',0),(823,'Mr. Janier Guillermo Collazos Rozo','1585048','2018-09-25','1991-06-30',1,1,NULL,11,'2018-12-26 17:07:32','2019-01-17 22:40:08',0),(824,'Mr. Camilo Andres Clavijo Juzga','1585049','2018-09-25','1996-10-03',1,1,NULL,11,'2018-12-26 17:07:32','2019-01-17 22:40:08',1),(825,'Andres Felipe Garcia','1585988','2018-10-02','1986-06-09',1,1,NULL,11,'2018-12-26 17:07:33','2019-01-17 22:40:08',0),(826,'Henry Alberto Contreras Garcia','1585743','2018-10-02','1967-04-09',1,1,NULL,11,'2018-12-26 17:07:33','2019-01-17 22:40:08',0),(827,'David Alejandro Rodriguez Mendoza','1599789','2018-10-02','1983-11-20',1,1,NULL,11,'2018-12-26 17:07:33','2019-01-17 22:40:08',0),(828,'Judith Giovanna Arias Albañil','815023','2008-10-01','1975-01-28',1,1,NULL,11,'2018-12-26 17:07:33','2019-01-17 22:40:08',0),(829,'Diego fernando Guarnizo','1607555','2018-10-16','1990-09-24',1,1,NULL,11,'2018-12-26 17:07:33','2019-01-17 22:40:08',1),(830,'Fernanda Marcela Palacios Piñeros','1572140','2018-08-15','1987-09-25',1,1,NULL,11,'2018-12-26 17:07:33','2019-01-17 22:40:08',0),(831,'Jennifer Panqueva Antonio','1579196','2018-09-12','1987-08-17',1,1,NULL,11,'2018-12-26 17:07:34','2019-01-17 22:40:08',0),(832,'Daniel Gomez Rodriguez','1618966','2018-11-20','1991-08-28',1,1,NULL,11,'2018-12-26 17:07:34','2019-01-17 22:40:08',0),(833,'Alejandra Lozano Martinez','1347370','2016-10-11','1982-08-30',1,2,1207,11,'2018-12-26 17:07:34','2019-01-17 22:40:08',0),(834,'Dairo Cristancho Babativa','713984','2012-08-02','1977-06-18',1,1,NULL,11,'2018-12-26 17:07:34','2019-01-17 22:40:08',0),(835,'Adriana Marcela Leal Cubides','1615559','2018-11-06','1988-10-19',1,1,NULL,11,'2018-12-26 17:07:34','2019-01-17 22:40:08',0);
/*!40000 ALTER TABLE `employees` ENABLE KEYS */;
UNLOCK TABLES;

--
-- Table structure for table `maps`
--

DROP TABLE IF EXISTS `maps`;
/*!40101 SET @saved_cs_client     = @@character_set_client */;
/*!40101 SET character_set_client = utf8 */;
CREATE TABLE `maps` (
  `id` bigint(20) NOT NULL AUTO_INCREMENT,
  `name` varchar(255) NOT NULL,
  `seats` text,
  `height` int(11) NOT NULL,
  `width` int(11) NOT NULL,
  `seats_total` int(11) NOT NULL,
  `project_id` bigint(20) NOT NULL,
  `created_at` datetime NOT NULL,
  `updated_at` datetime NOT NULL,
  PRIMARY KEY (`id`),
  KEY `fk_rails_a90d6cd6e2` (`project_id`),
  CONSTRAINT `fk_rails_a90d6cd6e2` FOREIGN KEY (`project_id`) REFERENCES `projects` (`id`)
) ENGINE=InnoDB AUTO_INCREMENT=20 DEFAULT CHARSET=utf8;
/*!40101 SET character_set_client = @saved_cs_client */;

--
-- Dumping data for table `maps`
--

LOCK TABLES `maps` WRITE;
/*!40000 ALTER TABLE `maps` DISABLE KEYS */;
INSERT INTO `maps` VALUES (5,'MapaGrupoSoporte','1_6,1_5,1_4,1_3,2_3,2_4,2_6,2_5,4_4,4_3,4_2,4_1,5_1,5_2,5_3',6,6,15,1,'2018-12-11 19:51:37','2018-12-11 19:51:37'),(12,'MapaTELCOS','2_2,2_3,2_4,2_6,2_7,2_53,2_54,3_2,3_3,3_4,3_5,3_6,3_7,3_53,3_54,5_13,5_14,8_13,9_13,8_14,9_14,5_16,6_16,7_16,8_16,9_16,8_17,7_17,6_17,5_17,9_19,8_19,7_19,6_19,5_19,5_20,6_20,7_20,8_20,9_20,9_22,6_22,5_22,5_23,6_23,9_23,5_25,6_25,7_25,8_25,9_25,9_26,8_26,7_26,6_26,5_26,8_28,7_28,6_28,5_28,5_29,6_29,7_29,8_29,9_29,8_31,9_31,8_32,9_32,5_31,5_32,8_35,7_35,6_35,5_35,9_38,8_38,7_38,6_38,5_38,8_41,7_41,6_41,5_41,5_44,6_44,9_44,9_47,8_47,7_47,6_47,5_47,10_50,9_50,5_50,6_50,5_53,6_53,7_53,8_53,5_56,6_56,7_56,8_56,5_59,6_59,7_59,8_59,9_59,5_34,6_34,7_34,8_34,5_37,6_37,7_37,8_37,9_37,5_40,6_40,7_40,8_40,5_43,6_43,9_43,5_46,6_46,7_46,8_46,9_46,5_49,6_49,9_49,10_49,5_52,6_52,7_52,8_52,5_55,6_55,7_55,8_55,5_58,6_58,7_58,8_58,9_58,5_61,6_61,5_62,6_62,9_61,10_61,10_62,9_62,10_58,10_59',10,62,157,2,'2018-12-19 19:58:29','2018-12-19 19:58:29'),(13,'MapaDavivienda','2_3,3_3,2_4,3_4,2_7,3_7,2_8,3_8,5_2,5_3,5_4,5_5,5_6,5_7,5_8,6_2,6_3,6_4,6_5,6_6,6_7,6_8,8_8,9_8,9_7,9_6,9_5,9_4,8_6,8_7,11_8,11_7,11_6,11_5,11_4,11_3,11_2,12_2,12_3,12_4,12_5,12_6,12_7,12_8,14_8,15_8,14_7,15_7,14_6,15_6,14_5,15_5,31_2,31_3,31_4,31_5,31_6,31_7,31_8,30_8,30_7,30_6,30_5,30_4,30_3,30_2,28_8,28_7,28_6,27_6,27_7,27_8,27_3,27_2,28_2,28_3,25_8,25_7,24_7,24_8,25_4,25_3,25_2,24_2,24_3,24_4',32,9,86,3,'2018-12-26 02:40:48','2018-12-26 02:40:48'),(14,'MapaABINBEV','5_9,6_9,7_9,8_9,4_5,4_6,5_6,5_5,6_5,6_6,3_5,3_6,4_9,1_4,1_5,11_13,11_12,10_12,10_13,9_12,9_13,8_13,8_12,7_12,7_13,6_13,6_12,5_12,5_13,4_12,4_13,3_9,7_8,8_8,6_8,5_8,4_8,3_8,1_8,1_7',12,14,40,4,'2018-12-26 02:51:12','2018-12-26 02:51:12'),(15,'MapaAvianca','1_4,1_5,1_7,1_8,3_9,3_8,3_6,3_5,4_3,4_2,5_2,7_2,6_2,8_2,9_2,10_2,11_2,5_3,6_3,7_3,8_3,9_3,11_3,10_3,4_5,4_6,7_5,7_6,8_5,8_6,9_6,9_5,10_5,10_6,11_5,11_6',12,9,36,5,'2018-12-26 02:56:56','2018-12-26 02:56:56'),(16,'MapaBFSI','1_2,3_2,4_2,6_2,6_3,6_4,4_3,3_3,6_5',7,5,9,7,'2018-12-26 03:00:17','2018-12-26 03:00:17'),(17,'MapaBRM','2_2,3_2,2_3,3_3,5_2,6_2,5_3,6_3',6,4,8,6,'2018-12-26 03:03:17','2018-12-26 03:03:17'),(18,'MapaTigo','1_8,1_7,1_5,1_4,3_8,3_7,3_6,3_5,3_4,3_3,3_2,4_2,4_3,4_8,4_7,9_8,10_8,10_7,9_7,10_6,9_6,9_5,10_5,9_4,10_4,9_3,10_3,9_2,10_2,7_2,6_2,6_8,7_8,6_7,7_7,6_3,7_3,6_4,7_4',11,9,39,11,'2018-12-26 03:06:57','2018-12-26 03:06:57');
/*!40000 ALTER TABLE `maps` ENABLE KEYS */;
UNLOCK TABLES;

--
-- Table structure for table `projects`
--

DROP TABLE IF EXISTS `projects`;
/*!40101 SET @saved_cs_client     = @@character_set_client */;
/*!40101 SET character_set_client = utf8 */;
CREATE TABLE `projects` (
  `id` bigint(20) NOT NULL AUTO_INCREMENT,
  `name` varchar(255) NOT NULL,
  `status` int(11) NOT NULL DEFAULT '1',
  `tag` varchar(3) NOT NULL,
  `created_at` datetime NOT NULL,
  `updated_at` datetime NOT NULL,
  `colour` varchar(20) DEFAULT NULL,
  PRIMARY KEY (`id`)
) ENGINE=InnoDB AUTO_INCREMENT=12 DEFAULT CHARSET=utf8;
/*!40101 SET character_set_client = @saved_cs_client */;

--
-- Dumping data for table `projects`
--

LOCK TABLES `projects` WRITE;
/*!40000 ALTER TABLE `projects` DISABLE KEYS */;
INSERT INTO `projects` VALUES (1,'Grupo Soporte',1,'GS','2018-12-11 17:33:18','2018-12-11 17:33:18','#c55a11'),(2,'TELCOS',1,'TE','2018-12-11 17:33:18','2018-12-11 17:33:18','#ffd966'),(3,'Davivienda',1,'DA','2018-12-11 17:33:18','2018-12-11 17:33:18','#ffff00'),(4,'ABINBEV',1,'AB','2018-12-11 17:33:18','2018-12-11 17:33:18','#ed7d31'),(5,'AVIANCA',1,'AV','2018-12-11 17:33:18','2018-12-11 17:33:18','#5b9bd5'),(6,'Retail SWON',1,'BR','2018-12-11 17:33:18','2018-12-11 17:33:18','#002060'),(7,'BFSI SWON',1,'BF','2018-12-11 17:33:18','2018-12-11 17:33:18','#7030a0'),(8,'ENTSOL',1,'EN','2018-12-11 17:33:18','2018-12-11 17:33:18','#ffffff'),(9,'SWON CMI',1,'SW','2018-12-11 17:33:18','2018-12-11 17:33:18','#ffffff'),(10,'Compliance SWON',1,'CO','2018-12-11 17:33:18','2018-12-11 17:33:18','#ffffff'),(11,'TIGO',1,'TI','2018-12-11 17:33:18','2018-12-11 17:33:18','#a9d18e');
/*!40000 ALTER TABLE `projects` ENABLE KEYS */;
UNLOCK TABLES;

--
-- Table structure for table `roles`
--

DROP TABLE IF EXISTS `roles`;
/*!40101 SET @saved_cs_client     = @@character_set_client */;
/*!40101 SET character_set_client = utf8 */;
CREATE TABLE `roles` (
  `id` bigint(20) NOT NULL AUTO_INCREMENT,
  `name` varchar(255) DEFAULT NULL,
  `resource_type` varchar(255) DEFAULT NULL,
  `resource_id` bigint(20) DEFAULT NULL,
  `created_at` datetime NOT NULL,
  `updated_at` datetime NOT NULL,
  PRIMARY KEY (`id`),
  KEY `index_roles_on_resource_type_and_resource_id` (`resource_type`,`resource_id`),
  KEY `index_roles_on_name` (`name`),
  KEY `index_roles_on_name_and_resource_type_and_resource_id` (`name`,`resource_type`,`resource_id`)
) ENGINE=InnoDB AUTO_INCREMENT=3 DEFAULT CHARSET=utf8;
/*!40101 SET character_set_client = @saved_cs_client */;

--
-- Dumping data for table `roles`
--

LOCK TABLES `roles` WRITE;
/*!40000 ALTER TABLE `roles` DISABLE KEYS */;
INSERT INTO `roles` VALUES (1,'admin',NULL,NULL,'2018-12-11 17:33:18','2018-12-11 17:33:18'),(2,'employee',NULL,NULL,'2018-12-11 17:33:18','2018-12-11 17:33:18');
/*!40000 ALTER TABLE `roles` ENABLE KEYS */;
UNLOCK TABLES;

--
-- Table structure for table `schema_migrations`
--

DROP TABLE IF EXISTS `schema_migrations`;
/*!40101 SET @saved_cs_client     = @@character_set_client */;
/*!40101 SET character_set_client = utf8 */;
CREATE TABLE `schema_migrations` (
  `version` varchar(255) NOT NULL,
  PRIMARY KEY (`version`)
) ENGINE=InnoDB DEFAULT CHARSET=utf8;
/*!40101 SET character_set_client = @saved_cs_client */;

--
-- Dumping data for table `schema_migrations`
--

LOCK TABLES `schema_migrations` WRITE;
/*!40000 ALTER TABLE `schema_migrations` DISABLE KEYS */;
INSERT INTO `schema_migrations` VALUES ('20181125150022'),('20181205030857'),('20181205035634'),('20181206235806'),('20181207001245'),('20181207005912'),('20181207010426'),('20181207010454'),('20181214214033'),('20181219181228'),('20190117061927'),('20190117071007');
/*!40000 ALTER TABLE `schema_migrations` ENABLE KEYS */;
UNLOCK TABLES;

--
-- Table structure for table `seats`
--

DROP TABLE IF EXISTS `seats`;
/*!40101 SET @saved_cs_client     = @@character_set_client */;
/*!40101 SET character_set_client = utf8 */;
CREATE TABLE `seats` (
  `id` bigint(20) NOT NULL AUTO_INCREMENT,
  `project_id` bigint(20) NOT NULL,
  `code` varchar(10) NOT NULL,
  `status` int(11) NOT NULL DEFAULT '1',
  `assignment_date` date DEFAULT NULL,
  `map_id` bigint(20) NOT NULL,
  `html_id` varchar(255) NOT NULL,
  `fixed` tinyint(1) NOT NULL DEFAULT '0',
  `created_at` datetime NOT NULL,
  `updated_at` datetime NOT NULL,
  PRIMARY KEY (`id`),
  KEY `fk_rails_93e3b7506d` (`project_id`),
  KEY `fk_rails_f35d21dd46` (`map_id`),
  CONSTRAINT `fk_rails_93e3b7506d` FOREIGN KEY (`project_id`) REFERENCES `projects` (`id`),
  CONSTRAINT `fk_rails_f35d21dd46` FOREIGN KEY (`map_id`) REFERENCES `maps` (`id`)
) ENGINE=InnoDB AUTO_INCREMENT=1522 DEFAULT CHARSET=utf8;
/*!40101 SET character_set_client = @saved_cs_client */;

--
-- Dumping data for table `seats`
--

LOCK TABLES `seats` WRITE;
/*!40000 ALTER TABLE `seats` DISABLE KEYS */;
INSERT INTO `seats` VALUES (1131,5,'1',3,'2019-01-17',15,'1_4',1,'2018-12-26 14:33:13','2019-01-17 22:40:06'),(1132,5,'2',3,'2019-01-17',15,'1_5',1,'2018-12-26 14:33:17','2019-01-17 22:40:06'),(1133,5,'3',3,'2019-01-17',15,'1_7',1,'2018-12-26 14:33:23','2019-01-17 22:40:06'),(1134,5,'4',3,'2019-01-17',15,'1_8',1,'2018-12-26 14:33:26','2019-01-17 22:40:06'),(1135,5,'13',3,'2019-01-17',15,'4_2',1,'2018-12-26 14:34:18','2019-01-17 22:40:06'),(1136,5,'14',3,'2019-01-17',15,'5_2',1,'2018-12-26 14:37:24','2019-01-17 22:40:06'),(1137,5,'15',3,'2019-01-17',15,'6_2',1,'2018-12-26 14:37:29','2019-01-17 22:40:06'),(1138,5,'16',3,'2019-01-17',15,'7_2',1,'2018-12-26 14:37:34','2019-01-17 22:40:06'),(1139,5,'17',3,'2019-01-17',15,'8_2',1,'2018-12-26 14:37:38','2019-01-17 22:40:06'),(1140,5,'18',3,'2019-01-17',15,'9_2',1,'2018-12-26 14:37:44','2019-01-17 22:40:06'),(1141,5,'19',3,'2019-01-17',15,'10_2',1,'2018-12-26 14:37:49','2019-01-17 22:40:06'),(1142,5,'20',3,'2019-01-17',15,'11_2',1,'2018-12-26 14:37:53','2019-01-17 22:40:06'),(1143,5,'21',3,'2019-01-17',15,'11_3',1,'2018-12-26 14:38:03','2019-01-17 22:40:06'),(1144,5,'22',3,'2019-01-17',15,'10_3',1,'2018-12-26 14:38:06','2019-01-17 22:40:06'),(1145,5,'23',3,'2019-01-17',15,'9_3',1,'2018-12-26 14:38:10','2019-01-17 22:40:06'),(1146,5,'24',3,'2019-01-17',15,'8_3',1,'2018-12-26 14:38:13','2019-01-17 22:40:06'),(1147,5,'25',3,'2019-01-17',15,'7_3',1,'2018-12-26 14:38:18','2019-01-17 22:40:06'),(1148,5,'26',3,'2019-01-17',15,'6_3',1,'2018-12-26 14:38:21','2019-01-17 22:40:06'),(1149,5,'27',3,'2019-01-17',15,'5_3',1,'2018-12-26 14:38:25','2019-01-17 22:40:06'),(1150,5,'28',3,'2019-01-17',15,'4_3',1,'2018-12-26 14:38:31','2019-01-17 22:40:06'),(1151,5,'29',3,'2019-01-17',15,'3_5',1,'2018-12-26 14:38:37','2019-01-17 22:40:06'),(1152,5,'30',3,'2019-01-17',15,'4_5',1,'2018-12-26 14:38:41','2019-01-17 22:40:06'),(1153,5,'31',1,NULL,15,'7_5',0,'2018-12-26 14:38:46','2018-12-26 14:38:46'),(1154,5,'32',1,NULL,15,'8_5',0,'2018-12-26 14:38:49','2018-12-26 14:38:49'),(1155,5,'33',1,NULL,15,'9_5',0,'2018-12-26 14:38:53','2018-12-26 14:38:53'),(1156,5,'34',1,NULL,15,'10_5',0,'2018-12-26 14:38:56','2018-12-26 14:38:56'),(1157,5,'35',1,NULL,15,'11_5',0,'2018-12-26 14:39:00','2018-12-26 14:39:00'),(1158,5,'42',1,NULL,15,'3_6',0,'2018-12-26 14:39:08','2018-12-26 14:39:08'),(1159,5,'41',1,NULL,15,'4_6',1,'2018-12-26 14:39:12','2019-01-11 19:22:50'),(1160,5,'40',1,NULL,15,'7_6',0,'2018-12-26 14:39:19','2018-12-26 14:39:19'),(1161,5,'39',1,NULL,15,'8_6',0,'2018-12-26 14:39:31','2018-12-26 14:39:31'),(1162,5,'38',1,NULL,15,'9_6',0,'2018-12-26 14:39:38','2018-12-26 14:39:38'),(1163,5,'37',1,NULL,15,'10_6',0,'2018-12-26 14:39:43','2018-12-26 14:39:43'),(1164,5,'36',1,NULL,15,'11_6',0,'2018-12-26 14:39:48','2018-12-26 14:39:48'),(1165,5,'43',1,NULL,15,'3_8',0,'2018-12-26 14:39:53','2018-12-26 14:39:53'),(1166,5,'44',1,NULL,15,'3_9',0,'2018-12-26 14:39:57','2018-12-26 14:39:57'),(1167,4,'5',1,NULL,14,'1_4',0,'2018-12-26 14:40:11','2018-12-26 14:40:11'),(1168,4,'6',1,NULL,14,'1_5',0,'2018-12-26 14:40:15','2018-12-26 14:40:15'),(1169,4,'7',1,NULL,14,'1_7',0,'2018-12-26 14:40:18','2018-12-26 14:40:18'),(1170,4,'8',1,'2019-01-02',14,'1_8',0,'2018-12-26 14:40:25','2019-01-02 20:13:59'),(1171,4,'45',1,NULL,14,'3_5',0,'2018-12-26 14:40:32','2018-12-26 14:40:32'),(1172,4,'46',1,NULL,14,'4_5',0,'2018-12-26 14:40:36','2018-12-26 14:40:36'),(1173,4,'47',1,NULL,14,'5_5',0,'2018-12-26 14:40:42','2018-12-26 14:40:42'),(1174,4,'48',1,NULL,14,'6_5',0,'2018-12-26 14:40:47','2018-12-26 14:40:47'),(1175,4,'52',1,NULL,14,'3_6',0,'2018-12-26 14:40:53','2018-12-26 14:40:53'),(1176,4,'49',1,NULL,14,'6_6',0,'2018-12-26 14:40:56','2018-12-26 14:40:56'),(1177,4,'50',1,NULL,14,'5_6',0,'2018-12-26 14:41:00','2018-12-26 14:41:00'),(1178,4,'51',1,NULL,14,'4_6',0,'2018-12-26 14:41:04','2018-12-26 14:41:04'),(1179,4,'53',1,NULL,14,'3_8',0,'2018-12-26 14:41:14','2018-12-26 14:41:14'),(1180,4,'54',1,'2018-12-26',14,'4_8',0,'2018-12-26 14:41:19','2018-12-26 20:20:26'),(1181,4,'55',1,NULL,14,'5_8',0,'2018-12-26 14:41:22','2018-12-26 14:41:22'),(1182,4,'56',1,NULL,14,'6_8',0,'2018-12-26 14:41:25','2018-12-26 14:41:25'),(1183,4,'57',1,NULL,14,'7_8',0,'2018-12-26 14:41:30','2018-12-26 14:41:30'),(1184,4,'58',1,NULL,14,'8_8',0,'2018-12-26 14:41:34','2018-12-26 14:41:34'),(1185,4,'63',1,NULL,14,'8_9',0,'2018-12-26 14:41:48','2018-12-26 14:41:48'),(1186,4,'64',1,NULL,14,'7_9',0,'2018-12-26 14:41:54','2018-12-26 14:41:54'),(1187,4,'65',1,NULL,14,'6_9',0,'2018-12-26 14:41:57','2018-12-26 14:41:57'),(1188,4,'66',1,NULL,14,'5_9',0,'2018-12-26 14:42:01','2018-12-26 14:42:01'),(1189,4,'67',1,NULL,14,'4_9',0,'2018-12-26 14:42:04','2019-01-02 20:13:44'),(1190,4,'68',1,NULL,14,'3_9',0,'2018-12-26 14:42:09','2018-12-26 14:42:09'),(1191,4,'69',1,NULL,14,'4_12',0,'2018-12-26 14:42:19','2018-12-26 14:42:19'),(1192,4,'70',1,NULL,14,'5_12',0,'2018-12-26 14:42:24','2018-12-26 14:42:24'),(1193,4,'71',1,NULL,14,'6_12',0,'2018-12-26 14:42:30','2018-12-26 14:42:30'),(1194,4,'72',1,NULL,14,'7_12',0,'2018-12-26 14:42:38','2018-12-26 14:42:38'),(1195,4,'73',1,NULL,14,'8_12',0,'2018-12-26 14:42:42','2018-12-26 14:42:42'),(1196,4,'74',1,NULL,14,'9_12',0,'2018-12-26 14:42:46','2018-12-26 14:42:46'),(1197,4,'75',1,NULL,14,'10_12',0,'2018-12-26 14:42:49','2018-12-26 14:42:49'),(1198,4,'76',1,'2019-01-16',14,'11_12',0,'2018-12-26 14:42:52','2019-01-16 17:31:20'),(1199,4,'77',1,NULL,14,'11_13',0,'2018-12-26 14:43:03','2018-12-26 14:43:03'),(1200,4,'78',1,NULL,14,'10_13',0,'2018-12-26 14:43:08','2018-12-26 14:43:08'),(1201,4,'79',1,NULL,14,'9_13',0,'2018-12-26 14:43:11','2018-12-26 14:43:11'),(1202,4,'80',1,NULL,14,'8_13',0,'2018-12-26 14:43:14','2018-12-26 14:43:14'),(1203,4,'81',1,NULL,14,'7_13',0,'2018-12-26 14:43:17','2018-12-26 14:43:17'),(1204,4,'82',1,NULL,14,'6_13',0,'2018-12-26 14:43:21','2018-12-26 14:43:21'),(1205,4,'83',1,NULL,14,'5_13',0,'2018-12-26 14:43:25','2018-12-26 14:43:25'),(1206,4,'84',1,NULL,14,'4_13',0,'2018-12-26 14:43:29','2018-12-26 14:43:29'),(1207,11,'9',3,'2019-01-17',18,'1_4',1,'2018-12-26 14:45:29','2019-01-17 22:40:08'),(1208,11,'10',1,NULL,18,'1_5',0,'2018-12-26 14:45:33','2018-12-26 14:45:33'),(1209,11,'11',1,NULL,18,'1_7',0,'2018-12-26 14:45:35','2018-12-26 14:45:35'),(1210,11,'12',1,NULL,18,'1_8',0,'2018-12-26 14:45:38','2018-12-26 14:45:38'),(1211,11,'85',1,NULL,18,'3_2',0,'2018-12-26 14:45:49','2018-12-26 14:45:49'),(1212,11,'86',1,NULL,18,'3_3',0,'2018-12-26 14:45:53','2018-12-26 14:45:53'),(1213,11,'87',1,NULL,18,'3_4',0,'2018-12-26 14:45:57','2018-12-26 14:45:57'),(1214,11,'88',1,NULL,18,'3_5',0,'2018-12-26 14:45:59','2018-12-26 14:45:59'),(1215,11,'89',1,NULL,18,'3_6',0,'2018-12-26 14:46:02','2018-12-26 14:46:02'),(1216,11,'90',1,NULL,18,'3_7',0,'2018-12-26 14:46:05','2018-12-26 14:46:05'),(1217,11,'91',1,NULL,18,'3_8',0,'2018-12-26 14:46:11','2018-12-26 14:46:11'),(1218,11,'92',1,NULL,18,'4_8',0,'2018-12-26 14:46:28','2018-12-26 14:46:28'),(1219,11,'93',1,NULL,18,'4_7',0,'2018-12-26 14:46:32','2018-12-26 14:46:32'),(1220,11,'94',1,NULL,18,'4_3',0,'2018-12-26 14:46:36','2018-12-26 14:46:36'),(1221,11,'95',1,NULL,18,'4_2',0,'2018-12-26 14:46:40','2018-12-26 14:46:40'),(1222,11,'96',1,NULL,18,'6_2',0,'2018-12-26 14:46:46','2018-12-26 14:46:46'),(1223,11,'105',1,NULL,18,'7_2',0,'2018-12-26 14:46:51','2018-12-26 14:46:51'),(1224,11,'106',1,NULL,18,'9_2',0,'2018-12-26 14:46:59','2018-12-26 14:46:59'),(1225,11,'119',1,NULL,18,'10_2',0,'2018-12-26 14:47:04','2018-12-26 14:47:04'),(1226,11,'97',1,NULL,18,'6_3',0,'2018-12-26 14:47:29','2018-12-26 14:47:29'),(1227,11,'98',1,NULL,18,'6_4',0,'2018-12-26 14:47:33','2018-12-26 14:47:33'),(1228,11,'99',1,NULL,18,'6_7',0,'2018-12-26 14:47:37','2018-12-26 14:47:37'),(1229,11,'100',1,NULL,18,'6_8',0,'2018-12-26 14:47:43','2018-12-26 14:47:43'),(1230,11,'101',1,NULL,18,'7_8',0,'2018-12-26 14:47:47','2018-12-26 14:47:47'),(1231,11,'102',1,NULL,18,'7_7',0,'2018-12-26 14:47:52','2018-12-26 14:47:52'),(1232,11,'103',1,NULL,18,'7_4',0,'2018-12-26 14:47:57','2018-12-26 14:47:57'),(1233,11,'104',1,NULL,18,'7_3',0,'2018-12-26 14:48:02','2018-12-26 14:48:02'),(1234,11,'107',1,NULL,18,'9_3',0,'2018-12-26 14:48:08','2018-12-26 14:48:08'),(1235,11,'108',1,NULL,18,'9_4',0,'2018-12-26 14:48:13','2018-12-26 14:48:13'),(1236,11,'109',1,NULL,18,'9_5',0,'2018-12-26 14:48:17','2018-12-26 14:48:17'),(1237,11,'110',1,NULL,18,'9_6',0,'2018-12-26 14:48:20','2018-12-26 14:48:20'),(1238,11,'111',1,NULL,18,'9_7',0,'2018-12-26 14:48:23','2018-12-26 14:48:23'),(1239,11,'112',1,NULL,18,'9_8',0,'2018-12-26 14:48:26','2018-12-26 14:48:26'),(1240,11,'113',1,NULL,18,'10_8',0,'2018-12-26 14:48:30','2018-12-26 14:48:30'),(1241,11,'114',1,NULL,18,'10_7',0,'2018-12-26 14:48:34','2018-12-26 14:48:34'),(1242,11,'115',1,NULL,18,'10_6',0,'2018-12-26 14:48:37','2018-12-26 14:48:37'),(1243,11,'116',1,NULL,18,'10_5',0,'2018-12-26 14:48:42','2018-12-26 14:48:42'),(1244,11,'117',1,NULL,18,'10_4',0,'2018-12-26 14:48:46','2018-12-26 14:48:46'),(1245,11,'118',1,NULL,18,'10_3',0,'2018-12-26 14:48:51','2018-12-26 14:48:51'),(1246,2,'59',3,'2019-01-17',12,'2_53',0,'2018-12-26 14:57:29','2019-01-17 22:40:07'),(1247,2,'62',3,'2019-01-17',12,'2_54',1,'2018-12-26 14:57:33','2019-01-17 22:40:07'),(1248,2,'60',3,'2019-01-17',12,'3_53',1,'2018-12-26 14:57:38','2019-01-17 22:40:07'),(1249,2,'61',3,'2019-01-17',12,'3_54',0,'2018-12-26 14:57:42','2019-01-17 22:40:07'),(1250,2,'179',3,'2019-01-17',12,'5_43',1,'2018-12-26 14:58:11','2019-01-17 22:40:07'),(1251,2,'178',3,'2019-01-17',12,'6_43',1,'2018-12-26 14:58:17','2019-01-17 22:40:07'),(1252,2,'177',3,'2019-01-17',12,'9_43',1,'2018-12-26 14:58:24','2019-01-17 22:40:07'),(1253,2,'174',3,'2019-01-17',12,'5_44',1,'2018-12-26 14:58:29','2019-01-17 22:40:07'),(1254,2,'175',3,'2019-01-17',12,'6_44',1,'2018-12-26 14:58:36','2019-01-17 22:40:07'),(1255,2,'176',3,'2019-01-17',12,'9_44',1,'2018-12-26 14:58:41','2019-01-17 22:40:07'),(1256,2,'169',3,'2019-01-17',12,'9_46',1,'2018-12-26 14:58:52','2019-01-17 22:40:07'),(1257,2,'170',3,'2019-01-17',12,'8_46',1,'2018-12-26 14:58:57','2019-01-17 22:40:07'),(1258,2,'171',3,'2019-01-17',12,'7_46',1,'2018-12-26 14:59:02','2019-01-17 22:40:07'),(1259,2,'172',3,'2019-01-17',12,'6_46',1,'2018-12-26 14:59:08','2019-01-17 22:40:07'),(1260,2,'173',3,'2019-01-17',12,'5_46',1,'2018-12-26 14:59:13','2019-01-17 22:40:07'),(1261,2,'168',3,'2019-01-17',12,'9_47',1,'2018-12-26 14:59:20','2019-01-17 22:40:07'),(1262,2,'167',3,'2019-01-17',12,'8_47',1,'2018-12-26 14:59:32','2019-01-17 22:40:07'),(1263,2,'166',3,'2019-01-17',12,'7_47',1,'2018-12-26 14:59:39','2019-01-17 22:40:07'),(1264,2,'165',3,'2019-01-17',12,'6_47',1,'2018-12-26 14:59:46','2019-01-17 22:40:07'),(1265,2,'164',3,'2019-01-17',12,'5_47',1,'2018-12-26 14:59:56','2019-01-17 22:40:08'),(1266,2,'156',3,'2019-01-17',12,'5_50',1,'2018-12-26 15:00:06','2019-01-17 22:40:08'),(1267,2,'157',3,'2019-01-17',12,'6_50',1,'2018-12-26 15:00:10','2019-01-17 22:40:08'),(1268,2,'158',3,'2019-01-17',12,'9_50',1,'2018-12-26 15:00:16','2019-01-17 22:40:08'),(1269,2,'159',3,'2019-01-17',12,'10_50',1,'2018-12-26 15:00:22','2019-01-17 22:40:08'),(1270,2,'160',3,'2019-01-17',12,'10_49',1,'2018-12-26 15:00:28','2019-01-17 22:40:08'),(1271,2,'161',3,'2019-01-17',12,'9_49',1,'2018-12-26 15:00:33','2019-01-17 22:40:08'),(1272,2,'162',3,'2019-01-17',12,'6_49',1,'2018-12-26 15:00:39','2019-01-17 22:40:08'),(1273,2,'163',3,'2019-01-17',12,'5_49',1,'2018-12-26 15:00:48','2019-01-17 22:40:08'),(1274,2,'148',3,'2019-01-17',12,'5_53',1,'2018-12-26 15:01:05','2019-01-17 22:40:08'),(1275,2,'149',3,'2019-01-17',12,'6_53',1,'2018-12-26 15:01:09','2019-01-17 22:40:08'),(1276,2,'150',3,'2019-01-17',12,'7_53',1,'2018-12-26 15:01:14','2019-01-17 22:40:08'),(1277,2,'151',3,'2019-01-17',12,'8_53',1,'2018-12-26 15:01:19','2019-01-17 22:40:08'),(1278,2,'152',3,'2019-01-17',12,'8_52',1,'2018-12-26 15:01:24','2019-01-17 22:40:08'),(1279,2,'153',3,'2019-01-17',12,'7_52',1,'2018-12-26 15:01:27','2019-01-17 22:40:08'),(1280,2,'154',3,'2019-01-17',12,'6_52',1,'2018-12-26 15:01:31','2019-01-17 22:40:08'),(1281,2,'155',3,'2019-01-17',12,'5_52',1,'2018-12-26 15:01:35','2019-01-17 22:40:08'),(1282,2,'140',3,'2019-01-17',12,'5_56',1,'2018-12-26 15:01:47','2019-01-17 22:40:08'),(1283,2,'141',3,'2019-01-17',12,'6_56',1,'2018-12-26 15:01:52','2019-01-17 22:40:08'),(1284,2,'142',3,'2019-01-17',12,'7_56',1,'2018-12-26 15:01:58','2019-01-17 22:40:08'),(1285,2,'143',3,'2019-01-17',12,'8_56',1,'2018-12-26 15:02:03','2019-01-17 22:40:08'),(1286,2,'144',3,'2019-01-17',12,'8_55',1,'2018-12-26 15:02:09','2019-01-17 22:40:08'),(1287,2,'145',3,'2019-01-17',12,'7_55',1,'2018-12-26 15:02:16','2019-01-17 22:40:08'),(1288,2,'146',3,'2019-01-17',12,'6_55',1,'2018-12-26 15:02:22','2019-01-17 22:40:08'),(1289,2,'147',3,'2019-01-17',12,'5_55',1,'2018-12-26 15:02:32','2019-01-17 22:40:08'),(1290,2,'128',3,'2019-01-17',12,'5_59',1,'2018-12-26 15:02:45','2019-01-17 22:40:08'),(1291,2,'129',3,'2019-01-17',12,'6_59',1,'2018-12-26 15:02:50','2019-01-17 22:40:08'),(1292,2,'130',3,'2019-01-17',12,'7_59',1,'2018-12-26 15:02:55','2019-01-17 22:40:08'),(1293,2,'131',3,'2019-01-17',12,'8_59',1,'2018-12-26 15:02:59','2019-01-17 22:40:08'),(1294,2,'132',3,'2019-01-17',12,'9_59',1,'2018-12-26 15:03:06','2019-01-17 22:40:08'),(1295,2,'133',3,'2019-01-17',12,'10_59',1,'2018-12-26 15:03:10','2019-01-17 22:40:08'),(1296,2,'134',3,'2019-01-17',12,'10_58',1,'2018-12-26 15:03:17','2019-01-17 22:40:08'),(1297,2,'135',3,'2019-01-17',12,'9_58',1,'2018-12-26 15:03:22','2019-01-17 22:40:08'),(1298,2,'136',3,'2019-01-17',12,'8_58',1,'2018-12-26 15:03:26','2019-01-17 22:40:08'),(1299,2,'137',3,'2019-01-17',12,'7_58',1,'2018-12-26 15:03:30','2019-01-17 22:40:08'),(1300,2,'138',3,'2019-01-17',12,'6_58',1,'2018-12-26 15:03:34','2019-01-17 22:40:08'),(1301,2,'139',3,'2019-01-17',12,'5_58',1,'2018-12-26 15:03:45','2019-01-17 22:40:08'),(1302,2,'127',3,'2019-01-17',12,'5_61',1,'2018-12-26 15:04:13','2019-01-17 22:40:08'),(1303,2,'126',3,'2019-01-17',12,'6_61',1,'2018-12-26 15:04:17','2019-01-17 22:40:08'),(1304,2,'125',3,'2019-01-17',12,'9_61',1,'2018-12-26 15:05:05','2019-01-17 22:40:08'),(1305,2,'124',3,'2019-01-17',12,'10_61',1,'2018-12-26 15:05:12','2019-01-17 22:40:08'),(1306,2,'123',3,'2019-01-17',12,'10_62',1,'2018-12-26 15:05:20','2019-01-17 22:40:08'),(1307,2,'122',3,'2019-01-17',12,'9_62',1,'2018-12-26 15:05:24','2019-01-17 22:40:08'),(1308,2,'121',3,'2019-01-17',12,'6_62',1,'2018-12-26 15:05:29','2019-01-17 22:40:08'),(1309,2,'120',3,'2019-01-17',12,'5_62',1,'2018-12-26 15:05:33','2019-01-17 22:40:08'),(1310,2,'180',3,'2019-01-17',12,'5_41',1,'2018-12-26 15:06:19','2019-01-17 22:40:08'),(1311,2,'181',3,'2019-01-17',12,'6_41',1,'2018-12-26 15:06:23','2019-01-17 22:40:08'),(1312,2,'182',3,'2019-01-17',12,'7_41',1,'2018-12-26 15:06:27','2019-01-17 22:40:08'),(1313,2,'183',3,'2019-01-17',12,'8_41',1,'2018-12-26 15:06:32','2019-01-17 22:40:08'),(1314,2,'184',3,'2019-01-17',12,'8_40',1,'2018-12-26 15:06:39','2019-01-17 22:40:08'),(1315,2,'185',3,'2019-01-17',12,'7_40',1,'2018-12-26 15:06:44','2019-01-17 22:40:08'),(1316,2,'186',3,'2019-01-17',12,'6_40',1,'2018-12-26 15:06:50','2019-01-17 22:40:08'),(1317,2,'187',3,'2019-01-17',12,'5_40',1,'2018-12-26 15:06:54','2019-01-17 22:40:08'),(1318,2,'188',3,'2019-01-17',12,'5_38',1,'2018-12-26 15:06:59','2019-01-17 22:40:08'),(1319,2,'197',3,'2019-01-17',12,'5_37',1,'2018-12-26 15:07:07','2019-01-17 22:40:08'),(1320,2,'198',3,'2019-01-17',12,'5_35',1,'2018-12-26 15:07:15','2019-01-17 22:40:08'),(1321,2,'205',3,'2019-01-17',12,'5_34',1,'2018-12-26 15:07:21','2019-01-17 22:40:08'),(1322,2,'206',3,'2019-01-17',12,'5_32',1,'2018-12-26 15:07:28','2019-01-17 22:40:08'),(1323,2,'211',3,'2019-01-17',12,'5_31',1,'2018-12-26 15:07:35','2019-01-17 22:40:08'),(1324,2,'212',3,'2019-01-17',12,'5_29',1,'2018-12-26 15:07:51','2019-01-17 22:40:08'),(1325,2,'220',3,'2019-01-17',12,'5_28',1,'2018-12-26 15:07:58','2019-01-17 22:40:08'),(1326,2,'221',3,'2019-01-17',12,'5_26',1,'2018-12-26 15:08:02','2019-01-17 22:40:08'),(1327,2,'230',3,'2019-01-17',12,'5_25',1,'2018-12-26 15:08:08','2019-01-17 22:40:08'),(1328,2,'231',3,'2019-01-17',12,'5_23',1,'2018-12-26 15:08:12','2019-01-17 22:40:08'),(1329,2,'236',3,'2019-01-17',12,'5_22',1,'2018-12-26 15:08:18','2019-01-17 22:40:08'),(1330,2,'237',3,'2019-01-17',12,'5_20',1,'2018-12-26 15:08:23','2019-01-17 22:40:08'),(1331,2,'246',3,'2019-01-17',12,'5_19',1,'2018-12-26 15:08:29','2019-01-17 22:40:08'),(1332,2,'247',3,'2019-01-17',12,'5_17',1,'2018-12-26 15:08:34','2019-01-17 22:40:08'),(1333,2,'255',3,'2019-01-17',12,'5_16',1,'2018-12-26 15:08:41','2019-01-17 22:40:08'),(1334,2,'256',3,'2019-01-18',12,'5_14',1,'2018-12-26 15:08:45','2019-01-18 20:39:59'),(1335,2,'261',1,NULL,12,'5_13',0,'2018-12-26 15:08:51','2018-12-26 15:08:51'),(1336,2,'189',1,NULL,12,'6_38',0,'2018-12-26 15:09:00','2018-12-26 15:09:00'),(1337,2,'190',1,NULL,12,'7_38',0,'2018-12-26 15:09:05','2018-12-26 15:09:05'),(1338,2,'191',1,NULL,12,'8_38',0,'2018-12-26 15:09:09','2018-12-26 15:09:09'),(1339,2,'192',1,NULL,12,'9_38',0,'2018-12-26 15:09:13','2018-12-26 15:09:13'),(1340,2,'193',1,NULL,12,'9_37',0,'2018-12-26 15:09:19','2018-12-26 15:09:19'),(1341,2,'194',1,NULL,12,'8_37',0,'2018-12-26 15:09:24','2018-12-26 15:09:24'),(1342,2,'195',1,NULL,12,'7_37',0,'2018-12-26 15:09:27','2018-12-26 15:09:27'),(1343,2,'196',1,NULL,12,'6_37',0,'2018-12-26 15:09:36','2018-12-26 15:09:36'),(1344,2,'199',1,NULL,12,'6_35',0,'2018-12-26 15:09:42','2018-12-26 15:09:42'),(1345,2,'200',1,NULL,12,'7_35',0,'2018-12-26 15:09:46','2018-12-26 15:09:46'),(1346,2,'201',1,NULL,12,'8_35',0,'2018-12-26 15:09:50','2018-12-26 15:09:50'),(1347,2,'202',1,NULL,12,'8_34',0,'2018-12-26 15:09:57','2018-12-26 15:09:57'),(1348,2,'203',1,NULL,12,'7_34',0,'2018-12-26 15:10:02','2018-12-26 15:10:02'),(1349,2,'204',1,NULL,12,'6_34',0,'2018-12-26 15:10:06','2018-12-26 15:10:06'),(1350,2,'207',1,NULL,12,'8_32',0,'2018-12-26 15:10:12','2018-12-26 15:10:12'),(1351,2,'208',1,NULL,12,'9_32',0,'2018-12-26 15:10:16','2018-12-26 15:10:16'),(1352,2,'209',1,NULL,12,'9_31',0,'2018-12-26 15:10:20','2018-12-26 15:10:20'),(1353,2,'210',1,NULL,12,'8_31',0,'2018-12-26 15:10:24','2018-12-26 15:10:24'),(1354,2,'213',1,NULL,12,'6_29',0,'2018-12-26 15:10:28','2018-12-26 15:10:28'),(1355,2,'214',1,NULL,12,'7_29',0,'2018-12-26 15:10:32','2018-12-26 15:10:32'),(1356,2,'215',1,NULL,12,'8_29',0,'2018-12-26 15:10:36','2018-12-26 15:10:36'),(1357,2,'216',1,NULL,12,'9_29',0,'2018-12-26 15:10:40','2018-12-26 15:10:55'),(1358,2,'217',1,NULL,12,'8_28',0,'2018-12-26 15:10:46','2018-12-26 15:10:59'),(1359,2,'218',1,NULL,12,'7_28',0,'2018-12-26 15:11:03','2018-12-26 15:11:03'),(1360,2,'219',1,NULL,12,'6_28',0,'2018-12-26 15:11:07','2018-12-26 15:11:07'),(1361,2,'222',1,NULL,12,'6_26',0,'2018-12-26 15:11:14','2018-12-26 15:11:14'),(1362,2,'223',1,NULL,12,'7_26',0,'2018-12-26 15:11:26','2018-12-26 15:11:26'),(1363,2,'224',1,NULL,12,'8_26',0,'2018-12-26 15:29:17','2018-12-26 15:29:17'),(1364,2,'225',1,NULL,12,'9_26',0,'2018-12-26 15:29:21','2018-12-26 15:29:21'),(1365,2,'226',1,NULL,12,'9_25',0,'2018-12-26 15:29:25','2018-12-26 15:29:25'),(1366,2,'227',1,NULL,12,'8_25',0,'2018-12-26 15:29:29','2018-12-26 15:29:29'),(1367,2,'228',1,NULL,12,'7_25',0,'2018-12-26 15:29:33','2018-12-26 15:29:33'),(1368,2,'229',1,NULL,12,'6_25',0,'2018-12-26 15:29:37','2018-12-26 15:29:37'),(1369,2,'232',1,NULL,12,'6_23',0,'2018-12-26 15:29:43','2018-12-26 15:29:43'),(1370,2,'233',1,NULL,12,'9_23',0,'2018-12-26 15:30:03','2018-12-26 15:30:21'),(1371,2,'234',1,NULL,12,'9_22',0,'2018-12-26 15:30:24','2018-12-26 15:30:24'),(1372,2,'235',1,NULL,12,'6_22',0,'2018-12-26 15:30:28','2018-12-26 15:30:28'),(1373,2,'238',1,NULL,12,'6_20',0,'2018-12-26 15:32:27','2018-12-26 15:32:27'),(1374,2,'239',1,NULL,12,'7_20',0,'2018-12-26 15:32:31','2018-12-26 15:32:31'),(1375,2,'240',1,NULL,12,'8_20',0,'2018-12-26 15:32:35','2018-12-26 15:32:35'),(1376,2,'241',1,NULL,12,'9_20',0,'2018-12-26 15:32:39','2018-12-26 15:32:39'),(1377,2,'242',1,NULL,12,'9_19',0,'2018-12-26 15:32:45','2018-12-26 15:32:45'),(1378,2,'243',1,NULL,12,'8_19',0,'2018-12-26 15:32:49','2018-12-26 15:32:49'),(1379,2,'244',1,NULL,12,'7_19',0,'2018-12-26 15:32:52','2018-12-26 15:32:52'),(1380,2,'245',1,NULL,12,'6_19',0,'2018-12-26 15:32:59','2018-12-26 15:32:59'),(1381,2,'248',1,NULL,12,'6_17',0,'2018-12-26 15:33:04','2018-12-26 15:33:04'),(1382,2,'249',1,NULL,12,'7_17',0,'2018-12-26 15:33:07','2018-12-26 15:33:07'),(1383,2,'250',1,NULL,12,'8_17',0,'2018-12-26 15:33:16','2018-12-26 15:33:16'),(1384,2,'251',1,NULL,12,'9_16',0,'2018-12-26 15:33:22','2018-12-26 15:33:22'),(1385,2,'252',1,NULL,12,'8_16',0,'2018-12-26 15:33:27','2018-12-26 15:33:27'),(1386,2,'253',1,NULL,12,'7_16',0,'2018-12-26 15:33:30','2018-12-26 15:33:30'),(1387,2,'254',1,NULL,12,'6_16',0,'2018-12-26 15:33:34','2018-12-26 15:33:34'),(1388,2,'257',1,NULL,12,'8_14',0,'2018-12-26 15:33:40','2018-12-26 15:33:40'),(1389,2,'258',1,NULL,12,'9_14',0,'2018-12-26 15:33:44','2018-12-26 15:33:44'),(1390,2,'259',1,NULL,12,'9_13',0,'2018-12-26 15:33:48','2018-12-26 15:33:48'),(1391,2,'260',1,NULL,12,'8_13',0,'2018-12-26 15:33:54','2018-12-26 15:33:54'),(1392,2,'277',1,NULL,12,'3_7',0,'2018-12-26 15:34:10','2018-12-26 15:34:10'),(1393,2,'278',1,NULL,12,'3_6',0,'2018-12-26 15:34:15','2018-12-26 15:34:15'),(1394,2,'279',1,NULL,12,'3_5',0,'2018-12-26 15:34:20','2018-12-26 20:28:25'),(1395,2,'280',1,NULL,12,'3_4',0,'2018-12-26 15:34:24','2018-12-26 15:34:24'),(1396,2,'281',1,NULL,12,'3_3',0,'2018-12-26 15:34:28','2018-12-26 15:34:28'),(1397,2,'282',1,NULL,12,'3_2',0,'2018-12-26 15:34:32','2018-12-26 15:34:32'),(1398,2,'283',1,NULL,12,'2_2',0,'2018-12-26 15:34:38','2019-01-18 20:40:26'),(1399,2,'284',1,NULL,12,'2_3',0,'2018-12-26 15:34:43','2018-12-26 20:27:06'),(1400,2,'285',1,NULL,12,'2_4',0,'2018-12-26 15:34:47','2018-12-26 15:34:47'),(1401,2,'286',1,NULL,12,'2_6',0,'2018-12-26 15:34:51','2018-12-26 15:34:51'),(1402,2,'287',1,NULL,12,'2_7',0,'2018-12-26 15:34:56','2018-12-26 15:34:56'),(1403,1,'262',1,NULL,5,'5_3',0,'2018-12-26 15:35:14','2019-01-18 20:40:13'),(1404,1,'263',1,NULL,5,'5_2',0,'2018-12-26 15:35:19','2019-01-14 21:32:20'),(1405,1,'264',1,'2019-01-18',5,'5_1',0,'2018-12-26 15:35:26','2019-01-18 21:29:46'),(1406,1,'265',1,NULL,5,'4_1',0,'2018-12-26 15:35:31','2018-12-26 15:35:31'),(1407,1,'266',1,NULL,5,'4_2',0,'2018-12-26 15:35:36','2019-01-14 21:33:12'),(1408,1,'267',1,NULL,5,'4_3',0,'2018-12-26 15:35:40','2018-12-26 15:35:40'),(1409,1,'268',1,NULL,5,'4_4',0,'2018-12-26 15:35:46','2019-01-11 20:07:27'),(1410,1,'269',1,'2019-01-17',5,'2_6',0,'2018-12-26 15:35:52','2019-01-17 20:27:14'),(1411,1,'270',1,'2019-01-14',5,'2_5',0,'2018-12-26 15:35:57','2019-01-14 19:37:20'),(1412,1,'271',1,'2019-01-11',5,'2_4',0,'2018-12-26 15:36:03','2019-01-11 20:08:07'),(1413,1,'272',1,NULL,5,'2_3',0,'2018-12-26 15:36:10','2018-12-26 15:36:10'),(1414,1,'276',1,NULL,5,'1_6',0,'2018-12-26 15:36:16','2019-01-17 23:23:57'),(1415,1,'275',1,NULL,5,'1_5',0,'2018-12-26 15:36:29','2018-12-26 15:36:29'),(1416,1,'274',1,NULL,5,'1_4',0,'2018-12-26 15:36:33','2018-12-26 15:36:33'),(1417,1,'273',1,NULL,5,'1_3',0,'2018-12-26 15:36:37','2018-12-26 15:36:37'),(1418,3,'288',3,'2019-01-17',13,'31_8',1,'2018-12-26 15:38:20','2019-01-17 22:40:06'),(1419,3,'289',3,'2019-01-17',13,'31_7',1,'2018-12-26 15:38:24','2019-01-17 22:40:06'),(1420,3,'290',3,'2019-01-17',13,'31_6',1,'2018-12-26 15:38:27','2019-01-17 22:40:06'),(1421,3,'291',3,'2019-01-17',13,'31_5',1,'2018-12-26 15:38:31','2019-01-17 22:40:07'),(1422,3,'292',3,'2019-01-17',13,'31_4',1,'2018-12-26 15:38:35','2019-01-17 22:40:07'),(1423,3,'293',3,'2019-01-17',13,'31_3',1,'2018-12-26 15:38:39','2019-01-17 22:40:07'),(1424,3,'294',3,'2019-01-17',13,'31_2',1,'2018-12-26 15:38:45','2019-01-17 22:40:07'),(1425,3,'295',3,'2019-01-17',13,'30_2',1,'2018-12-26 15:38:52','2019-01-17 22:40:07'),(1426,3,'296',3,'2019-01-17',13,'30_3',1,'2018-12-26 15:38:57','2019-01-17 22:40:07'),(1427,3,'297',3,'2019-01-17',13,'30_4',1,'2018-12-26 15:39:02','2019-01-17 22:40:07'),(1428,3,'298',3,'2019-01-17',13,'30_5',1,'2018-12-26 15:39:08','2019-01-17 22:40:07'),(1429,3,'299',3,'2019-01-17',13,'30_6',1,'2018-12-26 15:39:13','2019-01-17 22:40:07'),(1430,3,'300',3,'2019-01-17',13,'30_7',1,'2018-12-26 15:39:16','2019-01-17 22:40:07'),(1431,3,'301',3,'2019-01-17',13,'30_8',1,'2018-12-26 15:39:21','2019-01-17 22:40:07'),(1432,3,'302',3,'2019-01-17',13,'28_8',1,'2018-12-26 15:39:27','2019-01-17 22:40:07'),(1433,3,'311',3,'2019-01-17',13,'27_8',1,'2018-12-26 15:39:32','2019-01-17 22:40:07'),(1434,3,'312',3,'2019-01-17',13,'25_8',1,'2018-12-26 15:39:37','2019-01-17 22:40:07'),(1435,3,'321',3,'2019-01-17',13,'24_8',1,'2018-12-26 15:39:42','2019-01-17 22:40:07'),(1436,3,'320',3,'2019-01-17',13,'24_7',1,'2018-12-26 15:39:50','2019-01-17 22:40:07'),(1437,3,'319',3,'2019-01-17',13,'24_4',1,'2018-12-26 15:39:54','2019-01-17 22:40:07'),(1438,3,'318',3,'2019-01-17',13,'24_3',1,'2018-12-26 15:40:01','2019-01-17 22:40:07'),(1439,3,'317',3,'2019-01-17',13,'24_2',1,'2018-12-26 15:40:06','2019-01-17 22:40:07'),(1440,3,'316',3,'2019-01-17',13,'25_2',1,'2018-12-26 15:40:09','2019-01-17 22:40:07'),(1441,3,'315',3,'2019-01-17',13,'25_3',1,'2018-12-26 15:40:15','2019-01-17 22:40:07'),(1442,3,'314',3,'2019-01-17',13,'25_4',1,'2018-12-26 15:40:24','2019-01-17 22:40:07'),(1443,3,'313',3,'2019-01-17',13,'25_7',1,'2018-12-26 15:40:28','2019-01-17 22:40:07'),(1444,3,'310',3,'2019-01-17',13,'27_7',1,'2018-12-26 15:40:35','2019-01-17 22:40:07'),(1445,3,'309',3,'2019-01-17',13,'27_6',1,'2018-12-26 15:40:39','2019-01-17 22:40:07'),(1446,3,'308',3,'2019-01-17',13,'27_3',1,'2018-12-26 15:40:43','2019-01-17 22:40:07'),(1447,3,'307',3,'2019-01-17',13,'27_2',1,'2018-12-26 15:40:48','2019-01-17 22:40:07'),(1448,3,'306',3,'2019-01-17',13,'28_2',1,'2018-12-26 15:40:51','2019-01-17 22:40:07'),(1449,3,'305',3,'2019-01-17',13,'28_3',1,'2018-12-26 15:40:55','2019-01-17 22:40:07'),(1450,3,'304',3,'2019-01-17',13,'28_6',1,'2018-12-26 15:41:00','2019-01-17 22:40:07'),(1451,3,'303',3,'2019-01-17',13,'28_7',1,'2018-12-26 15:41:04','2019-01-17 22:40:07'),(1452,3,'330',3,'2019-01-17',13,'15_8',1,'2018-12-26 15:41:38','2019-01-17 22:40:07'),(1453,3,'337',3,'2019-01-17',13,'14_8',1,'2018-12-26 15:41:49','2019-01-17 22:40:07'),(1454,3,'338',3,'2019-01-17',13,'12_8',1,'2018-12-26 15:41:55','2019-01-17 22:40:07'),(1455,3,'351',3,'2019-01-17',13,'11_8',1,'2018-12-26 15:42:00','2019-01-17 22:40:07'),(1456,3,'352',3,'2019-01-17',13,'9_8',1,'2018-12-26 15:42:05','2019-01-17 22:40:07'),(1457,3,'359',3,'2019-01-17',13,'8_8',1,'2018-12-26 15:42:12','2019-01-17 22:40:07'),(1458,3,'360',3,'2019-01-17',13,'6_8',1,'2018-12-26 15:42:18','2019-01-17 22:40:07'),(1459,3,'373',3,'2019-01-17',13,'5_8',1,'2018-12-26 15:42:24','2019-01-17 22:40:07'),(1460,3,'374',3,'2019-01-17',13,'3_8',1,'2018-12-26 15:42:31','2019-01-17 22:40:07'),(1461,3,'381',3,'2019-01-17',13,'2_8',1,'2018-12-26 15:42:36','2019-01-17 22:40:07'),(1462,3,'331',3,'2019-01-17',13,'15_7',1,'2018-12-26 15:44:50','2019-01-17 22:40:07'),(1463,3,'332',3,'2019-01-17',13,'15_6',1,'2018-12-26 15:44:53','2019-01-17 22:40:07'),(1464,3,'333',3,'2019-01-17',13,'15_5',1,'2018-12-26 15:44:56','2019-01-17 22:40:07'),(1465,3,'334',3,'2019-01-17',13,'14_5',1,'2018-12-26 15:44:59','2019-01-17 22:40:07'),(1466,3,'335',3,'2019-01-17',13,'14_6',1,'2018-12-26 15:45:05','2019-01-17 22:40:07'),(1467,3,'336',3,'2019-01-17',13,'14_7',1,'2018-12-26 15:45:09','2019-01-17 22:40:07'),(1468,3,'339',3,'2019-01-17',13,'12_7',1,'2018-12-26 15:45:13','2019-01-17 22:40:07'),(1469,3,'340',3,'2019-01-17',13,'12_6',1,'2018-12-26 15:45:18','2019-01-17 22:40:07'),(1470,3,'341',3,'2019-01-17',13,'12_5',1,'2018-12-26 15:45:22','2019-01-17 22:40:07'),(1471,3,'342',3,'2019-01-17',13,'12_4',1,'2018-12-26 15:45:27','2019-01-17 22:40:07'),(1472,3,'343',3,'2019-01-17',13,'12_3',1,'2018-12-26 15:45:31','2019-01-17 22:40:07'),(1473,3,'344',3,'2019-01-17',13,'12_2',1,'2018-12-26 15:45:35','2019-01-17 22:40:07'),(1474,3,'345',3,'2019-01-17',13,'11_2',1,'2018-12-26 15:45:39','2019-01-17 22:40:07'),(1475,3,'346',3,'2019-01-17',13,'11_3',1,'2018-12-26 15:45:46','2019-01-17 22:40:07'),(1476,3,'348',3,'2019-01-17',13,'11_5',1,'2018-12-26 15:45:51','2019-01-17 22:40:07'),(1477,3,'347',3,'2019-01-17',13,'11_4',1,'2018-12-26 15:46:01','2019-01-17 22:40:07'),(1478,3,'349',3,'2019-01-17',13,'11_6',1,'2018-12-26 15:46:09','2019-01-17 22:40:07'),(1479,3,'350',3,'2019-01-17',13,'11_7',1,'2018-12-26 15:46:13','2019-01-17 22:40:07'),(1480,3,'353',1,NULL,13,'9_7',0,'2018-12-26 15:46:18','2018-12-26 15:46:18'),(1481,3,'354',1,NULL,13,'9_6',0,'2018-12-26 15:46:22','2018-12-26 15:46:22'),(1482,3,'355',1,NULL,13,'9_5',0,'2018-12-26 15:46:26','2018-12-26 15:46:26'),(1483,3,'356',1,NULL,13,'9_4',0,'2018-12-26 15:46:30','2018-12-26 15:46:30'),(1484,3,'357',1,NULL,13,'8_6',0,'2018-12-26 15:46:37','2018-12-26 15:46:37'),(1485,3,'358',1,NULL,13,'8_7',0,'2018-12-26 15:46:41','2018-12-26 15:46:41'),(1486,3,'361',1,NULL,13,'6_7',0,'2018-12-26 15:46:46','2018-12-26 15:46:46'),(1487,3,'362',1,NULL,13,'6_6',0,'2018-12-26 15:46:50','2018-12-26 15:46:50'),(1488,3,'363',1,NULL,13,'6_5',0,'2018-12-26 15:46:55','2018-12-26 15:46:55'),(1489,3,'364',1,NULL,13,'6_4',0,'2018-12-26 15:46:59','2018-12-26 15:46:59'),(1490,3,'365',1,NULL,13,'6_3',0,'2018-12-26 15:47:03','2018-12-26 15:47:03'),(1491,3,'366',1,NULL,13,'6_2',0,'2018-12-26 15:47:07','2018-12-26 15:47:07'),(1492,3,'367',1,NULL,13,'5_2',0,'2018-12-26 15:47:12','2018-12-26 15:47:12'),(1493,3,'368',1,NULL,13,'5_3',0,'2018-12-26 15:47:16','2018-12-26 15:47:16'),(1494,3,'369',1,NULL,13,'5_4',0,'2018-12-26 15:47:22','2018-12-26 15:47:22'),(1495,3,'370',1,NULL,13,'5_5',0,'2018-12-26 15:47:26','2018-12-26 15:47:26'),(1496,3,'372',1,NULL,13,'5_7',0,'2018-12-26 15:47:32','2018-12-26 15:47:42'),(1497,3,'371',1,NULL,13,'5_6',0,'2018-12-26 15:47:48','2018-12-26 15:47:48'),(1498,3,'375',1,NULL,13,'3_7',0,'2018-12-26 15:47:55','2018-12-26 15:47:55'),(1499,3,'376',1,NULL,13,'3_4',0,'2018-12-26 15:48:01','2018-12-26 15:48:01'),(1500,3,'377',1,NULL,13,'3_3',0,'2018-12-26 15:48:05','2018-12-26 15:48:05'),(1501,3,'378',1,NULL,13,'2_3',0,'2018-12-26 15:48:10','2018-12-26 15:48:10'),(1502,3,'379',1,NULL,13,'2_4',0,'2018-12-26 15:48:14','2018-12-26 15:48:14'),(1503,3,'380',1,NULL,13,'2_7',0,'2018-12-26 15:48:18','2018-12-26 15:48:18'),(1504,6,'328',1,NULL,17,'2_2',0,'2018-12-26 15:49:21','2018-12-26 15:49:21'),(1505,6,'329',1,NULL,17,'2_3',0,'2018-12-26 15:49:25','2018-12-26 15:49:25'),(1506,6,'327',1,NULL,17,'3_2',0,'2018-12-26 15:49:30','2018-12-26 15:49:30'),(1507,6,'326',1,NULL,17,'3_3',0,'2018-12-26 15:49:36','2018-12-26 15:49:36'),(1508,6,'325',1,NULL,17,'5_3',0,'2018-12-26 15:49:42','2018-12-26 15:49:42'),(1509,6,'322',1,NULL,17,'6_3',0,'2018-12-26 15:49:47','2018-12-26 15:49:47'),(1510,6,'323',1,'2019-01-17',17,'6_2',0,'2018-12-26 15:49:52','2019-01-17 18:08:10'),(1511,6,'324',1,NULL,17,'5_2',0,'2018-12-26 15:49:57','2018-12-26 15:49:57'),(1512,7,'382',1,NULL,16,'1_2',0,'2018-12-26 15:51:18','2018-12-26 15:51:18'),(1513,7,'386',1,NULL,16,'3_2',0,'2018-12-26 15:51:26','2018-12-26 15:51:26'),(1514,7,'387',1,NULL,16,'3_3',0,'2018-12-26 15:51:32','2018-12-26 15:51:32'),(1515,7,'389',1,NULL,16,'4_2',0,'2018-12-26 15:51:39','2018-12-26 15:51:39'),(1516,7,'388',1,NULL,16,'4_3',0,'2018-12-26 15:51:47','2018-12-26 15:51:47'),(1517,7,'390',1,NULL,16,'6_2',0,'2018-12-26 15:51:53','2018-12-26 15:51:53'),(1518,7,'391',1,NULL,16,'6_3',0,'2018-12-26 15:51:58','2018-12-26 15:51:58'),(1519,7,'392',1,NULL,16,'6_4',0,'2018-12-26 15:52:05','2018-12-26 15:52:05'),(1520,7,'393',1,NULL,16,'6_5',0,'2018-12-26 15:52:17','2018-12-26 15:52:17');
/*!40000 ALTER TABLE `seats` ENABLE KEYS */;
UNLOCK TABLES;

--
-- Table structure for table `sessions`
--

DROP TABLE IF EXISTS `sessions`;
/*!40101 SET @saved_cs_client     = @@character_set_client */;
/*!40101 SET character_set_client = utf8 */;
CREATE TABLE `sessions` (
  `id` bigint(20) NOT NULL AUTO_INCREMENT,
  `session_id` varchar(255) NOT NULL,
  `data` text,
  `created_at` datetime NOT NULL,
  `updated_at` datetime NOT NULL,
  PRIMARY KEY (`id`),
  UNIQUE KEY `index_sessions_on_session_id` (`session_id`),
  KEY `index_sessions_on_updated_at` (`updated_at`)
) ENGINE=InnoDB AUTO_INCREMENT=87 DEFAULT CHARSET=utf8;
/*!40101 SET character_set_client = @saved_cs_client */;

--
-- Dumping data for table `sessions`
--

LOCK TABLES `sessions` WRITE;
/*!40000 ALTER TABLE `sessions` DISABLE KEYS */;
INSERT INTO `sessions` VALUES (4,'ed8b7b347fdef6de5fc10b5c0a489086','BAh7BkkiEF9jc3JmX3Rva2VuBjoGRUZJIjFuMldrb2lYbXdaN0lSNXdYUHUr\nSDFJYmNTNFg0QlR2QXVvOU9kMituSjQwPQY7AEY=\n','2019-01-17 13:27:35','2019-01-17 13:27:35'),(7,'75855555d94c2f4bca7b61d36254f276','BAh7BkkiEF9jc3JmX3Rva2VuBjoGRUZJIjFKTFhNTFpiZHJjVS9tWEJqeitD\nWExXVDErb3RrWEhkNzg5Vkxhb3VzUnFRPQY7AEY=\n','2019-01-17 17:49:32','2019-01-17 17:49:32'),(9,'48881d76c8bdecb264b5d0ab8aed6e09','BAh7B0kiE3VzZXJfcmV0dXJuX3RvBjoGRVRJIhAvZ2VuZXJhbG1hcAY7AFRJ\nIgpmbGFzaAY7AFR7B0kiDGRpc2NhcmQGOwBUWwBJIgxmbGFzaGVzBjsAVHsG\nSSIKYWxlcnQGOwBGSSI2WW91IG5lZWQgdG8gc2lnbiBpbiBvciBzaWduIHVw\nIGJlZm9yZSBjb250aW51aW5nLgY7AFQ=\n','2019-01-17 17:50:15','2019-01-17 17:50:15'),(10,'822fe256988e8c6bfc525ef83f7dc9bc','BAh7BkkiEF9jc3JmX3Rva2VuBjoGRUZJIjF0RWh2am5ISFBtN0tyUncrSXd4\nTFZDRStxdzRDNW5HNCtFQVJERU9BcHU0PQY7AEY=\n','2019-01-17 17:50:15','2019-01-17 17:50:15'),(12,'7fc0db48b4c6ec1c76a53283d454cc9d','BAh7BkkiEF9jc3JmX3Rva2VuBjoGRUZJIjFqZ3ZWUmRSTkJRU21sSjMxd1Nt\nUEFVWDFHZkNRR2RWKzQ4MjVKNVBoamd3PQY7AEY=\n','2019-01-17 17:50:56','2019-01-17 17:50:56'),(14,'5f74fcd50177f86a3f3adf4d95b81c12','BAh7B0kiE3VzZXJfcmV0dXJuX3RvBjoGRVRJIhAvZ2VuZXJhbG1hcAY7AFRJ\nIgpmbGFzaAY7AFR7B0kiDGRpc2NhcmQGOwBUWwBJIgxmbGFzaGVzBjsAVHsG\nSSIKYWxlcnQGOwBGSSI2WW91IG5lZWQgdG8gc2lnbiBpbiBvciBzaWduIHVw\nIGJlZm9yZSBjb250aW51aW5nLgY7AFQ=\n','2019-01-17 17:53:40','2019-01-17 17:53:40'),(15,'2ebfc66fa7096ee7949b66a00f799a4e','BAh7BkkiEF9jc3JmX3Rva2VuBjoGRUZJIjFpYWFiNjYrak1VVjFKSDVuNmVX\nK01FdGNEVnFIWGlDS01RRjdsS1I1My9rPQY7AEY=\n','2019-01-17 17:53:40','2019-01-17 17:53:40'),(19,'0c5cfbd9000f1b98b8ca387f5de90b37','BAh7BkkiEF9jc3JmX3Rva2VuBjoGRUZJIjExd2dRWER0bEtMekJiZTRUNjNZ\nS3owRlIxdFEzRnRrWFdCd3RtaGtXc0ZrPQY7AEY=\n','2019-01-17 17:56:38','2019-01-17 17:56:38'),(22,'afb6941049805c60b428a290125ef779','BAh7BkkiEF9jc3JmX3Rva2VuBjoGRUZJIjE4N2xTMWYzc1lvbGtKYmFtdXZK\nWk01dnZLTFBrWEhKWlhRS0d4Tzk3RFZZPQY7AEY=\n','2019-01-17 17:57:28','2019-01-17 17:57:28'),(25,'6bf9f962cb2bb5e399ad8482455d4d31','BAh7BkkiEF9jc3JmX3Rva2VuBjoGRUZJIjFISXN2R01DeWIzcmdXMFVyRVFt\nancvK3FVeXpPSS85R1hqWStNekpaQlFrPQY7AEY=\n','2019-01-17 18:00:39','2019-01-17 18:00:39'),(30,'f516c6bf907d5af4434712d99f6ac997','BAh7BkkiEF9jc3JmX3Rva2VuBjoGRUZJIjF3YU5KWk0xV0YwY0IyZlZ4NUxO\nR0xpTkRoSXNDWDdUMERNWk5OUlBjc3lrPQY7AEY=\n','2019-01-17 18:03:16','2019-01-17 18:03:16'),(32,'dd5ef638a9a7729d4669d8ba179edc1c','BAh7B0kiE3VzZXJfcmV0dXJuX3RvBjoGRVRJIhAvZ2VuZXJhbG1hcAY7AFRJ\nIgpmbGFzaAY7AFR7B0kiDGRpc2NhcmQGOwBUWwBJIgxmbGFzaGVzBjsAVHsG\nSSIKYWxlcnQGOwBGSSI2WW91IG5lZWQgdG8gc2lnbiBpbiBvciBzaWduIHVw\nIGJlZm9yZSBjb250aW51aW5nLgY7AFQ=\n','2019-01-17 18:04:28','2019-01-17 18:04:28'),(33,'1be6a96478b2bc4b354f43298820a575','BAh7BkkiEF9jc3JmX3Rva2VuBjoGRUZJIjFFOFQrbjhBeDJZNGlkYkRwVWlj\nTmttS0g5VjI1WS9oK2k2Q0pMZ1dpOHFjPQY7AEY=\n','2019-01-17 18:04:28','2019-01-17 18:04:28'),(34,'c7c27657ca288bc6df3303d41c4b61b0','BAh7BkkiEF9jc3JmX3Rva2VuBjoGRUZJIjE2MVp6TS9mMGM4d1NIWjNKOXVv\nTklidFVJOFN1UERzU1pEcWxlZWduVUxRPQY7AEY=\n','2019-01-17 18:58:08','2019-01-17 18:58:08'),(35,'1e79e34662e89b24c9860cad0d366201','BAh7BkkiEF9jc3JmX3Rva2VuBjoGRUZJIjFFc0JHVnpFQUZSUWMwKzAzNi9Y\nNW1tRnVDYTY2cUtJbXl2WHA5RktBT0RrPQY7AEY=\n','2019-01-17 18:58:08','2019-01-17 18:58:08'),(47,'889edbff5cc1e59c30285e6bc2c7fd43','BAh7BkkiEF9jc3JmX3Rva2VuBjoGRUZJIjFyTEp6eGtyckNidm9CZ0pJRzU4\neEgzekhXY3Zoc2xJdnZnRUxrWXZyR2hrPQY7AEY=\n','2019-01-17 20:27:21','2019-01-17 20:27:21'),(48,'0ea6218f26498d411c935121cd1a0f91','BAh7BkkiEF9jc3JmX3Rva2VuBjoGRUZJIjFHaEdHemd3UE5yYzkwQXEzRnY1\nT2hWOGw0aksyVmp0QmdFMzRvWWl1cVZNPQY7AEY=\n','2019-01-17 20:28:06','2019-01-17 20:28:06'),(69,'07c0ca4b2046c6af4020ad55b1622790','BAh7CEkiGXdhcmRlbi51c2VyLnVzZXIua2V5BjoGRVRbB1sGaQZJIiIkMmEk\nMTEkSm5vUjlVd0Q4TjNFSHZPU0xlV05KTwY7AFRJIgtsb2NhbGUGOwBGOgdl\nbkkiEF9jc3JmX3Rva2VuBjsARkkiMVdUNUhiZTJCbmFrUk9WWUNJZmx3TGwr\nWTFKR1hoKzk1dFVGRndzbnZPdTQ9BjsARg==\n','2019-01-17 22:17:20','2019-01-17 22:40:09'),(76,'c388754ba9b713d8ba84a15539b0aea0','BAh7BkkiEF9jc3JmX3Rva2VuBjoGRUZJIjFrK2xueXVQL0pUMnlJUHR2Zndq\nTWhDYUhVS0pvOHBxdURySU5FSHYrVnNvPQY7AEY=\n','2019-01-17 23:48:03','2019-01-17 23:48:03'),(78,'056741891f804750beb0791834699048','BAh7CEkiGXdhcmRlbi51c2VyLnVzZXIua2V5BjoGRVRbB1sGaQZJIiIkMmEk\nMTEkSm5vUjlVd0Q4TjNFSHZPU0xlV05KTwY7AFRJIgtsb2NhbGUGOwBGOgdl\nbkkiEF9jc3JmX3Rva2VuBjsARkkiMU9pNytBOW43T3F6Z1pZNDBicWZVT2hL\nbncxWGlicThrYW1sU2NnOHNVUG89BjsARg==\n','2019-01-18 16:49:01','2019-01-18 16:49:01'),(80,'5b461c80812df422dfc39b84bdc25041','BAh7CkkiGXdhcmRlbi51c2VyLnVzZXIua2V5BjoGRVRbB1sGaWZJIiIkMmEk\nMTEkMWp3WmFGbkhzRHJmRklXbjZCWUJTZQY7AFRJIgtsb2NhbGUGOwBGOgdl\nbkkiEGVtcGxveWVlX2lkBjsARmllSSIPcHJvamVjdF9pZAY7AEZpBkkiEF9j\nc3JmX3Rva2VuBjsARkkiMUNyOFl4b2tXQzZsdDRhd1QvK0o3VWdaT2ZZNGhR\nSHBsTlNxT1hjRlpZazg9BjsARg==\n','2019-01-18 21:25:11','2019-01-18 21:26:59'),(86,'3aeae59fb57fc35fffe81446d3861eca','BAh7CkkiGXdhcmRlbi51c2VyLnVzZXIua2V5BjoGRVRbB1sGaWZJIiIkMmEk\nMTEkMWp3WmFGbkhzRHJmRklXbjZCWUJTZQY7AFRJIgtsb2NhbGUGOwBGOgdl\nc0kiEGVtcGxveWVlX2lkBjsARmllSSIPcHJvamVjdF9pZAY7AEZpBkkiEF9j\nc3JmX3Rva2VuBjsARkkiMXk4QTVzTzZoOGxWcFJsTjh2K0xUR2d2cGtFc2s2\nNXdSYmZmNUlReU5kQ3c9BjsARg==\n','2019-01-18 21:29:51','2019-01-18 21:29:51');
/*!40000 ALTER TABLE `sessions` ENABLE KEYS */;
UNLOCK TABLES;

--
-- Table structure for table `users`
--

DROP TABLE IF EXISTS `users`;
/*!40101 SET @saved_cs_client     = @@character_set_client */;
/*!40101 SET character_set_client = utf8 */;
CREATE TABLE `users` (
  `id` bigint(20) NOT NULL AUTO_INCREMENT,
  `employee_number` varchar(255) DEFAULT NULL,
  `password_digest` varchar(255) DEFAULT NULL,
  `created_at` datetime NOT NULL,
  `updated_at` datetime NOT NULL,
  `username` varchar(255) NOT NULL DEFAULT '',
  `encrypted_password` varchar(255) NOT NULL DEFAULT '',
  `reset_password_token` varchar(255) DEFAULT NULL,
  `reset_password_sent_at` datetime DEFAULT NULL,
  `remember_created_at` datetime DEFAULT NULL,
  `sign_in_count` int(11) NOT NULL DEFAULT '0',
  `current_sign_in_at` datetime DEFAULT NULL,
  `last_sign_in_at` datetime DEFAULT NULL,
  `current_sign_in_ip` varchar(255) DEFAULT NULL,
  `last_sign_in_ip` varchar(255) DEFAULT NULL,
  PRIMARY KEY (`id`),
  UNIQUE KEY `index_users_on_username` (`username`),
  UNIQUE KEY `index_users_on_employee_number` (`employee_number`),
  UNIQUE KEY `index_users_on_reset_password_token` (`reset_password_token`)
) ENGINE=InnoDB AUTO_INCREMENT=837 DEFAULT CHARSET=utf8;
/*!40101 SET character_set_client = @saved_cs_client */;

--
-- Dumping data for table `users`
--

LOCK TABLES `users` WRITE;
/*!40000 ALTER TABLE `users` DISABLE KEYS */;
INSERT INTO `users` VALUES (1,NULL,NULL,'2018-12-11 17:33:19','2019-01-18 16:49:01','admin','$2a$11$JnoR9UwD8N3EHvOSLeWNJOMcKbl4BS595fUaroAhxX7oEJPLSXjey',NULL,NULL,NULL,46,'2019-01-18 16:49:01','2019-01-17 23:47:13','10.101.84.88','10.101.84.117'),(2,NULL,NULL,'2018-12-11 17:33:19','2018-12-26 17:16:40','1111111','$2a$11$VqYpmdVHaMQ9OUKJzSTtsOmBwnORmK/doIiHgymXksIPXVAx/EU3m',NULL,NULL,NULL,0,'2018-12-14 22:23:51','2018-12-14 22:21:34','10.101.84.81','10.101.84.81'),(3,NULL,NULL,'2018-12-11 17:33:19','2018-12-26 17:16:40','2222222','$2a$11$PDZQhaVsQZ6zoJ0Lioyv/OmkP1YOhRa3spq4tEkRocMjGJOmPD3M.',NULL,NULL,NULL,0,NULL,NULL,NULL,NULL),(4,NULL,NULL,'2018-12-11 17:33:19','2018-12-26 17:16:40','3333333','$2a$11$PZjMK77nmJiMr/6XxcqPo.kDlQYNTRqwuiKApu.doOeI7JSIcQ/S6',NULL,NULL,NULL,0,NULL,NULL,NULL,NULL),(5,NULL,NULL,'2018-12-11 17:33:19','2018-12-26 17:16:40','4444444','$2a$11$nUQYtxC4XBIhjdbbUnKVnuiR3pcE11S/rSSgHRRXCp1zxqoN2jpPa',NULL,NULL,NULL,0,NULL,NULL,NULL,NULL),(91,NULL,NULL,'2018-12-11 17:46:40','2019-01-14 18:01:27','823773','$2a$11$pW08Rfuhwk/iXEMBEOnPFuj/qz4KoBEANmZztMHz7gti96pd/93Qm',NULL,NULL,NULL,1,'2019-01-14 18:01:26','2019-01-14 18:01:26','10.101.128.96','10.101.128.96'),(92,NULL,NULL,'2018-12-11 17:46:40','2019-01-17 22:14:17','891541','$2a$11$JLHDgmoPUrbOdTFTLwzAJOAwyh833tkLMjIg.brO9kfe9H2hwAMey',NULL,NULL,NULL,2,'2019-01-17 22:14:17','2019-01-17 22:12:59','10.101.128.96','10.101.128.96'),(93,NULL,NULL,'2018-12-11 17:46:40','2018-12-26 17:16:41','1220234','$2a$11$Zu8EZXeNajAB2IknvnUnJehVQVgCfaOubbixBQV0E1HZAW94kn.T.',NULL,NULL,NULL,0,'2018-12-24 16:55:03','2018-12-24 13:59:21','10.101.84.58','10.101.84.58'),(94,NULL,NULL,'2018-12-11 17:46:40','2018-12-26 17:16:41','1563056','$2a$11$eEGF3vdfGAy8r1APvV1luu4bEMCAm1WS6.Rf3mlMso1G4CYGLLj9O',NULL,NULL,NULL,0,NULL,NULL,NULL,NULL),(95,NULL,NULL,'2018-12-11 17:46:40','2018-12-26 17:16:41','1537117','$2a$11$/UXxBYk5CC4X9ej6xp.TzOCjoibe8ilIRfiWxLtTlQyoAE7hLfalS',NULL,NULL,NULL,0,'2018-12-19 20:25:22','2018-12-19 20:03:42','10.101.84.84','10.101.84.84'),(96,NULL,NULL,'2018-12-11 17:47:21','2019-01-12 01:03:08','1048222','$2a$11$9D65Ezmb6ivWTrx5X0Wp3.3nguWWpToupEepoz/qvf0biN7y.2itK',NULL,NULL,NULL,2,'2019-01-12 01:02:33','2019-01-12 01:01:58','10.101.128.38','10.101.128.38'),(97,NULL,NULL,'2018-12-11 17:47:21','2019-01-18 21:29:51','1304238','$2a$11$1jwZaFnHsDrfFIWn6BYBSe1qlvS3PdbVQ.rc6TX5.7Zg5Gy2PD/cq',NULL,NULL,NULL,9,'2019-01-18 21:29:51','2019-01-18 21:29:07','10.101.128.154','10.101.128.154'),(98,NULL,NULL,'2018-12-11 17:47:21','2019-01-17 22:13:47','1384198','$2a$11$psAPtt.Jjxr1gOI2X9lWOOOyzo3qVDmwJTzF4uyv7M8t5jatRX5yq',NULL,NULL,NULL,11,'2019-01-17 22:13:47','2019-01-17 21:13:20','10.101.128.96','10.101.128.96'),(99,NULL,NULL,'2018-12-11 17:47:21','2018-12-26 17:16:42','741605','$2a$11$.jZykt4maFIXD3gVHLnPSOqMjdi30fu52WLe0LXwC/0Gk6wBbaevW',NULL,NULL,NULL,0,NULL,NULL,NULL,NULL),(100,NULL,NULL,'2018-12-11 17:47:21','2019-01-17 20:22:07','1571452','$2a$11$A3KSpugheCEuUFbQKl3xXu6Apq/6/8XSNfdsnGbcDy8iP0ikhOYou',NULL,NULL,NULL,1,'2019-01-17 20:21:53','2019-01-17 20:21:53','10.101.128.54','10.101.128.54'),(101,NULL,NULL,'2018-12-11 17:47:21','2018-12-26 17:16:42','1560763','$2a$11$JbWCS0LkqgUbOGtEhUeRH.Mb90KU5IDI4JD.nkFkzaudZMoq7K/su',NULL,NULL,NULL,0,NULL,NULL,NULL,NULL),(102,NULL,NULL,'2018-12-11 17:47:22','2019-01-11 21:04:46','1562211','$2a$11$mk6AN24MwREJChg4C1P3NutWE/KpiIkPdBvFBhPJcdrLRgPJ/ZI/e',NULL,NULL,NULL,2,'2019-01-11 21:04:46','2018-12-26 20:47:14','10.101.84.253','10.101.155.131'),(103,NULL,NULL,'2018-12-11 17:47:22','2018-12-26 17:16:42','1419749','$2a$11$QKoFwv5jZID6g.nONHK15u6A4hd5ouooI1QNdaBCxlMa7VgLrDUJK',NULL,NULL,NULL,0,NULL,NULL,NULL,NULL),(104,NULL,NULL,'2018-12-11 17:47:22','2018-12-26 17:16:43','858973','$2a$11$tfFc8Z1raHLd7m1zalmuauR5thHpFGVM9WhSP1Qxcowv6Mu/d/yp2',NULL,NULL,NULL,0,'2018-12-19 18:29:17','2018-12-19 18:29:10','10.101.84.84','10.101.84.84'),(105,NULL,NULL,'2018-12-11 17:47:22','2018-12-26 17:16:43','1454083','$2a$11$mYRnQHrXPnhnHjhV2JOzleavTy9wdkix1v7ixLpGYUsrvNj0LD6yu',NULL,NULL,NULL,0,NULL,NULL,NULL,NULL),(106,NULL,NULL,'2018-12-11 17:47:22','2019-01-17 17:50:15','1455711','$2a$11$50L19ZA0iEHsVP02ynmnPuJ10whBO3zq3V7eMwiFbQFqWvRaiyT/y',NULL,NULL,NULL,1,'2019-01-17 17:50:10','2019-01-17 17:50:10','10.101.84.253','10.101.84.253'),(107,NULL,NULL,'2018-12-11 17:47:22','2019-01-17 20:27:00','1460041','$2a$11$3o2GJLFirmAjjR94mPaB/eW6CGplZjAKI/Av1F2gS89qAZSxCjUGK',NULL,NULL,NULL,7,'2019-01-17 20:27:00','2019-01-17 20:26:13','10.101.84.117','10.101.84.117'),(108,NULL,NULL,'2018-12-11 17:47:23','2018-12-26 17:16:43','1560764','$2a$11$kKWtV/QaXeve4991ZqUZwetjY7Zfjh13kmZeIiQbR6kxelKMdwoRm',NULL,NULL,NULL,0,NULL,NULL,NULL,NULL),(109,NULL,NULL,'2018-12-11 17:47:23','2018-12-26 17:16:43','1450706','$2a$11$3ByFwnew0QVOwEl7NyW1U.FFcIlLY4i4WuIuzTApTDi1RJ90lwDE.',NULL,NULL,NULL,0,NULL,NULL,NULL,NULL),(110,NULL,NULL,'2018-12-11 17:47:23','2018-12-26 17:16:43','1436448','$2a$11$87M2KboqSVcmoTmoLc78MO9rhL0gfDa13CEAPfTKHB./g0cxF5qlW',NULL,NULL,NULL,0,NULL,NULL,NULL,NULL),(111,NULL,NULL,'2018-12-13 16:19:42','2018-12-26 20:46:58','1343849','$2a$11$9JScLlVxW83RwcvKx7k.sO.vBy1SszaYBJd45JzegAiT09Sdree1y',NULL,NULL,NULL,7,'2018-12-26 20:46:58','2018-12-26 20:28:17','10.101.155.131','10.101.155.131'),(112,NULL,NULL,'2018-12-13 16:19:42','2018-12-26 17:16:44','1343984','$2a$11$as1a8B3psXLNEoYPXhgJyuwWcBE.RZ/j7nfBF2u8Zhr/BX7xkX6dq',NULL,NULL,NULL,0,NULL,NULL,NULL,NULL),(113,NULL,NULL,'2018-12-13 16:19:42','2019-01-11 19:29:21','1462600','$2a$11$MNlDz0aBoXa2EZOC4cIaC.JQLkSyvGxsqd2rIqDsyCVBxJsZfC33W',NULL,NULL,NULL,2,'2019-01-11 19:29:21','2019-01-11 19:27:04','10.101.128.96','10.101.128.96'),(114,NULL,NULL,'2018-12-13 16:19:42','2018-12-26 17:16:44','1528626','$2a$11$G4wy0uw3AJ0mIwJw63XGvOVEDAAWwYFJkUFxVSIUbBt.TqpaijTHW',NULL,NULL,NULL,0,NULL,NULL,NULL,NULL),(115,NULL,NULL,'2018-12-13 16:19:43','2019-01-14 17:50:21','794526','$2a$11$l0gpDa0wXdSuG5r4qzGqqenrSAEYptmCcVHen3a/DPKuOZuReI7US',NULL,NULL,NULL,1,'2019-01-14 17:50:14','2019-01-14 17:50:14','10.101.128.96','10.101.128.96'),(116,NULL,NULL,'2018-12-13 16:19:43','2019-01-14 19:27:28','1263223','$2a$11$m5nxMi0ewnKU9Geg6xC0DOL9H1DSU4sgAe/jJs9abcir3CWYtEAUS',NULL,NULL,NULL,4,'2019-01-14 19:27:28','2019-01-02 20:14:32','10.101.128.96','10.101.146.21'),(117,NULL,NULL,'2018-12-13 16:19:43','2019-01-14 17:58:09','1452222','$2a$11$zUifDmTQL1o0Q6W5w/bIyuAJb5iv87ZiOn/B1jwCmx3CPttfbcBDi',NULL,NULL,NULL,1,'2019-01-14 17:58:07','2019-01-14 17:58:07','10.101.128.96','10.101.128.96'),(118,NULL,NULL,'2018-12-13 16:19:43','2018-12-26 17:16:45','1434181','$2a$11$/m3viVOOb/unhJNxcJCXIOIxQ/CDF6MAFQKLnXv5XPv2es80g/gci',NULL,NULL,NULL,0,NULL,NULL,NULL,NULL),(129,NULL,NULL,'2018-12-19 20:03:17','2019-01-14 18:06:22','852989','$2a$11$cKmgXq7y7nXfyvzisfngCeaqF8MsJW49qPNHNWD1yJ9zuCMimaRFW',NULL,NULL,NULL,1,'2019-01-14 18:06:21','2019-01-14 18:06:21','10.101.128.96','10.101.128.96'),(130,NULL,NULL,'2018-12-19 20:03:17','2018-12-26 17:16:45','862448','$2a$11$nIKHnHUioBIbj6BTeNn9YuWn7uuC7w/Z0FhQ3qj.ONpll6Gy186PS',NULL,NULL,NULL,0,NULL,NULL,NULL,NULL),(484,NULL,NULL,'2018-12-26 17:06:37','2018-12-26 17:16:45','489034','$2a$11$ybSos5L1/DnQx3.xEtE5jOV9naf1GbadwZ4Kp3I/LSZlOrE1b3m5i',NULL,NULL,NULL,0,NULL,NULL,NULL,NULL),(485,NULL,NULL,'2018-12-26 17:06:37','2018-12-26 17:16:45','1329301','$2a$11$nPby0qh/wqGrZtiHztEf4.N3yrGb2BUH5l14pcpVT9IIGbmLM8S.u',NULL,NULL,NULL,0,NULL,NULL,NULL,NULL),(486,NULL,NULL,'2018-12-26 17:06:37','2018-12-26 20:18:06','469124','$2a$11$6R5ncuaYjDkObLOkS1Kcseqab7t.3T4P.PgKWY7T8rJoAx5nD5x5O',NULL,NULL,NULL,1,'2018-12-26 20:16:58','2018-12-26 20:16:58','10.101.155.131','10.101.155.131'),(487,NULL,NULL,'2018-12-26 17:06:37','2019-01-16 17:28:13','794527','$2a$11$ZjLC2HCk/X6zFBMVxnmXCeKCcCCTNdcgql8ew12SA2MFRwwhdsJRW',NULL,NULL,NULL,1,'2019-01-16 17:28:10','2019-01-16 17:28:10','10.101.128.96','10.101.128.96'),(488,NULL,NULL,'2018-12-26 17:06:37','2018-12-26 17:16:46','806948','$2a$11$ErMvVluJedIbVbVrBDX2/ehkDi9tgatlwTxpCAlStKtdeQKqJfcP6',NULL,NULL,NULL,0,NULL,NULL,NULL,NULL),(489,NULL,NULL,'2018-12-26 17:06:37','2018-12-26 17:16:46','794552','$2a$11$Y0yVw6kxKEYQzWhBWVTi5OeNg5mPq31I1fH4/e3MY.ZMYavhB8V5i',NULL,NULL,NULL,0,NULL,NULL,NULL,NULL),(490,NULL,NULL,'2018-12-26 17:06:38','2018-12-26 17:16:46','1408363','$2a$11$Fy4UToyjfC/cB.5yX/eq3ur5mfmw2nUvtk4AxTLIpgN/9MDqvu0e2',NULL,NULL,NULL,0,NULL,NULL,NULL,NULL),(491,NULL,NULL,'2018-12-26 17:06:38','2018-12-26 17:16:46','687964','$2a$11$9UXvlqaUDpiFbIH2bEtDkuUoSJMTxe7W3gam9uNxIJkZ4kbTCpfw.',NULL,NULL,NULL,0,NULL,NULL,NULL,NULL),(492,NULL,NULL,'2018-12-26 17:06:38','2018-12-26 17:16:46','1314493','$2a$11$9GCK276N3gCIsuacQaBLbeciRsZ9.5Z93VDaEReo.kmNN097EjCTm',NULL,NULL,NULL,0,NULL,NULL,NULL,NULL),(493,NULL,NULL,'2018-12-26 17:06:38','2018-12-26 17:16:47','818510','$2a$11$AAuFGMxF/NRSS5zKNdvp2O/MdL8HrKKGBZ/kVjq2OSjJKyb1/wA6S',NULL,NULL,NULL,0,NULL,NULL,NULL,NULL),(494,NULL,NULL,'2018-12-26 17:06:38','2018-12-26 17:16:47','968368','$2a$11$QqaDtDRXiyZpQM/3nxu28e9PT7IXvxxI.w5fJ/aHRv0a/ZWTI/rWG',NULL,NULL,NULL,0,NULL,NULL,NULL,NULL),(495,NULL,NULL,'2018-12-26 17:06:38','2018-12-26 17:16:47','1460038','$2a$11$yIfFaXP03NZixzeFD3ckYeMP2MuSNwvmMGj4q5jd9wDhSAqfVnfxK',NULL,NULL,NULL,0,NULL,NULL,NULL,NULL),(496,NULL,NULL,'2018-12-26 17:06:39','2019-01-16 17:35:24','855749','$2a$11$7y6vrmqxPgmqyrZZprNZ9ewR64Z1BnHuKXV4s2YfllgpU3oYXPz5u',NULL,NULL,NULL,1,'2019-01-16 17:35:22','2019-01-16 17:35:22','10.101.128.96','10.101.128.96'),(497,NULL,NULL,'2018-12-26 17:06:39','2018-12-26 17:16:47','1562248','$2a$11$W0RFIro0Odj46ERd3LUw7uC6bc8NTvpazPn2PCIVhLuRF8x65VGtq',NULL,NULL,NULL,0,NULL,NULL,NULL,NULL),(498,NULL,NULL,'2018-12-26 17:06:39','2018-12-26 17:16:47','570837','$2a$11$I6hhVcnCUJxT16KTLAQdL.zKL6Jqi/R0RkADR0v0.SmOCYnsE.q36',NULL,NULL,NULL,0,NULL,NULL,NULL,NULL),(499,NULL,NULL,'2018-12-26 17:06:39','2018-12-26 17:16:48','1056073','$2a$11$ql7vKl4j5WiHYLOaTqVJs.73cd.ruUjHJUuLRybo6yzQvgQ1TmqAG',NULL,NULL,NULL,0,NULL,NULL,NULL,NULL),(500,NULL,NULL,'2018-12-26 17:06:39','2018-12-26 17:16:48','834152','$2a$11$6z0AJtVvBXNOnYnBVUncyeJ.mV6rNv8CLGwv8ZOqTKx/hXLXkkRuS',NULL,NULL,NULL,0,NULL,NULL,NULL,NULL),(501,NULL,NULL,'2018-12-26 17:06:39','2018-12-26 17:16:48','1220917','$2a$11$MwgoSluMWl7hHIOnNEHD5uzQGvc0ityOPkhzEfLdec5iS3qv9f9I6',NULL,NULL,NULL,0,NULL,NULL,NULL,NULL),(502,NULL,NULL,'2018-12-26 17:06:40','2018-12-26 17:16:48','823778','$2a$11$7l/MzW7ecwlx8Yw/s1AZy.K2aHUE6shWzapzCjqAl83ivdmycscc6',NULL,NULL,NULL,0,NULL,NULL,NULL,NULL),(503,NULL,NULL,'2018-12-26 17:06:40','2018-12-26 17:16:48','1562244','$2a$11$9I/pF.W5yG87AsDEioeQRuD4AMjzmKVRqrNKKsxj46/69dRhqE68W',NULL,NULL,NULL,0,NULL,NULL,NULL,NULL),(504,NULL,NULL,'2018-12-26 17:06:40','2018-12-26 17:16:48','889797','$2a$11$ILOxapr2vCRzYcTIZnsbTe0Ezb6VebqRQ/Jh6p5qhxNn5FgezrG0K',NULL,NULL,NULL,0,NULL,NULL,NULL,NULL),(505,NULL,NULL,'2018-12-26 17:06:40','2018-12-26 17:16:48','816959','$2a$11$4oJDCI3ZMScYxe.imvjmSuHSglNOcJhVGdBt5bTxh.3sAhVvJ/jNa',NULL,NULL,NULL,0,NULL,NULL,NULL,NULL),(506,NULL,NULL,'2018-12-26 17:06:40','2019-01-17 17:53:40','729059','$2a$11$wwGdQR6tyfaUX9b7CZVsxOi9AOcgNFOKQcH1VkcuveLKShy6JOVuu',NULL,NULL,NULL,1,'2019-01-17 17:53:33','2019-01-17 17:53:33','10.101.84.253','10.101.84.253'),(507,NULL,NULL,'2018-12-26 17:06:40','2018-12-26 17:16:49','591082','$2a$11$3X1EONBwAK1JKK.Qs8XKmu6Ev98QV34.WPjlv3cMli0uZjSe7uO9K',NULL,NULL,NULL,0,NULL,NULL,NULL,NULL),(508,NULL,NULL,'2018-12-26 17:06:41','2018-12-26 17:16:49','739977','$2a$11$l64xjKQSK1qArbrvSSn6hOpw6LzjH9v2xbOq9dESYs3HBJolmyUsS',NULL,NULL,NULL,0,NULL,NULL,NULL,NULL),(509,NULL,NULL,'2018-12-26 17:06:41','2018-12-26 17:16:49','815839','$2a$11$086quVUpRqzzuSdAg1zzmummmJG1isaAT0aza9KXPKUIySxL/8/zW',NULL,NULL,NULL,0,NULL,NULL,NULL,NULL),(510,NULL,NULL,'2018-12-26 17:06:41','2018-12-26 17:16:49','754651','$2a$11$vz5NDv4qEqtgr3EbAcPQB.7RIZqpoHhAgm.2Aju8z2QxyYXoCtbra',NULL,NULL,NULL,0,NULL,NULL,NULL,NULL),(511,NULL,NULL,'2018-12-26 17:06:41','2018-12-26 17:16:49','1260491','$2a$11$UaSBLYShG5PRSHwvvNv3/.vpARw3Ul88XZtnxFncZgrmcIjhWJ4UO',NULL,NULL,NULL,0,NULL,NULL,NULL,NULL),(512,NULL,NULL,'2018-12-26 17:06:41','2018-12-26 17:16:50','151781','$2a$11$I1BbBBiU0XcKSMein90NeO4.c/BO4/vBHOcb3j50pO/przbIKa48a',NULL,NULL,NULL,0,NULL,NULL,NULL,NULL),(513,NULL,NULL,'2018-12-26 17:06:41','2018-12-26 17:16:50','882879','$2a$11$3YJhkqKH/.PXR9F0PKa/EO1rvLvgHAgHnPVdyHilvnat6j/5ZrxXS',NULL,NULL,NULL,0,NULL,NULL,NULL,NULL),(514,NULL,NULL,'2018-12-26 17:06:41','2018-12-26 17:16:50','1460483','$2a$11$ISJboPiyrsAoZNlkhY4tiOFh4i4mxqpIwjYKVx0g/0PWLwGIt9/bq',NULL,NULL,NULL,0,NULL,NULL,NULL,NULL),(515,NULL,NULL,'2018-12-26 17:06:42','2018-12-26 17:16:50','1567462','$2a$11$36v.UtZwq1s/pIfvJGUFrO/420JB0rIX9WvgOOr32aqs9Rz16.OPy',NULL,NULL,NULL,0,NULL,NULL,NULL,NULL),(516,NULL,NULL,'2018-12-26 17:06:42','2018-12-26 17:16:50','1268240','$2a$11$DSYpALZ1.MIBc9KFmO0d1eotzsdcps4u851AG6YIgr6aRcogwr7rW',NULL,NULL,NULL,0,NULL,NULL,NULL,NULL),(517,NULL,NULL,'2018-12-26 17:06:42','2018-12-26 17:16:50','1206853','$2a$11$HO7lPvproz.0t8E8Qg7yBudSxxL6549NBCmRldC03i.T9lw3vV0UK',NULL,NULL,NULL,0,NULL,NULL,NULL,NULL),(518,NULL,NULL,'2018-12-26 17:06:42','2018-12-26 17:16:50','807779','$2a$11$2ixqcNyKDndkfh7aD2zR3uOdBiyTwWwBHS2T3I9O8OlRuxyKnlaKy',NULL,NULL,NULL,0,NULL,NULL,NULL,NULL),(519,NULL,NULL,'2018-12-26 17:06:42','2019-01-14 17:53:33','1571451','$2a$11$ShKvwepL/6jfKqWj4ohE7u4DVZJA0WpS3yUiD9jm0RneZwe7e1Ofe',NULL,NULL,NULL,1,'2019-01-14 17:53:30','2019-01-14 17:53:30','10.101.128.96','10.101.128.96'),(520,NULL,NULL,'2018-12-26 17:06:42','2019-01-16 17:51:31','1565980','$2a$11$uL9JkMJJjDXylw2c/LQb1Oa3cMIrfYyWvLxK5mMRb9bMRhfEPDxAq',NULL,NULL,NULL,1,'2019-01-16 17:51:29','2019-01-16 17:51:29','10.101.128.96','10.101.128.96'),(521,NULL,NULL,'2018-12-26 17:06:43','2018-12-26 17:16:51','1547499','$2a$11$GQQ/Xjt6yRa93UNAgkBLquW6DVgmV1cfh/DjscNjWLZhNTn3vIgSS',NULL,NULL,NULL,0,NULL,NULL,NULL,NULL),(522,NULL,NULL,'2018-12-26 17:06:43','2018-12-26 17:16:51','1460040','$2a$11$A/9Tl75xkSS7QfTuEqo9zeBrZPUW.tHUKtxpXgy5lLwAuvIgeiXo2',NULL,NULL,NULL,0,NULL,NULL,NULL,NULL),(523,NULL,NULL,'2018-12-26 17:06:43','2018-12-26 17:16:51','1584935','$2a$11$8vkOHDLzbn.SVN/mmAGLbuLe5Foqwe2mUHYDy0X9feXUCOvSTImdC',NULL,NULL,NULL,0,NULL,NULL,NULL,NULL),(524,NULL,NULL,'2018-12-26 17:06:43','2018-12-26 17:16:51','1579228','$2a$11$dBldRv8GWkdPMrLeK5PN3uvzg4GehpkqjyBVVfVF1NOc5UxPYvagq',NULL,NULL,NULL,0,NULL,NULL,NULL,NULL),(525,NULL,NULL,'2018-12-26 17:06:43','2018-12-26 17:16:52','1607535','$2a$11$ZBVyYg0WpvLweGuuW6ph2eok1AZWi5x7FcUtQzIZZGb4Td6DfPige',NULL,NULL,NULL,0,NULL,NULL,NULL,NULL),(526,NULL,NULL,'2018-12-26 17:06:43','2018-12-26 17:16:52','1607560','$2a$11$0AL3gKDx0BlY0/2hgkAC0OyNntDX.I2JO3waOsGcvvwu.B8YYui86',NULL,NULL,NULL,0,NULL,NULL,NULL,NULL),(527,NULL,NULL,'2018-12-26 17:06:44','2018-12-26 17:16:52','1607041','$2a$11$AijeGiQD0U033kw/5A/KYerfMcyxK6ACcuV358XZKVlDLYpMrPxmK',NULL,NULL,NULL,0,NULL,NULL,NULL,NULL),(528,NULL,NULL,'2018-12-26 17:06:44','2018-12-26 17:16:52','1457560','$2a$11$T9lVWwUhzakVEEAen4kF2Oz2hqh4W5bI50Nvu4UuWvbPKU6DT2Xq2',NULL,NULL,NULL,0,NULL,NULL,NULL,NULL),(529,NULL,NULL,'2018-12-26 17:06:44','2018-12-26 17:16:52','1457475','$2a$11$Xtoie3rxoqn81Qt6YQfpaOTjtgsPv6ue3JNSNWbij68vmn3AvwKma',NULL,NULL,NULL,0,NULL,NULL,NULL,NULL),(530,NULL,NULL,'2018-12-26 17:06:44','2018-12-26 17:16:52','745616','$2a$11$9IslIq9Zzh.FRFu6e5mbeeWNbpAzTzyMDXSsSfMPhscUxU0aOnfPK',NULL,NULL,NULL,0,NULL,NULL,NULL,NULL),(531,NULL,NULL,'2018-12-26 17:06:44','2018-12-26 17:16:52','1567464','$2a$11$AxbWz196g7k64DLL2wxdze9pcJ/XK9Oe4w0r3Ez3.feXKnDaLuB9e',NULL,NULL,NULL,0,NULL,NULL,NULL,NULL),(532,NULL,NULL,'2018-12-26 17:06:44','2018-12-26 17:16:53','1564950','$2a$11$T5VFuVHaGdvh8FKU0WFJzeDAwaKvRzWFmXXbHzyXWdwYY1qXPNi8C',NULL,NULL,NULL,0,NULL,NULL,NULL,NULL),(533,NULL,NULL,'2018-12-26 17:06:45','2018-12-26 17:16:53','1457493','$2a$11$i.fAmOJ7eL7szzHZXZkc.O0Q62uHwPbEuNWXmbac0zcm48ug381zm',NULL,NULL,NULL,0,NULL,NULL,NULL,NULL),(534,NULL,NULL,'2018-12-26 17:06:45','2018-12-26 17:16:53','1457492','$2a$11$j7OC86JCOzb1uptm6IeLB.ZyAN9tqYXcve/IIQOwhd.tFnvcX1syG',NULL,NULL,NULL,0,NULL,NULL,NULL,NULL),(535,NULL,NULL,'2018-12-26 17:06:45','2018-12-26 17:16:53','1572638','$2a$11$F6KstGEzKorpkgnvcZFKF.Klr1JZo7FyEICjQ4H3nHrmHim5.3hmi',NULL,NULL,NULL,0,NULL,NULL,NULL,NULL),(536,NULL,NULL,'2018-12-26 17:06:45','2018-12-26 17:16:53','1577102','$2a$11$hDgljOVMcBIT5457nbejyunmujuIvoN6AL8yQIYZVskxph6qf4llW',NULL,NULL,NULL,0,NULL,NULL,NULL,NULL),(537,NULL,NULL,'2018-12-26 17:06:45','2018-12-26 17:16:53','1614956','$2a$11$TFuHKSakXvo7LEU9k4s21OfPnEfZhlquSE2oyFnnDHCNgnYfcaVaW',NULL,NULL,NULL,0,NULL,NULL,NULL,NULL),(538,NULL,NULL,'2018-12-26 17:06:45','2018-12-26 17:16:54','1565931','$2a$11$UmImSD4Jux6xYiMqxRPoeukOONHs5Fgjs6Nx5AztXm/Mc/E8OKWKW',NULL,NULL,NULL,0,NULL,NULL,NULL,NULL),(539,NULL,NULL,'2018-12-26 17:06:46','2018-12-26 17:16:54','1461223','$2a$11$wirfgwVVPRcRvrvbDRTl4ehlt3h.UZgVnqaGXCII8xUKldHzDuek.',NULL,NULL,NULL,0,NULL,NULL,NULL,NULL),(540,NULL,NULL,'2018-12-26 17:06:46','2018-12-26 17:16:54','1389483','$2a$11$Xz.F7BqBPq572AXTvaSDlOA3P5M4QvK4ew7soN9J4lnVk2fRZF39K',NULL,NULL,NULL,0,NULL,NULL,NULL,NULL),(541,NULL,NULL,'2018-12-26 17:06:46','2018-12-26 17:16:54','1528627','$2a$11$PmeAWduPlOMSgnVhmOO5kOh9zWsWkPJrx.iza3oQ7.NCWopCSjGBC',NULL,NULL,NULL,0,NULL,NULL,NULL,NULL),(542,NULL,NULL,'2018-12-26 17:06:46','2018-12-26 17:16:54','1528630','$2a$11$oWQjr/Gchjg2g9DSlm5dEecaibYxuWG4ODQyqmP.ctCCMamijMXJG',NULL,NULL,NULL,0,NULL,NULL,NULL,NULL),(543,NULL,NULL,'2018-12-26 17:06:46','2018-12-26 17:16:54','1545829','$2a$11$sKf1k.V7R8a5InhozwevGupTgplCVbzm2t7UBeQuufp0Uh7NzQepC',NULL,NULL,NULL,0,NULL,NULL,NULL,NULL),(544,NULL,NULL,'2018-12-26 17:06:46','2019-01-17 22:11:19','1572810','$2a$11$AIBdm5CRO5xzytBLBzs8suLJycw6aXB9FyDNpqssJdi2KRDg/QN4a',NULL,NULL,NULL,1,'2019-01-17 22:11:18','2019-01-17 22:11:18','10.101.128.96','10.101.128.96'),(545,NULL,NULL,'2018-12-26 17:06:47','2018-12-26 17:16:55','1628021','$2a$11$YsiFLy2Uu0f9x/1vV.eq/uLqPM.V.ssl7qPQOlI3XHAkdZCLSP5fi',NULL,NULL,NULL,0,NULL,NULL,NULL,NULL),(546,NULL,NULL,'2018-12-26 17:06:47','2018-12-26 17:16:55','1577560','$2a$11$6FkI3ZwpkN/hgRp4CI4BneQE7ZOYunWRh0Amt31DPfoxxh5x7Fw3G',NULL,NULL,NULL,0,NULL,NULL,NULL,NULL),(547,NULL,NULL,'2018-12-26 17:06:47','2018-12-26 17:16:55','1528418','$2a$11$rFWjt7VrYBwK9CNma09HFO/kkdgixqx2j2RQWQJgIH2kZX7.LySuu',NULL,NULL,NULL,0,NULL,NULL,NULL,NULL),(548,NULL,NULL,'2018-12-26 17:06:47','2018-12-26 17:16:55','1463391','$2a$11$CtdpkEop0thIF7craFRmlOZLcvmJFsl2.G4jCUEbteR6jQsEg0336',NULL,NULL,NULL,0,NULL,NULL,NULL,NULL),(549,NULL,NULL,'2018-12-26 17:06:47','2018-12-26 17:16:55','1533111','$2a$11$K5Jf0MXUlwBigRT./yNpzeYLU8wC74WAHj0B5MI6h4Tvw7LftWERG',NULL,NULL,NULL,0,NULL,NULL,NULL,NULL),(550,NULL,NULL,'2018-12-26 17:06:47','2018-12-26 17:16:55','1461224','$2a$11$1YZ35ueG7VT0sHdCjLlg0ub37XSEYXSoF1CboALW8BHfblULmMW6.',NULL,NULL,NULL,0,NULL,NULL,NULL,NULL),(551,NULL,NULL,'2018-12-26 17:06:48','2018-12-26 17:16:56','1537095','$2a$11$ydRQrPPECFcEdsRDblKY0OPC6xXBG1nAclyR8W8Sc0tdtylO8Ob0.',NULL,NULL,NULL,0,NULL,NULL,NULL,NULL),(552,NULL,NULL,'2018-12-26 17:06:48','2018-12-26 17:16:56','784186','$2a$11$OR6txMAsvBc0GBc9vackieqjgDTYiDHFUxD1FbBTfkh9rdzkk2kjG',NULL,NULL,NULL,0,NULL,NULL,NULL,NULL),(553,NULL,NULL,'2018-12-26 17:06:48','2019-01-14 17:55:41','326219','$2a$11$E33bfZqJHZp9ajNtU8nwu.3JfP1ksFzpvMSkfB9TNOx7DAi5MsKIi',NULL,NULL,NULL,1,'2019-01-14 17:55:39','2019-01-14 17:55:39','10.101.128.96','10.101.128.96'),(554,NULL,NULL,'2018-12-26 17:06:48','2018-12-26 17:16:56','798983','$2a$11$ZZAid6vLrM8fpHwb.8VEheZYzg3KZ/hUTq2LXlasLYVJv6X8mGLle',NULL,NULL,NULL,0,NULL,NULL,NULL,NULL),(555,NULL,NULL,'2018-12-26 17:06:48','2018-12-26 17:16:56','1521971','$2a$11$3VpkzY.Og03ySC.kFizBc.0HqnBb89CocKtxNg/l25x2aYU6.wtpG',NULL,NULL,NULL,0,NULL,NULL,NULL,NULL),(556,NULL,NULL,'2018-12-26 17:06:48','2018-12-26 17:16:56','794531','$2a$11$4hoRJCxpq.fGK//rO.DG2.Mw8CaGkrxF9v4OEd3nfbbCEqrry8lFK',NULL,NULL,NULL,0,NULL,NULL,NULL,NULL),(557,NULL,NULL,'2018-12-26 17:06:48','2018-12-26 17:16:56','857048','$2a$11$eFrBD89iN8xEzLyUqDDKMO5ZNS.eWAUKuFZcIxi9igrGkOXEvCP22',NULL,NULL,NULL,0,NULL,NULL,NULL,NULL),(558,NULL,NULL,'2018-12-26 17:06:49','2018-12-26 17:16:57','483328','$2a$11$ZJNhQfoS3NYPgCJ3vOKRU./F.YzXEoZJTgIamMZr7vfyPlAvUu6kS',NULL,NULL,NULL,0,NULL,NULL,NULL,NULL),(559,NULL,NULL,'2018-12-26 17:06:49','2018-12-26 17:16:57','814855','$2a$11$DEBSO6pEV1YtCXe6LImQUO9d4HCEOV7qSCVy9leUbk6Nbf4KWZmYu',NULL,NULL,NULL,0,NULL,NULL,NULL,NULL),(560,NULL,NULL,'2018-12-26 17:06:49','2018-12-26 17:16:57','1220989','$2a$11$B9KCZcXLQfL5j/AjYw8L3eaxiPpu38LIAzb9aymk3W0xkT1x6G.WG',NULL,NULL,NULL,0,NULL,NULL,NULL,NULL),(561,NULL,NULL,'2018-12-26 17:06:49','2019-01-14 21:53:49','687577','$2a$11$k7JXLCLw9AmHlr.68OKoluBqcurYeRRB5DZFRep3xOE9yoHG0bc/.',NULL,NULL,NULL,2,'2019-01-14 21:53:49','2019-01-14 17:56:56','10.101.128.96','10.101.128.96'),(562,NULL,NULL,'2018-12-26 17:06:49','2018-12-26 17:16:57','540419','$2a$11$3bOWAC1868Sn4/BiCcKPFuoaCi.Sz7my8pkJUGq3JBPXVuKV3DBjy',NULL,NULL,NULL,0,NULL,NULL,NULL,NULL),(563,NULL,NULL,'2018-12-26 17:06:49','2018-12-26 17:16:57','1398396','$2a$11$qkZP035ObAgJ9kxlX7rJse2revn.Rl7xMhchn6zDSiuFfNXbgKuHG',NULL,NULL,NULL,0,NULL,NULL,NULL,NULL),(564,NULL,NULL,'2018-12-26 17:06:50','2018-12-26 17:16:58','1582652','$2a$11$J2QylWtFCfXcZ3MtaoyKmOfHXwyZId7T4nKTuDBbdDhFETAH161gu',NULL,NULL,NULL,0,NULL,NULL,NULL,NULL),(565,NULL,NULL,'2018-12-26 17:06:50','2019-01-17 18:04:28','860126','$2a$11$N4bWfLoKiUhCzlkSOxrau.m6JQliXk9syjrU.InTkV1mxUokrNK9e',NULL,NULL,NULL,1,'2019-01-17 18:03:45','2019-01-17 18:03:45','10.101.84.253','10.101.84.253'),(566,NULL,NULL,'2018-12-26 17:06:50','2018-12-26 17:16:58','1456371','$2a$11$tf8oqURAs8M.KiogmPJVmuNYFzc5CBTBaVQ66Ild/.3uxMZTHDxze',NULL,NULL,NULL,0,NULL,NULL,NULL,NULL),(567,NULL,NULL,'2018-12-26 17:06:50','2018-12-26 17:16:58','1562242','$2a$11$BGkjvkUxCRWRhdEM4ciAeuuA0KBmsnH.5FXradQ38thVWoN8fTRw6',NULL,NULL,NULL,0,NULL,NULL,NULL,NULL),(568,NULL,NULL,'2018-12-26 17:06:50','2018-12-26 17:16:58','768996','$2a$11$cLgb9MzeHj0IW4i0nXR2z.Fe4aztW1CRmg1fEbEILVNK6kdNFqwVS',NULL,NULL,NULL,0,NULL,NULL,NULL,NULL),(569,NULL,NULL,'2018-12-26 17:06:50','2018-12-26 17:16:58','1460520','$2a$11$L9JqAlA6vIcEOxT5R6OV.O.2gUbgouGns88c4MU54wcA0HzlZSwaC',NULL,NULL,NULL,0,NULL,NULL,NULL,NULL),(570,NULL,NULL,'2018-12-26 17:06:51','2018-12-26 17:16:58','717137','$2a$11$MGS106KVY2/W5Ut0zuY4.ebl36pct5EL9/OQL7Oz35YJeKs9S8IT2',NULL,NULL,NULL,0,NULL,NULL,NULL,NULL),(571,NULL,NULL,'2018-12-26 17:06:51','2018-12-26 17:16:59','1386661','$2a$11$fZ/DCl9QRTD4abz2fQCxBeb2jRK9800WF8z6kov8yVk/WTM6hLsum',NULL,NULL,NULL,0,NULL,NULL,NULL,NULL),(572,NULL,NULL,'2018-12-26 17:06:51','2018-12-26 17:16:59','1065189','$2a$11$AUAdR/I8QYfxyj1R.O3IAeOK8UsHJ9ih8pm7jCDIUI.es.1b6Gap.',NULL,NULL,NULL,0,NULL,NULL,NULL,NULL),(573,NULL,NULL,'2018-12-26 17:06:51','2018-12-26 17:16:59','823781','$2a$11$qWrIs4Yhy6jRi6m5qLiMZes1GbEAViCBYwR1nFIHkxROvbOKiLmYu',NULL,NULL,NULL,0,NULL,NULL,NULL,NULL),(574,NULL,NULL,'2018-12-26 17:06:51','2018-12-26 17:16:59','1263222','$2a$11$UxWiCctsIRynEoSe0NLWl.lnLHP9KpVTt5pmdPaN4EOJttGxAXe7e',NULL,NULL,NULL,0,NULL,NULL,NULL,NULL),(575,NULL,NULL,'2018-12-26 17:06:51','2018-12-26 17:16:59','779300','$2a$11$TEl2pDjbX2JkWYkAADH9jeZUlL5tTXI5RCG8T9M8E/78dsZLWygCK',NULL,NULL,NULL,0,NULL,NULL,NULL,NULL),(576,NULL,NULL,'2018-12-26 17:06:52','2018-12-26 17:16:59','792313','$2a$11$hU4ghqhuVMz7DzkfJmRKGO/OoJYVpy/DImmsTlW8597054.2SzIQq',NULL,NULL,NULL,0,NULL,NULL,NULL,NULL),(577,NULL,NULL,'2018-12-26 17:06:52','2018-12-26 17:17:00','815548','$2a$11$UKo1V.fRd//elFh.1qFz8OsKWistb0f4EoV2xNdo2GYqoh.kys8Fq',NULL,NULL,NULL,0,NULL,NULL,NULL,NULL),(578,NULL,NULL,'2018-12-26 17:06:52','2018-12-26 17:17:00','908039','$2a$11$SfMmMS4gHuU4sDrHBed/j.buntb2xHESf6yW0.vxy1.byCNoSv2Rq',NULL,NULL,NULL,0,NULL,NULL,NULL,NULL),(579,NULL,NULL,'2018-12-26 17:06:52','2018-12-26 17:17:00','1224626','$2a$11$zRw/S9XiUSxSRplRCox0Zeet/w1c8c/4IQH4evQjKQQOPZRpE5kNa',NULL,NULL,NULL,0,NULL,NULL,NULL,NULL),(580,NULL,NULL,'2018-12-26 17:06:52','2018-12-26 17:17:00','1226255','$2a$11$4d9mlHMaVTR/JbGgQ7SB0OJ1Ntz6Gsp.JWqLZAquA2lPUfY/gefbC',NULL,NULL,NULL,0,NULL,NULL,NULL,NULL),(581,NULL,NULL,'2018-12-26 17:06:52','2018-12-26 17:17:00','1247142','$2a$11$OfKutzJ4bgYXIL3RjVYFDusn6g6EFiU7oG2Y6HQ86ob6fq1yq4FBq',NULL,NULL,NULL,0,NULL,NULL,NULL,NULL),(582,NULL,NULL,'2018-12-26 17:06:53','2018-12-26 17:17:00','1301547','$2a$11$6BzUdPhSIb6Z9SHzvB2hCO1dLV.R/y6Rn1gE6.Mhamnv17lnUa8wu',NULL,NULL,NULL,0,NULL,NULL,NULL,NULL),(583,NULL,NULL,'2018-12-26 17:06:53','2018-12-26 17:17:00','1315286','$2a$11$5d1Bt9m6ie.weWE8DW6FQepieCyxFUjOYEPXRIN.3dCKq4uatZRoa',NULL,NULL,NULL,0,NULL,NULL,NULL,NULL),(584,NULL,NULL,'2018-12-26 17:06:53','2018-12-26 17:17:01','1321945','$2a$11$AvfOqfYdr71RfahaQHbE0eWA1TZxiVZlN/MIHGnf9ijIJoLesWm1.',NULL,NULL,NULL,0,NULL,NULL,NULL,NULL),(585,NULL,NULL,'2018-12-26 17:06:53','2018-12-26 17:17:01','1392312','$2a$11$/4ibZ76nb/FPurcdX.ZCs.F2Ig7B73PXhrYYNLPjKVnMuXeyvnbj2',NULL,NULL,NULL,0,NULL,NULL,NULL,NULL),(586,NULL,NULL,'2018-12-26 17:06:53','2018-12-26 17:17:01','1412230','$2a$11$LgPaj.Jjxk7VldLXvDbowu.r73hURvc005SGhpDcAzWgKVocl1Xw6',NULL,NULL,NULL,0,NULL,NULL,NULL,NULL),(587,NULL,NULL,'2018-12-26 17:06:53','2018-12-26 17:17:01','1414210','$2a$11$So1BCG4Yi3/4H6ya3jQH4.uRwi87gABJPLdkZVMqigtFJMBiwt72C',NULL,NULL,NULL,0,NULL,NULL,NULL,NULL),(588,NULL,NULL,'2018-12-26 17:06:54','2018-12-26 17:17:01','1419185','$2a$11$iSG/SM6M1FXb.NJEwFT2wO86pR7llynrmSpT7JRsH6P6eu/vUDbbS',NULL,NULL,NULL,0,NULL,NULL,NULL,NULL),(589,NULL,NULL,'2018-12-26 17:06:54','2018-12-26 17:17:01','1419187','$2a$11$oe7HoDCsQ084YFX2fvb5eeQI7.0PJIk96BcaWiJSg0j1KlFe2jNdK',NULL,NULL,NULL,0,NULL,NULL,NULL,NULL),(590,NULL,NULL,'2018-12-26 17:06:54','2018-12-26 17:17:02','1419188','$2a$11$Qi/cDMIVavkf0XSgb/E0Ies.dXNRAglnZ.EXnJAMtF5WI..zjB9jy',NULL,NULL,NULL,0,NULL,NULL,NULL,NULL),(591,NULL,NULL,'2018-12-26 17:06:54','2018-12-26 17:17:02','1419198','$2a$11$yK8WYR/vhltAdSkxObEKFO.aqkc5DMULXAboOHdZNKopjwMW24ZlG',NULL,NULL,NULL,0,NULL,NULL,NULL,NULL),(592,NULL,NULL,'2018-12-26 17:06:54','2018-12-26 17:17:02','1419202','$2a$11$biisAp3OvAedaDbwkXYSOeXe23iCZrQ0AbqqQ9Xu6D7RQpODEeaZu',NULL,NULL,NULL,0,NULL,NULL,NULL,NULL),(593,NULL,NULL,'2018-12-26 17:06:54','2018-12-26 17:17:02','1428836','$2a$11$yM3iJ7rWX1imgyZmpJ6uN.7XtI9Uw51MHYIsaphC6mU3RM9nhgcNC',NULL,NULL,NULL,0,NULL,NULL,NULL,NULL),(594,NULL,NULL,'2018-12-26 17:06:55','2018-12-26 17:17:02','1452212','$2a$11$8sQoTbE8/AKYPujM/49C6ubSaB/P3T4LjYvLUMf0n9MPbq6NfA5z2',NULL,NULL,NULL,0,NULL,NULL,NULL,NULL),(595,NULL,NULL,'2018-12-26 17:06:55','2018-12-26 17:17:02','1457470','$2a$11$zdjkga5D.1/17E7QdtybkOnpu0ijIuFzCSh29lj9JjfK0IINTIj4S',NULL,NULL,NULL,0,NULL,NULL,NULL,NULL),(596,NULL,NULL,'2018-12-26 17:06:55','2018-12-26 17:17:02','1457474','$2a$11$WMjil1ZwGguADwvAxDCXc.UOP48UQy0YlYVy0ct5/Un/NzdLK2HJa',NULL,NULL,NULL,0,NULL,NULL,NULL,NULL),(597,NULL,NULL,'2018-12-26 17:06:55','2018-12-26 17:17:03','1457554','$2a$11$n0NT3ZKaKYJT5.vLQkWJouEXnew6OtuL9vYQnaiOCorYPfMMnHSUK',NULL,NULL,NULL,0,NULL,NULL,NULL,NULL),(598,NULL,NULL,'2018-12-26 17:06:55','2018-12-26 17:17:03','1463090','$2a$11$yUqOOAGKsGneFFm20q/9O.S36dU3fhbwhTLsRq4Ht5fzye6IyZgzu',NULL,NULL,NULL,0,NULL,NULL,NULL,NULL),(599,NULL,NULL,'2018-12-26 17:06:55','2018-12-26 17:17:03','1464347','$2a$11$qEdQpJmsDz97f6hI8G4LweP6XOaF/k6qyW5VgVHEmNzg67bY1TXZC',NULL,NULL,NULL,0,NULL,NULL,NULL,NULL),(600,NULL,NULL,'2018-12-26 17:06:56','2018-12-26 17:17:03','1523788','$2a$11$mL0eDyVz3TGVdnWvwpRRYOIuelZBAyb7tTOiKyU0WwLJmsv608VhC',NULL,NULL,NULL,0,NULL,NULL,NULL,NULL),(601,NULL,NULL,'2018-12-26 17:06:56','2018-12-26 17:17:03','1553346','$2a$11$KBxIkmp9KHssbl8HgtlIaOVBprIWKaB.Z.PLnrBepmyTVmcoeCkQO',NULL,NULL,NULL,0,NULL,NULL,NULL,NULL),(602,NULL,NULL,'2018-12-26 17:06:56','2018-12-26 17:17:03','1555404','$2a$11$qN0SIjxup9Eno6Qq5vHdG.WlF7WLqtG.rH6ibCnqJ8yMv2wIRud2y',NULL,NULL,NULL,0,NULL,NULL,NULL,NULL),(603,NULL,NULL,'2018-12-26 17:06:56','2018-12-26 17:17:04','1599744','$2a$11$.LnPFDj8cR9aruj60z5zsusBKLtFGHlK90.kpHC1eBWX6TQ4j0nNa',NULL,NULL,NULL,0,NULL,NULL,NULL,NULL),(604,NULL,NULL,'2018-12-26 17:06:56','2018-12-26 17:17:04','1591910','$2a$11$jOtNqV97f4LdkfYfZDjiUeEB95.c6LkgKi0EHPbPUs9HxLNvIwSUy',NULL,NULL,NULL,0,NULL,NULL,NULL,NULL),(605,NULL,NULL,'2018-12-26 17:06:56','2018-12-26 17:17:04','1618533','$2a$11$/BteVt/F0m0lgMzqrRxSQ.HSk.gv4NkZhdKU9LOxTk6kLCbKozAte',NULL,NULL,NULL,0,NULL,NULL,NULL,NULL),(606,NULL,NULL,'2018-12-26 17:06:57','2018-12-26 17:17:04','1619697','$2a$11$VIJJRJdqDQwanq.f0tH8UerzOCNL6CUywWRZy2/A5C8NWMqTDWerK',NULL,NULL,NULL,0,NULL,NULL,NULL,NULL),(607,NULL,NULL,'2018-12-26 17:06:57','2018-12-26 17:17:04','1419184','$2a$11$W.lXFSi0enDtjbFu0XjX6u3elSZLaO2Vm6DHtlDIBe4vYZVDRl/wu',NULL,NULL,NULL,0,NULL,NULL,NULL,NULL),(608,NULL,NULL,'2018-12-26 17:06:57','2018-12-26 17:17:04','1419194','$2a$11$Yct4BDq2hePuuXfImQlNs.UM18GYhj0t5IXeSEQDX1R1CRH6zBg8e',NULL,NULL,NULL,0,NULL,NULL,NULL,NULL),(609,NULL,NULL,'2018-12-26 17:06:57','2018-12-26 17:17:04','799784','$2a$11$P76gE.A2tT9Lv0CWB9jQn.Q/d0eLWDQI5dXdROhy6/odhUyXRV.fa',NULL,NULL,NULL,0,NULL,NULL,NULL,NULL),(610,NULL,NULL,'2018-12-26 17:06:57','2018-12-26 17:17:05','977104','$2a$11$/w3Favgq.P1DyP1rKTx9XO8hGmrnvabFDazAQpXTmmIgAF8k2CQM.',NULL,NULL,NULL,0,NULL,NULL,NULL,NULL),(611,NULL,NULL,'2018-12-26 17:06:57','2018-12-26 17:17:05','1374631','$2a$11$tSvjrSSDeMAE6xyqy7FUyOmCWgVi.H.kfYpGXG12KP6HG6umuW.AC',NULL,NULL,NULL,0,NULL,NULL,NULL,NULL),(612,NULL,NULL,'2018-12-26 17:06:58','2018-12-26 17:17:05','1412237','$2a$11$mwUm/5GT/MLYExJX.wVouO9DFzyREdN3O5ygL1CUpP3ftnoLRTe8S',NULL,NULL,NULL,0,NULL,NULL,NULL,NULL),(613,NULL,NULL,'2018-12-26 17:06:58','2018-12-26 17:17:05','1425168','$2a$11$X2ZlNWO9XkB5d60yrMCMFu4gud8l3WO/5o2UuJD5FkoyKsBEGxVJ.',NULL,NULL,NULL,0,NULL,NULL,NULL,NULL),(614,NULL,NULL,'2018-12-26 17:06:58','2018-12-26 17:17:05','1421533','$2a$11$8rSY8h2Ym/wTqqaywRZe/utckdvET4GZCTRs4Mm45MjZuvxvINGsG',NULL,NULL,NULL,0,NULL,NULL,NULL,NULL),(615,NULL,NULL,'2018-12-26 17:06:58','2018-12-26 17:17:05','1099510','$2a$11$sIFDa/zPowOY.pXyl159ue1g8u8ELbABSls5pwKpoAur5r8Q9Qm8C',NULL,NULL,NULL,0,NULL,NULL,NULL,NULL),(616,NULL,NULL,'2018-12-26 17:06:58','2018-12-26 17:17:06','1454408','$2a$11$E8TqCaRQFFq.V6/zkMjv8eWviry3dmVE76MckwVZF4GRnNUt6vp2e',NULL,NULL,NULL,0,NULL,NULL,NULL,NULL),(617,NULL,NULL,'2018-12-26 17:06:58','2018-12-26 17:17:06','1340400','$2a$11$68fkf0PPQQVpywfT2NK7..sg.RqqbRqgsGW.Hd//HFTUf86wZLnF6',NULL,NULL,NULL,0,NULL,NULL,NULL,NULL),(618,NULL,NULL,'2018-12-26 17:06:59','2018-12-26 17:17:06','806512','$2a$11$EhigUOEKrEUyM.6CqgYbgujKtsdayL6Ccl0cB.mkEQ2gStBOgO0Ue',NULL,NULL,NULL,0,NULL,NULL,NULL,NULL),(619,NULL,NULL,'2018-12-26 17:06:59','2018-12-26 17:17:06','1457452','$2a$11$f94GOv88DnkUFHCzAHLGFOODiKmg8iCBnuzvj9nxk/pbN5ptV4PSG',NULL,NULL,NULL,0,NULL,NULL,NULL,NULL),(620,NULL,NULL,'2018-12-26 17:06:59','2018-12-26 17:17:06','1463021','$2a$11$.L72Cgx7M6qFGv9e8L0LAukcx/xZQACx3rjyHXd1Ri.GifkFKIYoq',NULL,NULL,NULL,0,NULL,NULL,NULL,NULL),(621,NULL,NULL,'2018-12-26 17:06:59','2018-12-26 17:17:06','1463026','$2a$11$HxI22ZFV4mS8CnKu6axcTeBHrMXMuu/bJ6a4LnXsTlY735U6Y9Obu',NULL,NULL,NULL,0,NULL,NULL,NULL,NULL),(622,NULL,NULL,'2018-12-26 17:06:59','2018-12-26 17:17:06','1460466','$2a$11$oYhed1LxBVUKgUNweXDDq.pvzRLg82unM2CpiNktbuzYhR6TXsxIS',NULL,NULL,NULL,0,NULL,NULL,NULL,NULL),(623,NULL,NULL,'2018-12-26 17:06:59','2018-12-26 17:17:07','1404156','$2a$11$kavoqUljDCRMnQZmG2YjHeStQLHEPWeKvYHac8mC9ELk3nxaIqi8K',NULL,NULL,NULL,0,NULL,NULL,NULL,NULL),(624,NULL,NULL,'2018-12-26 17:07:00','2018-12-26 17:17:07','799756','$2a$11$OVxjw8DwJGTaT1MKYcMyJ.7ANHVOpWkOI6ghz8hP/n0aSqEBS70sO',NULL,NULL,NULL,0,NULL,NULL,NULL,NULL),(625,NULL,NULL,'2018-12-26 17:07:00','2018-12-26 17:17:07','366395','$2a$11$b.GyoBDCcBcJm2NpXJ.eEurA10lnFPcooJfFNWE1LQbT55qCEpBXi',NULL,NULL,NULL,0,NULL,NULL,NULL,NULL),(626,NULL,NULL,'2018-12-26 17:07:00','2018-12-26 17:17:07','1301548','$2a$11$M4ias9YsVC07xnVEmMHbyuvH2cC55Y.3zmBb8E.9oeO6MINI2FoOm',NULL,NULL,NULL,0,NULL,NULL,NULL,NULL),(627,NULL,NULL,'2018-12-26 17:07:00','2018-12-26 17:17:07','397713','$2a$11$Y0PEzkEcfS/4TM/G8ImtMeZP3AD7zpdIcQOq7/Sgdo6C3yUUEq6Gm',NULL,NULL,NULL,0,NULL,NULL,NULL,NULL),(628,NULL,NULL,'2018-12-26 17:07:00','2018-12-26 17:17:07','1554318','$2a$11$.9lYda0Z0L0C3HQ5nUT5/OlzJLg4EcP9b1bGRYTKi6RZ6jnSzewpG',NULL,NULL,NULL,0,NULL,NULL,NULL,NULL),(629,NULL,NULL,'2018-12-26 17:07:00','2018-12-26 17:17:08','1419191','$2a$11$4/l4CVAWmsuEI0PFomr9Y.WualBA4OvCJAmQXsGr6jOltxh1eSd/6',NULL,NULL,NULL,0,NULL,NULL,NULL,NULL),(630,NULL,NULL,'2018-12-26 17:07:01','2018-12-26 17:17:08','849767','$2a$11$AwX6QpDcdn6XjP1pxvvh8etk3e4QgbSmZRRK9RzwkHmzSWy32I0Ei',NULL,NULL,NULL,0,NULL,NULL,NULL,NULL),(631,NULL,NULL,'2018-12-26 17:07:01','2018-12-26 17:17:08','1114213','$2a$11$BasEmJCW3wEcPZkVIRMvD.jIqnLGxez5NUxd8c4ldW4AUlosUz85O',NULL,NULL,NULL,0,NULL,NULL,NULL,NULL),(632,NULL,NULL,'2018-12-26 17:07:01','2018-12-26 17:17:08','1444136','$2a$11$EtI7w0GQICXAy6U0onbkueksHnIOqvV4V51aCDLsKXXdtkB2xMy/a',NULL,NULL,NULL,0,NULL,NULL,NULL,NULL),(633,NULL,NULL,'2018-12-26 17:07:01','2018-12-26 17:17:08','1619423','$2a$11$P1R3nygPcT8z4iZM4MSz9e7Km8FNdJyyzU.7yWe6mzWlDNkO0p.EO',NULL,NULL,NULL,0,NULL,NULL,NULL,NULL),(634,NULL,NULL,'2018-12-26 17:07:01','2018-12-26 17:17:08','1619426','$2a$11$pI26WXN6JpHrSOqstEGeT..QRJHkZXEwJ699VL7p39pJNitIu1dpa',NULL,NULL,NULL,0,NULL,NULL,NULL,NULL),(635,NULL,NULL,'2018-12-26 17:07:01','2018-12-26 17:17:08','1619409','$2a$11$bQL5Okj7i2BwQKZLJaF3nummF3.wDuhy9KkxfX.0s9YQLcAv8sadG',NULL,NULL,NULL,0,NULL,NULL,NULL,NULL),(636,NULL,NULL,'2018-12-26 17:07:02','2018-12-26 17:17:09','1619421','$2a$11$UmVXyjITmDvQT5qthLtXbOx2FK.PauGXijVbhGCsB/ouRf4jGsvnm',NULL,NULL,NULL,0,NULL,NULL,NULL,NULL),(637,NULL,NULL,'2018-12-26 17:07:02','2018-12-26 17:17:09','1619424','$2a$11$It4z/wlyOfnL8/3XHFUA0.zYzaLQbTzo03fmJ0mKUedC1V5sWAEW6',NULL,NULL,NULL,0,NULL,NULL,NULL,NULL),(638,NULL,NULL,'2018-12-26 17:07:02','2018-12-26 17:17:09','1619411','$2a$11$4vt8jzqXSmmJULTJzJ.XMOiS.syyMZTKAj5Si5KuJZ4pzsH112eLq',NULL,NULL,NULL,0,NULL,NULL,NULL,NULL),(639,NULL,NULL,'2018-12-26 17:07:02','2018-12-26 17:17:09','1619428','$2a$11$M0D5wHIVIdr5P38o1m9MyuXNsqOFmnjEhxDUW4X6zq5RZaXg5DSk6',NULL,NULL,NULL,0,NULL,NULL,NULL,NULL),(640,NULL,NULL,'2018-12-26 17:07:02','2018-12-26 17:17:09','1619413','$2a$11$u/T1ViWDKtlKVyFE884/W.k3I/zSM3aYWFr28BfifEU38Qv5oXm82',NULL,NULL,NULL,0,NULL,NULL,NULL,NULL),(641,NULL,NULL,'2018-12-26 17:07:02','2018-12-26 17:17:09','1619427','$2a$11$ZcSvHgM0r5QaWCfltso0vewdwytr2XF6EDG5xqWWMGy/NUYIGQ7Oe',NULL,NULL,NULL,0,NULL,NULL,NULL,NULL),(642,NULL,NULL,'2018-12-26 17:07:03','2018-12-26 17:17:10','1619412','$2a$11$NNRHzoXu1WXClkIehR1OJumECjdGdeNHSlfi8iJWhPguVMwc3WTwi',NULL,NULL,NULL,0,NULL,NULL,NULL,NULL),(643,NULL,NULL,'2018-12-26 17:07:03','2018-12-26 17:17:10','1619417','$2a$11$WUJ84yAzIfkaaa4u.hVE3O79CTAhkodDyFXez4J1VOEpZx4mWKPqu',NULL,NULL,NULL,0,NULL,NULL,NULL,NULL),(644,NULL,NULL,'2018-12-26 17:07:03','2018-12-26 17:17:10','1619416','$2a$11$c1jl46fEExNF5b.ofzTrD.wasSGEVCwWhyWfH.5JHkwpqnb3iHUga',NULL,NULL,NULL,0,NULL,NULL,NULL,NULL),(645,NULL,NULL,'2018-12-26 17:07:03','2018-12-26 17:17:10','1619410','$2a$11$obE9EDtdyODjZ06y1aDHmuw6VT.EjYQB81x/g2KytqyhvQREBejgO',NULL,NULL,NULL,0,NULL,NULL,NULL,NULL),(646,NULL,NULL,'2018-12-26 17:07:03','2018-12-26 17:17:10','1619414','$2a$11$hwRgyz2dyXcbbWmTIItyZuIzieaglttfx0lhw8vroHVY/FlMIxaXW',NULL,NULL,NULL,0,NULL,NULL,NULL,NULL),(647,NULL,NULL,'2018-12-26 17:07:03','2018-12-26 17:17:10','1619418','$2a$11$plmnH0GqrT1lSUC.C9GeBeyoRzZcPjsQXwyahVh/zUY8iHNx3rHry',NULL,NULL,NULL,0,NULL,NULL,NULL,NULL),(648,NULL,NULL,'2018-12-26 17:07:03','2018-12-26 17:17:10','1619419','$2a$11$tWprKLWV12RYoVEfRAWG2OGS.AmqDHKJLMG.RIirKrFNH4eE2Jtri',NULL,NULL,NULL,0,NULL,NULL,NULL,NULL),(649,NULL,NULL,'2018-12-26 17:07:04','2018-12-26 17:17:11','350779','$2a$11$dir10UcG8Aj4hkDJBrIVIu8BAyZtmQBROr8JbFzuc8ud6iiCFZ5Km',NULL,NULL,NULL,0,NULL,NULL,NULL,NULL),(650,NULL,NULL,'2018-12-26 17:07:04','2018-12-26 17:17:11','1518607','$2a$11$f8zokl353DBIA.7.xUim/egFaJoucIPo5.qVfOG.Gb.ENMt4UnfBS',NULL,NULL,NULL,0,NULL,NULL,NULL,NULL),(651,NULL,NULL,'2018-12-26 17:07:04','2019-01-14 18:00:47','1404103','$2a$11$fQYin/Wz49LS4T7hGm0TveKuYaiIBV9iw/kRBSm5qW5yiIDE3iQ0u',NULL,NULL,NULL,1,'2019-01-14 18:00:46','2019-01-14 18:00:46','10.101.128.96','10.101.128.96'),(652,NULL,NULL,'2018-12-26 17:07:04','2018-12-26 17:17:11','824847','$2a$11$Nbj5vHjrZmwGsR5x2LoT2OB073sMLkYA2U7GKVAnknN2bUD/k/5vK',NULL,NULL,NULL,0,NULL,NULL,NULL,NULL),(653,NULL,NULL,'2018-12-26 17:07:04','2018-12-26 17:17:11','1547492','$2a$11$uwQUVlfQb02IGZ6PBLsSD.1MwyY5qMadSoPywT.1RErEMDDkYI.l.',NULL,NULL,NULL,0,NULL,NULL,NULL,NULL),(654,NULL,NULL,'2018-12-26 17:07:05','2018-12-26 17:17:11','892872','$2a$11$U0gQR6RsILNtQi/CZis0iONp4oU6EzbGN31ByFuFELVG1mCxHOgXa',NULL,NULL,NULL,0,NULL,NULL,NULL,NULL),(655,NULL,NULL,'2018-12-26 17:07:05','2018-12-26 17:17:11','1347281','$2a$11$YYHyvh7fRi4FwL9UhJDObe3TYB5o.ItA0Pt72ch8u73VsdbQbiTyK',NULL,NULL,NULL,0,NULL,NULL,NULL,NULL),(656,NULL,NULL,'2018-12-26 17:07:05','2018-12-26 17:17:12','1342529','$2a$11$wX1Zwsrz7csj5bKDgGT.rOvVssAvuGY3wXHlaEJAMMe9rt5Qu/yx6',NULL,NULL,NULL,0,NULL,NULL,NULL,NULL),(657,NULL,NULL,'2018-12-26 17:07:05','2018-12-26 17:17:12','1345915','$2a$11$UjOW6prlAhyNX0ismwyduOBLQdMwxhUgqQMuwcggU9wrnBeTY2YO.',NULL,NULL,NULL,0,NULL,NULL,NULL,NULL),(658,NULL,NULL,'2018-12-26 17:07:05','2018-12-26 17:17:12','1345985','$2a$11$G5.johK9yPeVemMFBmdFU.zhfHJtZrXxfAmAbKB7qTCAGJ5UObYye',NULL,NULL,NULL,0,NULL,NULL,NULL,NULL),(659,NULL,NULL,'2018-12-26 17:07:05','2018-12-26 17:17:12','1346630','$2a$11$Es8ofEx//6FPt33pc1CGX.CCd7XKEGveb0eJfQbbVLkqLF93UQxH6',NULL,NULL,NULL,0,NULL,NULL,NULL,NULL),(660,NULL,NULL,'2018-12-26 17:07:06','2018-12-26 17:17:12','1345996','$2a$11$T9u1iNGzekn3EiA/PCk/ee1j/tO4AEv/5f8pJpfTXxuWQ4hXyL0jG',NULL,NULL,NULL,0,NULL,NULL,NULL,NULL),(661,NULL,NULL,'2018-12-26 17:07:06','2018-12-26 17:17:12','1384494','$2a$11$tsdKvdLCqwBiUQ/doAj79OTkr7V54W.1jHeo3RCsXOCbH88OHrs4.',NULL,NULL,NULL,0,NULL,NULL,NULL,NULL),(662,NULL,NULL,'2018-12-26 17:07:06','2018-12-26 17:17:13','807326','$2a$11$EmCZkdNfr37fp3HXkdlTielmFBpwGE3iE5k6VTrIr8k5fEPfV998m',NULL,NULL,NULL,0,NULL,NULL,NULL,NULL),(663,NULL,NULL,'2018-12-26 17:07:06','2018-12-26 17:17:13','1397651','$2a$11$NmCOJkORqYxRHLu3ZTWt0uoykvH8gtCpMpsARoAgedFtBTF72HgsS',NULL,NULL,NULL,0,NULL,NULL,NULL,NULL),(664,NULL,NULL,'2018-12-26 17:07:06','2018-12-26 17:17:13','1397649','$2a$11$.6ZJ5DuwuZDfLkinu.uyROTefwp4WvGZMhFM5lP0QoZ6JHKPFyGma',NULL,NULL,NULL,0,NULL,NULL,NULL,NULL),(665,NULL,NULL,'2018-12-26 17:07:06','2018-12-26 17:17:13','1397641','$2a$11$nvKLjSoImU86qqgGYA3/YeDUEEUMXAY97WQfeJe4ng6VvZVryG0VO',NULL,NULL,NULL,0,NULL,NULL,NULL,NULL),(666,NULL,NULL,'2018-12-26 17:07:07','2018-12-26 17:17:13','775444','$2a$11$WEkHgYE9TP6gYGN3XqErPOUvpVLAITAsKEMjFIEDB6aLr7zBVzXXe',NULL,NULL,NULL,0,NULL,NULL,NULL,NULL),(667,NULL,NULL,'2018-12-26 17:07:07','2018-12-26 17:17:13','916140','$2a$11$p1TO46A75oFFSjFMc3rw7eSGOpix1SSiF/U4a.cGGA0A/N6NcKfPe',NULL,NULL,NULL,0,NULL,NULL,NULL,NULL),(668,NULL,NULL,'2018-12-26 17:07:07','2018-12-26 17:17:13','1363844','$2a$11$sWxr6TDodt5djf2P2PHzI./jl1Odg5v2B1mjZEPON7eWpdLQlP5si',NULL,NULL,NULL,0,NULL,NULL,NULL,NULL),(669,NULL,NULL,'2018-12-26 17:07:07','2018-12-26 17:17:14','1389512','$2a$11$WBB0OR1.0NVihqjolTt/keAaeOA9XcNpyovD.tjUJzQ1iOYhzK6pO',NULL,NULL,NULL,0,NULL,NULL,NULL,NULL),(670,NULL,NULL,'2018-12-26 17:07:07','2018-12-26 17:17:14','1455162','$2a$11$Y0V.d4JO5BiP.zyrMmbHUOZEGE3KQCpqmETrvVy/lrgmzEkJV2bVm',NULL,NULL,NULL,0,NULL,NULL,NULL,NULL),(671,NULL,NULL,'2018-12-26 17:07:07','2018-12-26 17:17:14','1582639','$2a$11$aBVqMfOBHLEGiZLk/5gXAe22p9TjTRGoeZYmoWB.RFjd5GKTomciS',NULL,NULL,NULL,0,NULL,NULL,NULL,NULL),(672,NULL,NULL,'2018-12-26 17:07:08','2018-12-26 17:17:14','1550788','$2a$11$7ntmnyxABZscf2DcTHudKOFMjICu/rdBcpURp8jns.PKEoytitI2K',NULL,NULL,NULL,0,NULL,NULL,NULL,NULL),(673,NULL,NULL,'2018-12-26 17:07:08','2018-12-26 17:17:14','1550415','$2a$11$51yul448jzE5apynCCvbzuQeS5I4/483HXk3jkD53N0zlREOBexVe',NULL,NULL,NULL,0,NULL,NULL,NULL,NULL),(674,NULL,NULL,'2018-12-26 17:07:08','2018-12-26 17:17:14','1551817','$2a$11$VzxXXiABpiDluHqu/xzZQu00x302HYvENxDnqXBy7bdauw4WiszM2',NULL,NULL,NULL,0,NULL,NULL,NULL,NULL),(675,NULL,NULL,'2018-12-26 17:07:08','2018-12-26 17:17:15','1553868','$2a$11$0xUfMOaY19Z.cZzCtOT.fe7Z.ESNcCHwJv9/3vxTOm9jwJuuTV9.2',NULL,NULL,NULL,0,NULL,NULL,NULL,NULL),(676,NULL,NULL,'2018-12-26 17:07:08','2018-12-26 17:17:15','1551818','$2a$11$DUGlc7Mk2Rt/QCZXXqrRmu86j5MilSj0qadvz10BSO8rTqYueBVLG',NULL,NULL,NULL,0,NULL,NULL,NULL,NULL),(677,NULL,NULL,'2018-12-26 17:07:08','2018-12-26 17:17:15','1568936','$2a$11$a7TfkYNiwgvC9pW32jDFk.Zyny5EEvzzZ7e8X4vraGGk8jP/2gZMu',NULL,NULL,NULL,0,NULL,NULL,NULL,NULL),(678,NULL,NULL,'2018-12-26 17:07:09','2018-12-26 17:17:15','1560761','$2a$11$KlK1oe5u4RnmXkKppAO5muIJLAkKiz/0U7eJAOrXSvJooCFyxBt2u',NULL,NULL,NULL,0,NULL,NULL,NULL,NULL),(679,NULL,NULL,'2018-12-26 17:07:09','2018-12-26 17:17:15','1562307','$2a$11$j/f/DoDJvIqrgTJI/MyTmOyhPH3HatnPYb9SM9Hk67mXsE5jsFca.',NULL,NULL,NULL,0,NULL,NULL,NULL,NULL),(680,NULL,NULL,'2018-12-26 17:07:09','2018-12-26 17:17:15','513968','$2a$11$XhD8Qpy3Luih9Gw13ldxbe7VP2z6yx0/Ysh5t9BIennzFVhv55FJq',NULL,NULL,NULL,0,NULL,NULL,NULL,NULL),(681,NULL,NULL,'2018-12-26 17:07:09','2018-12-26 17:17:15','721584','$2a$11$h9BWM1eeEJ9HgYk7/OS7xeK0ShW4t2fxcF91w44EuBHAabKHer3cm',NULL,NULL,NULL,0,NULL,NULL,NULL,NULL),(682,NULL,NULL,'2018-12-26 17:07:09','2018-12-26 17:17:16','723296','$2a$11$w5c1WK8F6p.6RsJteBLnJ.6xTaBuS4KeNFXwVjGBPn1.347JvTVCm',NULL,NULL,NULL,0,NULL,NULL,NULL,NULL),(683,NULL,NULL,'2018-12-26 17:07:09','2018-12-26 17:17:16','1030311','$2a$11$20brFsRmexQFzSyIClATX.OwwgbdfjM71RAL0XzDmWt5VI/YMzFYy',NULL,NULL,NULL,0,NULL,NULL,NULL,NULL),(684,NULL,NULL,'2018-12-26 17:07:09','2018-12-26 17:17:16','1359116','$2a$11$NbBqroGSqcds4DklAcdgae.8S/REVQxhlypK67Hsp.XODC7H2o5qq',NULL,NULL,NULL,0,NULL,NULL,NULL,NULL),(685,NULL,NULL,'2018-12-26 17:07:10','2018-12-26 17:17:16','1387060','$2a$11$HUSOQt/A/I5j79HVoAPULOhASWQg5CYZbBVmz.hSaAIt2PpcTYivG',NULL,NULL,NULL,0,NULL,NULL,NULL,NULL),(686,NULL,NULL,'2018-12-26 17:07:10','2018-12-26 17:17:16','1403860','$2a$11$RfcQGuH8SdBL2nnCOZh/veibG3jJa5fv4H2eXmaK.XHfGIPFi3BYW',NULL,NULL,NULL,0,NULL,NULL,NULL,NULL),(687,NULL,NULL,'2018-12-26 17:07:10','2018-12-26 17:17:16','1591921','$2a$11$lb5hr6.O6cUB2ZZQKqrkw.P4pqV/h5Wd44B5PaTKcVanQGDPAqsA.',NULL,NULL,NULL,0,NULL,NULL,NULL,NULL),(688,NULL,NULL,'2018-12-26 17:07:10','2018-12-26 17:17:17','1537160','$2a$11$9cX7BNrSNrCQvXZk.1Yk8OcUVk7paVXHCeGWe6QqmJGoVMioPgsGm',NULL,NULL,NULL,0,NULL,NULL,NULL,NULL),(689,NULL,NULL,'2018-12-26 17:07:10','2018-12-26 17:17:17','1537980','$2a$11$xWz5gfsSS9QeZYQg1g/hbuEfr7zDJEYZ.JpufjFtpbpQk4WEMpYvy',NULL,NULL,NULL,0,NULL,NULL,NULL,NULL),(690,NULL,NULL,'2018-12-26 17:07:10','2018-12-26 17:17:17','1547516','$2a$11$hLJkJknQG1fUIgk1as.dzed8gG.UlmuTgECEsXsAuT5ADmfMzABHu',NULL,NULL,NULL,0,NULL,NULL,NULL,NULL),(691,NULL,NULL,'2018-12-26 17:07:11','2018-12-26 17:17:17','1577925','$2a$11$IuDROWu6j2HU08UvDnGuHOKA9eM6vX/UfiiQkhRekhNG/1sOWy7Zq',NULL,NULL,NULL,0,NULL,NULL,NULL,NULL),(692,NULL,NULL,'2018-12-26 17:07:11','2018-12-26 17:17:17','565220','$2a$11$ysyH65616IHgx21mkv7BAuqigGJ7i4tUclaIOkwFXMyVTgovxyQny',NULL,NULL,NULL,0,NULL,NULL,NULL,NULL),(693,NULL,NULL,'2018-12-26 17:07:11','2018-12-26 17:17:17','709477','$2a$11$JqApZYVYcNIlqMjVLer95OnntadcjSTZEBm2po5ENWw0NlQocxjaG',NULL,NULL,NULL,0,NULL,NULL,NULL,NULL),(694,NULL,NULL,'2018-12-26 17:07:11','2018-12-26 17:17:17','721364','$2a$11$/0l4TXMupbHiYz6/ku3iMuC4Kyc5X8us2nmGSz9eiWOLJrEyvdZtG',NULL,NULL,NULL,0,NULL,NULL,NULL,NULL),(695,NULL,NULL,'2018-12-26 17:07:11','2018-12-26 17:17:18','741544','$2a$11$eiSFZDXdeDNvW8kb4NRAEePyUWUaazb8j2s6KJ9aZ9uVuNznwy.D2',NULL,NULL,NULL,0,NULL,NULL,NULL,NULL),(696,NULL,NULL,'2018-12-26 17:07:11','2018-12-26 17:17:18','750442','$2a$11$pXksZN9c8QgSwOt30Sbg/Okj9huA4r3d.4Zd0i5ZaSsGV.KM..rWq',NULL,NULL,NULL,0,NULL,NULL,NULL,NULL),(697,NULL,NULL,'2018-12-26 17:07:12','2018-12-26 17:17:18','780543','$2a$11$jmTH/d587GAh.bciAgzFbOFRWtUOkOWOQorCZQGP.Hh/xL3CWaXHu',NULL,NULL,NULL,0,NULL,NULL,NULL,NULL),(698,NULL,NULL,'2018-12-26 17:07:12','2018-12-26 17:17:18','784189','$2a$11$CxQrMpDVCBQ2hy4B2raOjuc760TTB1RB1mEVS90aYrOn9IkbYQdAa',NULL,NULL,NULL,0,NULL,NULL,NULL,NULL),(699,NULL,NULL,'2018-12-26 17:07:12','2018-12-26 17:17:18','824033','$2a$11$XHr/uxOl1o.Zip1uoMArBO1UUVdWueHfAZsKRp3Sjg/GLvpN4bfj2',NULL,NULL,NULL,0,NULL,NULL,NULL,NULL),(700,NULL,NULL,'2018-12-26 17:07:12','2018-12-26 17:17:18','824850','$2a$11$9jJhJlCzXkvoGpz84iMGIeKw9oY9qi.4tOD3g3eR2t37jrMUsavSO',NULL,NULL,NULL,0,NULL,NULL,NULL,NULL),(701,NULL,NULL,'2018-12-26 17:07:12','2018-12-26 17:17:19','829715','$2a$11$nR27WZ8kmKnPmA1Aa/9RHuoH2bs0dVEY8/ISXtXOtQYwyfp0Nhl76',NULL,NULL,NULL,0,NULL,NULL,NULL,NULL),(702,NULL,NULL,'2018-12-26 17:07:12','2018-12-26 17:17:19','829764','$2a$11$nlVlq94SpxwJEkuSWlYXXelh2MUdOySO5jKF3ClB1O/s9WE9C0cvW',NULL,NULL,NULL,0,NULL,NULL,NULL,NULL),(703,NULL,NULL,'2018-12-26 17:07:13','2018-12-26 17:17:19','845164','$2a$11$5WA/DCFtwJReozwAdmvUoe.jOrZDw29ph4PJqHMrgpscq6Ejzt9g6',NULL,NULL,NULL,0,NULL,NULL,NULL,NULL),(704,NULL,NULL,'2018-12-26 17:07:13','2018-12-26 17:17:19','889056','$2a$11$X3008RaeNcQvRXMReoMMYeGqUl4fEBHjwmAKcek2lFLV2GUTPeLV6',NULL,NULL,NULL,0,NULL,NULL,NULL,NULL),(705,NULL,NULL,'2018-12-26 17:07:13','2018-12-26 17:17:19','889492','$2a$11$KJONN9J6OaDF3tzz0ggv..vqrQoVi1B4LBejaM7pGavPen14u3smO',NULL,NULL,NULL,0,NULL,NULL,NULL,NULL),(706,NULL,NULL,'2018-12-26 17:07:13','2018-12-26 17:17:19','893229','$2a$11$6zvAZcN6HsUGlI0wE0pRZeuo0Qnp8jBUWFWsJpqyTlGTa0xU9u26W',NULL,NULL,NULL,0,NULL,NULL,NULL,NULL),(707,NULL,NULL,'2018-12-26 17:07:13','2018-12-26 17:17:19','894120','$2a$11$TwCcE.Q7pMsa5t/c3BtQm.SCpZWoVGwXm4e4gnQ9ZzgIJU2iGRQmy',NULL,NULL,NULL,0,NULL,NULL,NULL,NULL),(708,NULL,NULL,'2018-12-26 17:07:13','2018-12-26 17:17:20','1065193','$2a$11$0LaDKNVXhFWtrqpw4LNpC.GtBDgyDExApziVb73wHRK8p/eH26G2C',NULL,NULL,NULL,0,NULL,NULL,NULL,NULL),(709,NULL,NULL,'2018-12-26 17:07:14','2018-12-26 17:17:20','1065222','$2a$11$e7XJuFMoMu3Yjgr3h17LO.ugXfYXcUwbVT1g6iMsCNbshY7lpUa9e',NULL,NULL,NULL,0,NULL,NULL,NULL,NULL),(710,NULL,NULL,'2018-12-26 17:07:14','2018-12-26 17:17:20','1229510','$2a$11$nCYkdyqpZR.ct6yzohxkDe594dXIoHGI1PDoP81iuqqDFx7D6WhWy',NULL,NULL,NULL,0,NULL,NULL,NULL,NULL),(711,NULL,NULL,'2018-12-26 17:07:14','2018-12-26 17:17:20','1263221','$2a$11$xr7WtXMmlq07ZGcMXECR1Od3CuAhW6iBqXjZW0ZAAMYLJPseOkWBq',NULL,NULL,NULL,0,NULL,NULL,NULL,NULL),(712,NULL,NULL,'2018-12-26 17:07:14','2018-12-26 17:17:20','1299182','$2a$11$95HUkHxTgnkG23ExNZXsRuA27XiPULzRUMXzufVV4sgFQXMqspxha',NULL,NULL,NULL,0,NULL,NULL,NULL,NULL),(713,NULL,NULL,'2018-12-26 17:07:14','2018-12-26 17:17:20','1333558','$2a$11$h918Vg2Bg7Cion0Hp/UywuVe8/SlXRXyNZZuxvwFDPEzfCj0/s7qq',NULL,NULL,NULL,0,NULL,NULL,NULL,NULL),(714,NULL,NULL,'2018-12-26 17:07:14','2018-12-26 17:17:20','1340396','$2a$11$3o4y5ZSDB0OJxj4IF//6s.Bcld.cCvBZ80Opa17uAqDgpIeGdce6m',NULL,NULL,NULL,0,NULL,NULL,NULL,NULL),(715,NULL,NULL,'2018-12-26 17:07:15','2018-12-26 17:17:21','1345919','$2a$11$5JGRTIRBRILDqSMRWV1R7O0e/pWwVLqohcCJU8Vdm1zkG.I02ivSa',NULL,NULL,NULL,0,NULL,NULL,NULL,NULL),(716,NULL,NULL,'2018-12-26 17:07:15','2018-12-26 17:17:21','1355578','$2a$11$GryMkz8zZW3tY7acaqsJV.44LWwf61T.SvChHVz5PGF51Al2zGvZO',NULL,NULL,NULL,0,NULL,NULL,NULL,NULL),(717,NULL,NULL,'2018-12-26 17:07:15','2018-12-26 17:17:21','1358093','$2a$11$h6gLepiY7aEIuhtlStEdH.VYd3JlwdknJz4pi53ioijGR6KrO9CM.',NULL,NULL,NULL,0,NULL,NULL,NULL,NULL),(718,NULL,NULL,'2018-12-26 17:07:15','2018-12-26 17:17:21','1358094','$2a$11$X1IhxV0o3U4o/shm.m8zSe.I5tbTEI8jfjm0yZ8Mz53hBNrVZZ3Gy',NULL,NULL,NULL,0,NULL,NULL,NULL,NULL),(719,NULL,NULL,'2018-12-26 17:07:15','2018-12-26 17:17:21','1358101','$2a$11$8Gdpgy2Q3d77Q2bnAY5bK.nv/esLNJZ9K92/u5iOgPOA1tA.QtMH.',NULL,NULL,NULL,0,NULL,NULL,NULL,NULL),(720,NULL,NULL,'2018-12-26 17:07:15','2018-12-26 17:17:21','1362041','$2a$11$Qn1KnRYEKq3/O.CbGmuat.8J5Dc2CorDne2X/9s3SK2Y5Pejap54G',NULL,NULL,NULL,0,NULL,NULL,NULL,NULL),(721,NULL,NULL,'2018-12-26 17:07:16','2018-12-26 17:17:22','1362137','$2a$11$ufDjeBtQ63lBjo5QCCHAeeYgLajZYA048KYqMbEKgAr348LXyN6EW',NULL,NULL,NULL,0,NULL,NULL,NULL,NULL),(722,NULL,NULL,'2018-12-26 17:07:16','2018-12-26 17:17:22','1362380','$2a$11$GNNyLAOLOsjfZ4tF2QIHMOvH92sl9i0gtZAq9YH7avKXj5EwPg9GS',NULL,NULL,NULL,0,NULL,NULL,NULL,NULL),(723,NULL,NULL,'2018-12-26 17:07:16','2018-12-26 17:17:22','1363446','$2a$11$pXVmACgmrSYcHBTVLgxTIu.oBRXautEdowrtluF.yw9QsaX9cfqUi',NULL,NULL,NULL,0,NULL,NULL,NULL,NULL),(724,NULL,NULL,'2018-12-26 17:07:16','2018-12-26 17:17:22','1364574','$2a$11$RTPhe./tIaptleNx0QaJT.c6use.tP8qdXWlNappmCIVPfuKSI5Oe',NULL,NULL,NULL,0,NULL,NULL,NULL,NULL),(725,NULL,NULL,'2018-12-26 17:07:16','2018-12-26 17:17:22','1389239','$2a$11$pZl.pdG6BBOslEWvBZnQN.waDfg7GWqB1JVOeZrPo4JSScsQ6zP0q',NULL,NULL,NULL,0,NULL,NULL,NULL,NULL),(726,NULL,NULL,'2018-12-26 17:07:16','2018-12-26 17:17:22','1389242','$2a$11$LIVbqau47K.KOvhT8A0ZieGpezn8Ug19qsOSUaAcsa0vBSYsDbU.G',NULL,NULL,NULL,0,NULL,NULL,NULL,NULL),(727,NULL,NULL,'2018-12-26 17:07:17','2018-12-26 17:17:22','1390924','$2a$11$Lmx/r2gSUPivvGlQzbhah.mECZoiWyQKG5LgRl9rHtr1H0iL.Durq',NULL,NULL,NULL,0,NULL,NULL,NULL,NULL),(728,NULL,NULL,'2018-12-26 17:07:17','2018-12-26 17:17:23','1391045','$2a$11$3Ipp0xXQTaJnFVHkD76xRu1fmBmzPylC3KCoBUcclW4UxclKAefWS',NULL,NULL,NULL,0,NULL,NULL,NULL,NULL),(729,NULL,NULL,'2018-12-26 17:07:17','2018-12-26 17:17:23','1391096','$2a$11$XQMjCcnORefMVjlghmwZ0elBVIKZkOVTe4mOLTZwrnk1FTFsDC5p2',NULL,NULL,NULL,0,NULL,NULL,NULL,NULL),(730,NULL,NULL,'2018-12-26 17:07:17','2018-12-26 17:17:23','1400542','$2a$11$mbuTdDrOPoG2CLg5RrcJ0OTa9xAJZ2zI6C.vmjDUIhJZWlX.63WO2',NULL,NULL,NULL,0,NULL,NULL,NULL,NULL),(731,NULL,NULL,'2018-12-26 17:07:17','2018-12-26 17:17:23','1404093','$2a$11$FYIghVuIHnIEd4clW4oz8u0yWmnOFOiBhu.TchEZa5qZ/0TpfG4ra',NULL,NULL,NULL,0,NULL,NULL,NULL,NULL),(732,NULL,NULL,'2018-12-26 17:07:17','2018-12-26 17:17:23','1419182','$2a$11$KOztP/oCMQMXDPGjYAVSoevDe7fvqK4fwXENCmtX6DLupRiNcGPI6',NULL,NULL,NULL,0,NULL,NULL,NULL,NULL),(733,NULL,NULL,'2018-12-26 17:07:17','2018-12-26 17:17:23','1419190','$2a$11$uBVakxNhZVuAEVSbzec3iuTqVITWU/547Wz1V4ovM7hh3raqPPNky',NULL,NULL,NULL,0,NULL,NULL,NULL,NULL),(734,NULL,NULL,'2018-12-26 17:07:18','2018-12-26 17:17:24','1419200','$2a$11$8VMpay04PYQGVxAyr98z3uCevJll3kZ7yYQ6Q1rdti/A4UD7u90eC',NULL,NULL,NULL,0,NULL,NULL,NULL,NULL),(735,NULL,NULL,'2018-12-26 17:07:18','2018-12-26 17:17:24','1455157','$2a$11$1dm64X4J83oM7NyHsEn5Su2CQ/BBFWzIr7fKCGpdgH9goTRSbtyXK',NULL,NULL,NULL,0,NULL,NULL,NULL,NULL),(736,NULL,NULL,'2018-12-26 17:07:18','2018-12-26 17:17:24','1457480','$2a$11$gjkZqWLd4Eb5IMj1uFkpNe8PaxcpdABrActt3h0nytRu8QZacultG',NULL,NULL,NULL,0,NULL,NULL,NULL,NULL),(737,NULL,NULL,'2018-12-26 17:07:18','2018-12-26 17:17:24','1457485','$2a$11$l/5NncNMWbgt2LdH/Sz4aurqKL3fBvBKItO53RppfFOKd0BvudRUG',NULL,NULL,NULL,0,NULL,NULL,NULL,NULL),(738,NULL,NULL,'2018-12-26 17:07:18','2018-12-26 17:17:24','1457563','$2a$11$/2haURml3v7rEXCP1/jWe.Rwds9wWRnfb/6v0UX2wAj1idccRHl9y',NULL,NULL,NULL,0,NULL,NULL,NULL,NULL),(739,NULL,NULL,'2018-12-26 17:07:18','2018-12-26 17:17:24','1607587','$2a$11$xQbB6QPZYK3acSsIs0biUuweHsOAfsuNY3uYMV2bn.hYHBxuR1dPS',NULL,NULL,NULL,0,NULL,NULL,NULL,NULL),(740,NULL,NULL,'2018-12-26 17:07:19','2018-12-26 17:17:24','1591922','$2a$11$9.w8ZyjmcWHzQh4yFeXEq.A4A0ggPV968ObnYm5V.TReXe/Snz.J.',NULL,NULL,NULL,0,NULL,NULL,NULL,NULL),(741,NULL,NULL,'2018-12-26 17:07:19','2018-12-26 17:17:25','1607561','$2a$11$eXhxu03FBNH68GfFkvBNnOLT.lM030WD311WNbwFNwcM5CRFAm/d6',NULL,NULL,NULL,0,NULL,NULL,NULL,NULL),(742,NULL,NULL,'2018-12-26 17:07:19','2018-12-26 17:17:25','1537147','$2a$11$SKrLSoQjwlqTXMfN4yk0wuWxJoIdx6/PSummxZ60mDbsbfl//8rqK',NULL,NULL,NULL,0,NULL,NULL,NULL,NULL),(743,NULL,NULL,'2018-12-26 17:07:19','2018-12-26 17:17:25','1537967','$2a$11$sE/OzzSkrd/AZIFJ626HD.yEwSKFqEJiwIlNe55hotcTQcRtel7Z2',NULL,NULL,NULL,0,NULL,NULL,NULL,NULL),(744,NULL,NULL,'2018-12-26 17:07:19','2018-12-26 17:17:25','1537971','$2a$11$DBfsAzpk52k1EP24Nj/MquIjtUqdnFCYOYSnqkGthbYhp9Qw02Aey',NULL,NULL,NULL,0,NULL,NULL,NULL,NULL),(745,NULL,NULL,'2018-12-26 17:07:19','2018-12-26 17:17:25','1537976','$2a$11$5h6ELICR1JBXcBj2I5xsCOlJHNDIdkk46VxyELIxoq3gwqPxUyhoS',NULL,NULL,NULL,0,NULL,NULL,NULL,NULL),(746,NULL,NULL,'2018-12-26 17:07:20','2018-12-26 17:17:25','1543918','$2a$11$MI3RBL7t5avLoXbEWs0g6ei2nzZVjVwF1XBLU8FRJITY38Dl/gjtC',NULL,NULL,NULL,0,NULL,NULL,NULL,NULL),(747,NULL,NULL,'2018-12-26 17:07:20','2018-12-26 17:17:26','1546779','$2a$11$DpzkNKdUBBBC7ieOW8iPu.ohcul4IiRl2X9Dq0BneV/y.c3Vf9Ry2',NULL,NULL,NULL,0,NULL,NULL,NULL,NULL),(748,NULL,NULL,'2018-12-26 17:07:20','2018-12-26 17:17:26','1547500','$2a$11$SY7Drx09hQGtMXdwbRItfOzhxYORHuGgjULA933isor0PgRnlOX7a',NULL,NULL,NULL,0,NULL,NULL,NULL,NULL),(749,NULL,NULL,'2018-12-26 17:07:20','2018-12-26 17:17:26','1547501','$2a$11$LM8O2nojAhEBa6UJsIM/h.4blsJlGWr8OUot.z3O.YXJDJhjTOkgO',NULL,NULL,NULL,0,NULL,NULL,NULL,NULL),(750,NULL,NULL,'2018-12-26 17:07:20','2018-12-26 17:17:26','1550151','$2a$11$J4JfJNBnPa.dm0gx4UIauuJ1uUmoNelXFENHhDHwzq6NlVFc6xHIy',NULL,NULL,NULL,0,NULL,NULL,NULL,NULL),(751,NULL,NULL,'2018-12-26 17:07:20','2018-12-26 17:17:26','1550983','$2a$11$Le4ARPhWUNC8hxEEufNS5.eOL2uFxLsMREP2DKewvbKYukRYgm3NK',NULL,NULL,NULL,0,NULL,NULL,NULL,NULL),(752,NULL,NULL,'2018-12-26 17:07:21','2018-12-26 17:17:26','1551007','$2a$11$QGpRySG/8wU/gGNzXyBRB.zP4GYTRNSjUtpa6ch.a7v.yu6gqLqUu',NULL,NULL,NULL,0,NULL,NULL,NULL,NULL),(753,NULL,NULL,'2018-12-26 17:07:21','2018-12-26 17:17:26','1551011','$2a$11$dHcxvtn2C7uJ.5ggy8zeReS08iwc.oMuPG5asPu4juKYrxj.ZKG4C',NULL,NULL,NULL,0,NULL,NULL,NULL,NULL),(754,NULL,NULL,'2018-12-26 17:07:21','2018-12-26 17:17:27','1551013','$2a$11$hZo96BPT4MZ71ILUxVOHi.glB7LC5iVNNuuz4D/uX9b1rafsQY2..',NULL,NULL,NULL,0,NULL,NULL,NULL,NULL),(755,NULL,NULL,'2018-12-26 17:07:21','2018-12-26 17:17:27','1551124','$2a$11$ZBJ8le.xKHyy.GUGmFi3E.MycrPxyqR0qwuKk2BEDx/dOZXxQW.7y',NULL,NULL,NULL,0,NULL,NULL,NULL,NULL),(756,NULL,NULL,'2018-12-26 17:07:21','2018-12-26 17:17:27','1560754','$2a$11$9tLahZECiPC4m/46qne0MeqHmGymf8k8GXgeYC/vddfDHy8ALQtze',NULL,NULL,NULL,0,NULL,NULL,NULL,NULL),(757,NULL,NULL,'2018-12-26 17:07:21','2018-12-26 17:17:27','1564749','$2a$11$YnRCeI6ayxsLYeWgHVGNOOSK0sftjbXjcfGmgRokHARKNspzX1PKG',NULL,NULL,NULL,0,NULL,NULL,NULL,NULL),(758,NULL,NULL,'2018-12-26 17:07:22','2018-12-26 17:17:27','1567466','$2a$11$xIGAfwuXNd35okC2G5/PJuSnRnjj955yg9Q6tILxIQDlf0uOGiu1.',NULL,NULL,NULL,0,NULL,NULL,NULL,NULL),(759,NULL,NULL,'2018-12-26 17:07:22','2018-12-26 17:17:27','1572637','$2a$11$3YuZmnp6.q1TsGjvluPchOeD1tlU4ztEvOkRfxyCwQdcwVa464lk6',NULL,NULL,NULL,0,NULL,NULL,NULL,NULL),(760,NULL,NULL,'2018-12-26 17:07:22','2018-12-26 17:17:27','1572639','$2a$11$ONrrbW.DDLjFc8Wgo.3DueHjtqXAwTZrx7WUl9CQ5xoM61A5W9cvu',NULL,NULL,NULL,0,NULL,NULL,NULL,NULL),(761,NULL,NULL,'2018-12-26 17:07:22','2018-12-26 17:17:28','1578200','$2a$11$MSwmoRNHSs/pcBaqKvAB8ufUlizYd4HoTSkUjL4Ksrkn.Fqdm5QV6',NULL,NULL,NULL,0,NULL,NULL,NULL,NULL),(762,NULL,NULL,'2018-12-26 17:07:22','2018-12-26 17:17:28','1584984','$2a$11$sn5yniQQMyo7JRdQaKz/Ie8.AXzyVvBOGxUc2IpGBWO0v8Q.57GLS',NULL,NULL,NULL,0,NULL,NULL,NULL,NULL),(763,NULL,NULL,'2018-12-26 17:07:22','2018-12-26 17:17:28','1584999','$2a$11$3iyKrCyqeSmYR6GZQnvE5.H.nX5DkUG0v8rAUXOo71GOJSwtjlJqC',NULL,NULL,NULL,0,NULL,NULL,NULL,NULL),(764,NULL,NULL,'2018-12-26 17:07:23','2018-12-26 17:17:28','1550981','$2a$11$wldrCnCQI2BLxlyUBumyL.FJcWUZImMF1/ivVMRh.OgEdoDN/wWXe',NULL,NULL,NULL,0,NULL,NULL,NULL,NULL),(765,NULL,NULL,'2018-12-26 17:07:23','2018-12-26 17:17:28','1551000','$2a$11$I0jzPUg4jio61FNRBl1tee1SdalnSKIA0ZfxSXwnCykkb8T4a.Uii',NULL,NULL,NULL,0,NULL,NULL,NULL,NULL),(766,NULL,NULL,'2018-12-26 17:07:23','2018-12-26 17:17:28','1551009','$2a$11$7p9xpYkJ/I1kqDlBPrM4ZOOgExaYfM9hWd2hX1MfCS1ea1Sll27GC',NULL,NULL,NULL,0,NULL,NULL,NULL,NULL),(767,NULL,NULL,'2018-12-26 17:07:23','2018-12-26 17:17:29','1551126','$2a$11$VvSkaMTu3r8vcgxiQ.BzqeFv9R4ILvypo/9gL5GeYVeIUcc5PfOza',NULL,NULL,NULL,0,NULL,NULL,NULL,NULL),(768,NULL,NULL,'2018-12-26 17:07:23','2018-12-26 17:17:29','792310','$2a$11$Sl5z3uK2vzU4YNYn4jn6.uGl9eJup04/ct.jGZyp/2JAryi6W/4gy',NULL,NULL,NULL,0,NULL,NULL,NULL,NULL),(769,NULL,NULL,'2018-12-26 17:07:23','2018-12-26 17:17:29','479659','$2a$11$B1S1SBhI8.SV5XE5j52BKuKbJw0EqLIWTwYYSyzFFnko1tSA/qJ1S',NULL,NULL,NULL,0,NULL,NULL,NULL,NULL),(770,NULL,NULL,'2018-12-26 17:07:24','2018-12-26 17:17:29','1591919','$2a$11$2WFcsU2phZ2ZevcoQ0T3WeqMIHycWUt5B3sGRSyEecRQX3laZbQUe',NULL,NULL,NULL,0,NULL,NULL,NULL,NULL),(771,NULL,NULL,'2018-12-26 17:07:24','2018-12-26 17:17:29','1523236','$2a$11$t9BIJ8bC3pJUS8BBH066.eqn3eaGEytegYEK8OCVv6fJq80s2h/2m',NULL,NULL,NULL,0,NULL,NULL,NULL,NULL),(772,NULL,NULL,'2018-12-26 17:07:24','2018-12-26 17:17:29','1556117','$2a$11$q9myFg.1DTaVHhVbcg3fke6bk0J3i.C6DNzrskVZCkUnlHmucwN3C',NULL,NULL,NULL,0,NULL,NULL,NULL,NULL),(773,NULL,NULL,'2018-12-26 17:07:24','2018-12-26 17:17:29','774694','$2a$11$hHDjBcCGajbsOHhS0yUpRe4OBERiTjxllMLbY4BI0jLMRz6xUzs9e',NULL,NULL,NULL,0,NULL,NULL,NULL,NULL),(774,NULL,NULL,'2018-12-26 17:07:24','2018-12-26 17:17:30','1224642','$2a$11$LV6SfsDYLT27ZaaySBZKOuTSqs5RpG2NBcbhCdcTpXH7bJ/FBY7Sa',NULL,NULL,NULL,0,NULL,NULL,NULL,NULL),(775,NULL,NULL,'2018-12-26 17:07:24','2018-12-26 17:17:30','516755','$2a$11$yCmrF3Dj8rRZbfy.HntbDuFUvRqRBLYIQF3T11mzlNpdtmG/Zp9oG',NULL,NULL,NULL,0,NULL,NULL,NULL,NULL),(776,NULL,NULL,'2018-12-26 17:07:25','2018-12-26 17:17:30','858974','$2a$11$SSYBv5UuL5dgAEw.e2WHOed9ysLgU3MeeBVivRSnShU33ZskhpUBu',NULL,NULL,NULL,0,NULL,NULL,NULL,NULL),(777,NULL,NULL,'2018-12-26 17:07:25','2018-12-26 17:17:30','883300','$2a$11$vmKqX8YJnTl4YtZFYVI20eeMinqUnc.l5BVFjTI1g2Gi1PmH5QVFS',NULL,NULL,NULL,0,NULL,NULL,NULL,NULL),(778,NULL,NULL,'2018-12-26 17:07:25','2018-12-26 17:17:30','912019','$2a$11$3IaAHCpFqeGgfxt0/lX2.eADIVM49LuA8DKo0dLIfum3Kt2vvsWWG',NULL,NULL,NULL,0,NULL,NULL,NULL,NULL),(779,NULL,NULL,'2018-12-26 17:07:25','2018-12-26 17:17:30','1035489','$2a$11$OFZzzdlz164hPzGusQeaJ.5VJr8I6/7BVoS21asmSSVfurRnN6MJS',NULL,NULL,NULL,0,NULL,NULL,NULL,NULL),(780,NULL,NULL,'2018-12-26 17:07:25','2019-01-17 23:46:37','1074611','$2a$11$mH.ond/6v4m41bpMw84JROvVB7WSchHfGttpwkyHi9UbYOkFa7WpC',NULL,NULL,NULL,1,'2019-01-17 23:46:24','2019-01-17 23:46:24','10.101.84.117','10.101.84.117'),(781,NULL,NULL,'2018-12-26 17:07:25','2019-01-17 23:47:43','1304391','$2a$11$D2GNunT2JbMYpHoBmH13geQcquHNP9QNVEw6jGTGOItYgRleLD.nq',NULL,NULL,NULL,1,'2019-01-17 23:47:41','2019-01-17 23:47:41','10.101.84.117','10.101.84.117'),(782,NULL,NULL,'2018-12-26 17:07:26','2018-12-26 17:17:31','1304232','$2a$11$VnHiaR6.M2FslT7aWi02JeAw4aiQK1e1au9QOlLRJ8raEW6Rkofg.',NULL,NULL,NULL,0,NULL,NULL,NULL,NULL),(783,NULL,NULL,'2018-12-26 17:07:26','2018-12-26 17:17:31','1272945','$2a$11$ldYfxgJfyokygFUK5.yiGeVf.sF8ay/n9I4Wb9JxZ4O1DMIg8N./C',NULL,NULL,NULL,0,NULL,NULL,NULL,NULL),(784,NULL,NULL,'2018-12-26 17:07:26','2018-12-26 17:17:31','1389493','$2a$11$bq96h1mOFhIVYlDRm9m6n.gvF.ItM68VpSz65zif1armQinALHkFi',NULL,NULL,NULL,0,NULL,NULL,NULL,NULL),(785,NULL,NULL,'2018-12-26 17:07:26','2018-12-26 17:17:31','1543927','$2a$11$wXr1bkF5UKFNmCd3c4rPDevhMahspuZC54dIQNZenZv1UJmsC8LOu',NULL,NULL,NULL,0,NULL,NULL,NULL,NULL),(786,NULL,NULL,'2018-12-26 17:07:26','2018-12-26 17:17:31','1571453','$2a$11$DBQhaJZlbQUglTNSelExeuELhJEPd9y7L2hxiFMbRtiG2kHc6k9HC',NULL,NULL,NULL,0,NULL,NULL,NULL,NULL),(787,NULL,NULL,'2018-12-26 17:07:26','2018-12-26 17:17:32','1561733','$2a$11$iDWG.6cwod2/rr5lj0pFvOrZ304ScFM7sNBtM3qZHlvKgty7WXJRi',NULL,NULL,NULL,0,NULL,NULL,NULL,NULL),(788,NULL,NULL,'2018-12-26 17:07:26','2018-12-26 17:17:32','1578183','$2a$11$qkRuGbTTJxgZudrLq2nnvOwsIX2EEG6hxlqO/N2ernJv2vtpylb0q',NULL,NULL,NULL,0,NULL,NULL,NULL,NULL),(789,NULL,NULL,'2018-12-26 17:07:27','2018-12-26 17:17:32','710828','$2a$11$3GlCIhxo554m/JIr2JULPe1oNFat8dnKf7eVVubx.OIEE7OiT15lS',NULL,NULL,NULL,0,NULL,NULL,NULL,NULL),(790,NULL,NULL,'2018-12-26 17:07:27','2018-12-26 17:17:32','837184','$2a$11$8ztCQw6jPJb4p9wkWl7bdueoZWt0/jI7498f8Tw5QcNqmerlpjxAq',NULL,NULL,NULL,0,NULL,NULL,NULL,NULL),(791,NULL,NULL,'2018-12-26 17:07:27','2018-12-26 17:17:32','1113138','$2a$11$5g3F6wXoDhsy4r.5ZM1yjOkw1cLL74QGbwBuGGSbIJt0vBdKBAUc.',NULL,NULL,NULL,0,NULL,NULL,NULL,NULL),(792,NULL,NULL,'2018-12-26 17:07:27','2018-12-26 17:17:32','1191588','$2a$11$qAaH7RnhNED1gq4NTdUYreotDyKmHPxshxmuGAWx9szrh7otSRVIS',NULL,NULL,NULL,0,NULL,NULL,NULL,NULL),(793,NULL,NULL,'2018-12-26 17:07:27','2018-12-26 17:17:32','1275020','$2a$11$031k7eKQ5iwsuGamP4EcVOwT2Io48qeDGJQVydLA2VAKVUvLAB9k.',NULL,NULL,NULL,0,NULL,NULL,NULL,NULL),(794,NULL,NULL,'2018-12-26 17:07:27','2018-12-26 17:17:33','1414771','$2a$11$IIK4N5bq89Ec2RJI7VSHZ.LIeAFl8fLrt8o9bkA5EGiaHMKDGeJF6',NULL,NULL,NULL,0,NULL,NULL,NULL,NULL),(795,NULL,NULL,'2018-12-26 17:07:28','2018-12-26 17:17:33','1233144','$2a$11$FYqTZ2EQIBh4th569GGmm.H32Bvf5FMrW.tk2T10v0h.ggKRUdpCe',NULL,NULL,NULL,0,NULL,NULL,NULL,NULL),(796,NULL,NULL,'2018-12-26 17:07:28','2018-12-26 17:17:33','745525','$2a$11$3A6eXUPdYcfjYnzpScG8EOcZBkELDmZz2OhCGTVfAi8oCSg/748rW',NULL,NULL,NULL,0,NULL,NULL,NULL,NULL),(797,NULL,NULL,'2018-12-26 17:07:28','2018-12-26 17:17:33','815043','$2a$11$ffZNJRisdcNpdYHGlpS84Oe89srOFBDyfMo4e/3uIwCLtp5IzdD6W',NULL,NULL,NULL,0,NULL,NULL,NULL,NULL),(798,NULL,NULL,'2018-12-26 17:07:28','2018-12-26 17:17:33','862449','$2a$11$UnCGxw3IQV.JyaG8vYksI.kHAbbkTmApxA732s44sJ3AnxYDnojSS',NULL,NULL,NULL,0,NULL,NULL,NULL,NULL),(799,NULL,NULL,'2018-12-26 17:07:28','2018-12-26 17:17:33','1533929','$2a$11$pV.yctc1xnpWRmeM3HmkqunCBJOxz.e2Qk33S7VAz43RuK4UA5GWW',NULL,NULL,NULL,0,NULL,NULL,NULL,NULL),(800,NULL,NULL,'2018-12-26 17:07:28','2018-12-26 17:17:34','1615561','$2a$11$yjJBdW9UAWkODLoYR2IlEeP3B8tMqKx/hwCrn7rNhALm2FpxXEuva',NULL,NULL,NULL,0,NULL,NULL,NULL,NULL),(801,NULL,NULL,'2018-12-26 17:07:29','2018-12-26 17:17:34','1615554','$2a$11$bUJ3E8QsVdu7Kl672tNvV.g/EwYHB4Vq.QmvvAM/tRtBLmM9.zxOW',NULL,NULL,NULL,0,NULL,NULL,NULL,NULL),(802,NULL,NULL,'2018-12-26 17:07:29','2018-12-26 17:17:34','1579254','$2a$11$xLUiiDIEKB7VeFEEUIOwneOFNUkfD8I561pXs2TDHoyFAtF25uJg2',NULL,NULL,NULL,0,NULL,NULL,NULL,NULL),(803,NULL,NULL,'2018-12-26 17:07:29','2018-12-26 17:17:34','1543933','$2a$11$pczY9v4nBw8DYhEvT5vmw.fW1ubINU35wdlIXlHcTVnuWJDjPfQiS',NULL,NULL,NULL,0,NULL,NULL,NULL,NULL),(804,NULL,NULL,'2018-12-26 17:07:29','2018-12-26 17:17:34','1556116','$2a$11$fjr2rrv83Unl2eQU7CvR9ekx4qa2wM6dOEhIs07ecQBDQUVwQH/fm',NULL,NULL,NULL,0,NULL,NULL,NULL,NULL),(805,NULL,NULL,'2018-12-26 17:07:29','2018-12-26 17:17:34','1562712','$2a$11$oJUw7Ryy/Dgv7aMXdVePGeCY.KhBN3Liitirj6P..soNWd/6d2NwW',NULL,NULL,NULL,0,NULL,NULL,NULL,NULL),(806,NULL,NULL,'2018-12-26 17:07:29','2018-12-26 17:17:34','1562714','$2a$11$4gHvOH6EAfrvxQWMeNIGbOxENhNth07sW0YMjxMepe86eUlXnpoV2',NULL,NULL,NULL,0,NULL,NULL,NULL,NULL),(807,NULL,NULL,'2018-12-26 17:07:30','2018-12-26 17:17:35','1563067','$2a$11$6slvSCVm7oSBda69vTGyJOkDQ0Wz1fu2kk/lAczHIkFgXjD.sXACq',NULL,NULL,NULL,0,NULL,NULL,NULL,NULL),(808,NULL,NULL,'2018-12-26 17:07:30','2018-12-26 17:17:35','243808','$2a$11$NBlLAOags/7sft4FDHn6Bu38pont5q.QfEBjCi2ku/KXFckfyKkMK',NULL,NULL,NULL,0,NULL,NULL,NULL,NULL),(809,NULL,NULL,'2018-12-26 17:07:30','2018-12-26 17:17:35','1567467','$2a$11$OsEaZrXvYCMGgIWVj7s4wOwwyuBlPsUReWE8KOcrTBEt29mcHODhm',NULL,NULL,NULL,0,NULL,NULL,NULL,NULL),(810,NULL,NULL,'2018-12-26 17:07:30','2018-12-26 17:17:35','907410','$2a$11$2SIjpsjEXHO/gwyUs849J.2RKVSqt0qzU1wScXgj89PJDa2PM/.ZW',NULL,NULL,NULL,0,NULL,NULL,NULL,NULL),(811,NULL,NULL,'2018-12-26 17:07:30','2018-12-26 17:17:35','1000807','$2a$11$KMkQHUGvgIwL/lzwRkgeZucOpv1sXrwxLpRAzq8..oYd7eCDbMAp2',NULL,NULL,NULL,0,NULL,NULL,NULL,NULL),(812,NULL,NULL,'2018-12-26 17:07:30','2018-12-26 17:17:35','1568977','$2a$11$rLdS86vqjUS1SMLxz/SsxuG14Z7lbz3.zVx/pDcPd7tTOpUEoCzBO',NULL,NULL,NULL,0,NULL,NULL,NULL,NULL),(813,NULL,NULL,'2018-12-26 17:07:31','2018-12-26 17:17:36','1572640','$2a$11$hFPcg/cOS5WZWwjK8GOPFenx49oQNdtpC7sfDJT9ujDUhsvB6sC7.',NULL,NULL,NULL,0,NULL,NULL,NULL,NULL),(814,NULL,NULL,'2018-12-26 17:07:31','2018-12-26 17:17:36','811209','$2a$11$JJ9wJ0X4PCB5WafsvEoVVeuiWKO5yEHuY/GuhTVgjEBjtK.eVW1bu',NULL,NULL,NULL,0,NULL,NULL,NULL,NULL),(815,NULL,NULL,'2018-12-26 17:07:31','2018-12-26 17:17:36','525002','$2a$11$8iLAPxuLdau3p0wPV12q.Oxj9wWnsF1fT7Wh/QzMfew8iY1RVzEqu',NULL,NULL,NULL,0,NULL,NULL,NULL,NULL),(816,NULL,NULL,'2018-12-26 17:07:31','2018-12-26 17:17:36','1553869','$2a$11$Bg.FbVu6zW2fCCIwcNoET.W3fhLnPyCaJiqwCIo0HkQ36BBwHHcwm',NULL,NULL,NULL,0,NULL,NULL,NULL,NULL),(817,NULL,NULL,'2018-12-26 17:07:31','2018-12-26 17:17:36','1264854','$2a$11$N1vH.nPHxAGA.I.57k5vguia7UmC.fQEFZ5CCex87LpldAm98Affq',NULL,NULL,NULL,0,NULL,NULL,NULL,NULL),(818,NULL,NULL,'2018-12-26 17:07:31','2018-12-26 17:17:36','1550984','$2a$11$1PuH87S.y5LwpRE7cXbL3.xO7kzzS.9R562ZG7cksx09jy/On6Lfq',NULL,NULL,NULL,0,NULL,NULL,NULL,NULL),(819,NULL,NULL,'2018-12-26 17:07:31','2018-12-26 17:17:36','1576085','$2a$11$KoowvfyZ8gLl.dJtiPTT1OKlISxW6aKeiyp0Q.k7DkdbVe36Om8.y',NULL,NULL,NULL,0,NULL,NULL,NULL,NULL),(820,NULL,NULL,'2018-12-26 17:07:32','2018-12-26 17:17:37','1575662','$2a$11$4SVojZaFcRAdfNNBdiXsyeJRd70Hl72jlm0UKDM7JDGvYjTuvX84q',NULL,NULL,NULL,0,NULL,NULL,NULL,NULL),(821,NULL,NULL,'2018-12-26 17:07:32','2018-12-26 17:17:37','1584910','$2a$11$VINTsu4Xi6GyM3ODXV4Ho.jaGQNciUuNJcI52Qw7N3LMAz8Koyt0i',NULL,NULL,NULL,0,NULL,NULL,NULL,NULL),(822,NULL,NULL,'2018-12-26 17:07:32','2018-12-26 17:17:37','1584942','$2a$11$MlhqULs7wVa.IDTPtH3yHOiu2WcV5Qn8ycSYtQRmh0sbPqiFy/ZOO',NULL,NULL,NULL,0,NULL,NULL,NULL,NULL),(823,NULL,NULL,'2018-12-26 17:07:32','2018-12-26 17:17:37','1585030','$2a$11$a8u68PTDzWH3/JthzTlz8O51BbNigRQbRxrUpfF7yVsL7evrcy.Ju',NULL,NULL,NULL,0,NULL,NULL,NULL,NULL),(824,NULL,NULL,'2018-12-26 17:07:32','2018-12-26 17:17:37','1585048','$2a$11$jb.75pIcXCQQjELz5PgvoODUDhcPAgswr3uVuemybf.nKM2fKBvvC',NULL,NULL,NULL,0,NULL,NULL,NULL,NULL),(825,NULL,NULL,'2018-12-26 17:07:32','2019-01-17 20:28:53','1585049','$2a$11$ZMPD1eCyyabdG3xoCraJuOvaxZjVxLY5ZooyXRYHveB8i6lUcrr5O',NULL,NULL,NULL,2,'2019-01-17 20:28:53','2019-01-17 20:24:33','10.101.84.117','10.101.84.117'),(826,NULL,NULL,'2018-12-26 17:07:33','2018-12-26 17:17:38','1585988','$2a$11$FJe28cb7weaUI6uOj0xjWe7a.rvsHiZY83qNic0u2ba/bnub8zaL2',NULL,NULL,NULL,0,NULL,NULL,NULL,NULL),(827,NULL,NULL,'2018-12-26 17:07:33','2018-12-26 17:17:38','1585743','$2a$11$w8tHVFlGmL6n.whQwpt1NObtfQpQhuvqNHzlF1u/m4XSCAg95eVCO',NULL,NULL,NULL,0,NULL,NULL,NULL,NULL),(828,NULL,NULL,'2018-12-26 17:07:33','2018-12-26 17:17:38','1599789','$2a$11$vf4ETwVBoKltyzMOO6N3iOLBTi.RN0f6K2afFD5UtD/fIMUj4UBKi',NULL,NULL,NULL,0,NULL,NULL,NULL,NULL),(829,NULL,NULL,'2018-12-26 17:07:33','2018-12-26 17:17:38','815023','$2a$11$lcLjlOwUc7r9/fQq83Y2E.l0gOo6IRRy5xh2QuyDNtUJpK/He6krG',NULL,NULL,NULL,0,NULL,NULL,NULL,NULL),(830,NULL,NULL,'2018-12-26 17:07:33','2019-01-17 20:30:34','1607555','$2a$11$R2qC5l4nMUvhCYcDJ/yzuOaMbaLDKOSg.g7m3F1ra9D9Q/Fqkdm8G',NULL,NULL,NULL,2,'2019-01-17 20:30:34','2019-01-17 20:30:00','10.101.84.117','10.101.84.117'),(831,NULL,NULL,'2018-12-26 17:07:33','2018-12-26 17:17:38','1572140','$2a$11$fHeIteMTCnjJcrijFTHEAOezTt8hOClzWbO4I4cbyxg7awswlp0cy',NULL,NULL,NULL,0,NULL,NULL,NULL,NULL),(832,NULL,NULL,'2018-12-26 17:07:34','2018-12-26 17:17:38','1579196','$2a$11$Faswu7V7Pd9CGg6PKBy4b.NGcLgLxN59.aV9mdK0c8UJoNP1KfvY.',NULL,NULL,NULL,0,NULL,NULL,NULL,NULL),(833,NULL,NULL,'2018-12-26 17:07:34','2018-12-26 17:17:39','1618966','$2a$11$oyrxa9kM46lGdauRs.W8m.w84jqqQJ0GPDZvg3QIitdrN5pEzHqJK',NULL,NULL,NULL,0,NULL,NULL,NULL,NULL),(834,NULL,NULL,'2018-12-26 17:07:34','2018-12-26 17:17:39','1347370','$2a$11$tYv0tjaco/HOYWUY.LkiM.uiIdTwQA2MTeAeZ7JDYukXzWw2baP62',NULL,NULL,NULL,0,NULL,NULL,NULL,NULL),(835,NULL,NULL,'2018-12-26 17:07:34','2018-12-26 17:17:39','713984','$2a$11$sSbB6ksBYdSoCuFM57LvxenFUM8jBjswp4AQoy6R5lm3OQrnMAa9C',NULL,NULL,NULL,0,NULL,NULL,NULL,NULL),(836,NULL,NULL,'2018-12-26 17:07:34','2018-12-26 17:17:39','1615559','$2a$11$b9o2fI9MUNxYJzbuSxjkNuXUKOxP7w5g8pfnuTfi9PCYYrjnlIxYG',NULL,NULL,NULL,0,NULL,NULL,NULL,NULL);
/*!40000 ALTER TABLE `users` ENABLE KEYS */;
UNLOCK TABLES;

--
-- Table structure for table `users_roles`
--

DROP TABLE IF EXISTS `users_roles`;
/*!40101 SET @saved_cs_client     = @@character_set_client */;
/*!40101 SET character_set_client = utf8 */;
CREATE TABLE `users_roles` (
  `user_id` bigint(20) DEFAULT NULL,
  `role_id` bigint(20) DEFAULT NULL,
  KEY `index_users_roles_on_user_id` (`user_id`),
  KEY `index_users_roles_on_role_id` (`role_id`),
  KEY `index_users_roles_on_user_id_and_role_id` (`user_id`,`role_id`)
) ENGINE=InnoDB DEFAULT CHARSET=utf8;
/*!40101 SET character_set_client = @saved_cs_client */;

--
-- Dumping data for table `users_roles`
--

LOCK TABLES `users_roles` WRITE;
/*!40000 ALTER TABLE `users_roles` DISABLE KEYS */;
INSERT INTO `users_roles` VALUES (1,1),(2,2),(3,2),(4,2),(5,2),(91,2),(92,2),(93,2),(94,2),(95,2),(96,2),(97,2),(98,2),(99,2),(100,2),(101,2),(102,2),(103,2),(104,2),(105,2),(106,2),(107,2),(108,2),(109,2),(110,2),(111,2),(112,2),(113,2),(114,2),(115,2),(116,2),(117,2),(118,2),(129,2),(130,2),(484,2),(485,2),(486,2),(487,2),(488,2),(489,2),(490,2),(491,2),(492,2),(493,2),(494,2),(495,2),(496,2),(497,2),(498,2),(499,2),(500,2),(501,2),(502,2),(503,2),(504,2),(505,2),(506,2),(507,2),(508,2),(509,2),(510,2),(511,2),(512,2),(513,2),(514,2),(515,2),(516,2),(517,2),(518,2),(519,2),(520,2),(521,2),(522,2),(523,2),(524,2),(525,2),(526,2),(527,2),(528,2),(529,2),(530,2),(531,2),(532,2),(533,2),(534,2),(535,2),(536,2),(537,2),(538,2),(539,2),(540,2),(541,2),(542,2),(543,2),(544,2),(545,2),(546,2),(547,2),(548,2),(549,2),(550,2),(551,2),(552,2),(553,2),(554,2),(555,2),(556,2),(557,2),(558,2),(559,2),(560,2),(561,2),(562,2),(563,2),(564,2),(565,2),(566,2),(567,2),(568,2),(569,2),(570,2),(571,2),(572,2),(573,2),(574,2),(575,2),(576,2),(577,2),(578,2),(579,2),(580,2),(581,2),(582,2),(583,2),(584,2),(585,2),(586,2),(587,2),(588,2),(589,2),(590,2),(591,2),(592,2),(593,2),(594,2),(595,2),(596,2),(597,2),(598,2),(599,2),(600,2),(601,2),(602,2),(603,2),(604,2),(605,2),(606,2),(607,2),(608,2),(609,2),(610,2),(611,2),(612,2),(613,2),(614,2),(615,2),(616,2),(617,2),(618,2),(619,2),(620,2),(621,2),(622,2),(623,2),(624,2),(625,2),(626,2),(627,2),(628,2),(629,2),(630,2),(631,2),(632,2),(633,2),(634,2),(635,2),(636,2),(637,2),(638,2),(639,2),(640,2),(641,2),(642,2),(643,2),(644,2),(645,2),(646,2),(647,2),(648,2),(649,2),(650,2),(651,2),(652,2),(653,2),(654,2),(655,2),(656,2),(657,2),(658,2),(659,2),(660,2),(661,2),(662,2),(663,2),(664,2),(665,2),(666,2),(667,2),(668,2),(669,2),(670,2),(671,2),(672,2),(673,2),(674,2),(675,2),(676,2),(677,2),(678,2),(679,2),(680,2),(681,2),(682,2),(683,2),(684,2),(685,2),(686,2),(687,2),(688,2),(689,2),(690,2),(691,2),(692,2),(693,2),(694,2),(695,2),(696,2),(697,2),(698,2),(699,2),(700,2),(701,2),(702,2),(703,2),(704,2),(705,2),(706,2),(707,2),(708,2),(709,2),(710,2),(711,2),(712,2),(713,2),(714,2),(715,2),(716,2),(717,2),(718,2),(719,2),(720,2),(721,2),(722,2),(723,2),(724,2),(725,2),(726,2),(727,2),(728,2),(729,2),(730,2),(731,2),(732,2),(733,2),(734,2),(735,2),(736,2),(737,2),(738,2),(739,2),(740,2),(741,2),(742,2),(743,2),(744,2),(745,2),(746,2),(747,2),(748,2),(749,2),(750,2),(751,2),(752,2),(753,2),(754,2),(755,2),(756,2),(757,2),(758,2),(759,2),(760,2),(761,2),(762,2),(763,2),(764,2),(765,2),(766,2),(767,2),(768,2),(769,2),(770,2),(771,2),(772,2),(773,2),(774,2),(775,2),(776,2),(777,2),(778,2),(779,2),(780,2),(781,2),(782,2),(783,2),(784,2),(785,2),(786,2),(787,2),(788,2),(789,2),(790,2),(791,2),(792,2),(793,2),(794,2),(795,2),(796,2),(797,2),(798,2),(799,2),(800,2),(801,2),(802,2),(803,2),(804,2),(805,2),(806,2),(807,2),(808,2),(809,2),(810,2),(811,2),(812,2),(813,2),(814,2),(815,2),(816,2),(817,2),(818,2),(819,2),(820,2),(821,2),(822,2),(823,2),(824,2),(825,2),(826,2),(827,2),(828,2),(829,2),(830,2),(831,2),(832,2),(833,2),(834,2),(835,2),(836,2);
/*!40000 ALTER TABLE `users_roles` ENABLE KEYS */;
UNLOCK TABLES;
/*!40103 SET TIME_ZONE=@OLD_TIME_ZONE */;

/*!40101 SET SQL_MODE=@OLD_SQL_MODE */;
/*!40014 SET FOREIGN_KEY_CHECKS=@OLD_FOREIGN_KEY_CHECKS */;
/*!40014 SET UNIQUE_CHECKS=@OLD_UNIQUE_CHECKS */;
/*!40101 SET CHARACTER_SET_CLIENT=@OLD_CHARACTER_SET_CLIENT */;
/*!40101 SET CHARACTER_SET_RESULTS=@OLD_CHARACTER_SET_RESULTS */;
/*!40101 SET COLLATION_CONNECTION=@OLD_COLLATION_CONNECTION */;
/*!40111 SET SQL_NOTES=@OLD_SQL_NOTES */;

-- Dump completed on 2019-01-18 17:55:25
