-- MySQL dump 10.13  Distrib 5.7.24, for Linux (x86_64)
--
-- Host: localhost    Database: tatapp26_development
-- ------------------------------------------------------
-- Server version	5.7.24-0ubuntu0.18.04.1

/*!40101 SET @OLD_CHARACTER_SET_CLIENT=@@CHARACTER_SET_CLIENT */;
/*!40101 SET @OLD_CHARACTER_SET_RESULTS=@@CHARACTER_SET_RESULTS */;
/*!40101 SET @OLD_COLLATION_CONNECTION=@@COLLATION_CONNECTION */;
/*!40101 SET NAMES utf8 */;
/*!40103 SET @OLD_TIME_ZONE=@@TIME_ZONE */;
/*!40103 SET TIME_ZONE='+00:00' */;
/*!40014 SET @OLD_UNIQUE_CHECKS=@@UNIQUE_CHECKS, UNIQUE_CHECKS=0 */;
/*!40014 SET @OLD_FOREIGN_KEY_CHECKS=@@FOREIGN_KEY_CHECKS, FOREIGN_KEY_CHECKS=0 */;
/*!40101 SET @OLD_SQL_MODE=@@SQL_MODE, SQL_MODE='NO_AUTO_VALUE_ON_ZERO' */;
/*!40111 SET @OLD_SQL_NOTES=@@SQL_NOTES, SQL_NOTES=0 */;

--
-- Table structure for table `ar_internal_metadata`
--

DROP TABLE IF EXISTS `ar_internal_metadata`;
/*!40101 SET @saved_cs_client     = @@character_set_client */;
/*!40101 SET character_set_client = utf8 */;
CREATE TABLE `ar_internal_metadata` (
  `key` varchar(255) NOT NULL,
  `value` varchar(255) DEFAULT NULL,
  `created_at` datetime NOT NULL,
  `updated_at` datetime NOT NULL,
  PRIMARY KEY (`key`)
) ENGINE=InnoDB DEFAULT CHARSET=utf8;
/*!40101 SET character_set_client = @saved_cs_client */;

--
-- Dumping data for table `ar_internal_metadata`
--

LOCK TABLES `ar_internal_metadata` WRITE;
/*!40000 ALTER TABLE `ar_internal_metadata` DISABLE KEYS */;
INSERT INTO `ar_internal_metadata` VALUES ('environment','development','2018-12-11 17:33:12','2018-12-11 17:33:12');
/*!40000 ALTER TABLE `ar_internal_metadata` ENABLE KEYS */;
UNLOCK TABLES;

--
-- Table structure for table `assignments`
--

DROP TABLE IF EXISTS `assignments`;
/*!40101 SET @saved_cs_client     = @@character_set_client */;
/*!40101 SET character_set_client = utf8 */;
CREATE TABLE `assignments` (
  `id` bigint(20) NOT NULL AUTO_INCREMENT,
  `project_id` bigint(20) NOT NULL,
  `employee_id` bigint(20) NOT NULL,
  `seat_id` bigint(20) NOT NULL,
  `assignment_date` date NOT NULL,
  `status` int(11) NOT NULL,
  `created_at` datetime NOT NULL,
  `updated_at` datetime NOT NULL,
  PRIMARY KEY (`id`),
  KEY `fk_rails_1eb99de2cc` (`seat_id`),
  KEY `fk_rails_d0980e430f` (`employee_id`),
  KEY `fk_rails_4d3d2c839c` (`project_id`),
  CONSTRAINT `fk_rails_1eb99de2cc` FOREIGN KEY (`seat_id`) REFERENCES `seats` (`id`),
  CONSTRAINT `fk_rails_4d3d2c839c` FOREIGN KEY (`project_id`) REFERENCES `projects` (`id`),
  CONSTRAINT `fk_rails_d0980e430f` FOREIGN KEY (`employee_id`) REFERENCES `employees` (`id`)
) ENGINE=InnoDB AUTO_INCREMENT=17 DEFAULT CHARSET=utf8;
/*!40101 SET character_set_client = @saved_cs_client */;

--
-- Dumping data for table `assignments`
--

LOCK TABLES `assignments` WRITE;
/*!40000 ALTER TABLE `assignments` DISABLE KEYS */;
/*!40000 ALTER TABLE `assignments` ENABLE KEYS */;
UNLOCK TABLES;

--
-- Table structure for table `employees`
--

DROP TABLE IF EXISTS `employees`;
/*!40101 SET @saved_cs_client     = @@character_set_client */;
/*!40101 SET character_set_client = utf8 */;
CREATE TABLE `employees` (
  `id` bigint(20) NOT NULL AUTO_INCREMENT,
  `name` varchar(255) NOT NULL,
  `number` varchar(30) NOT NULL,
  `admission_date` date NOT NULL,
  `birth_date` date NOT NULL,
  `status` int(11) NOT NULL DEFAULT '1',
  `assignment_type` int(11) NOT NULL DEFAULT '1',
  `seat_id` bigint(20) DEFAULT NULL,
  `project_id` bigint(20) NOT NULL,
  `created_at` datetime NOT NULL,
  `updated_at` datetime NOT NULL,
  `confirmed` int(11) NOT NULL DEFAULT '0',
  PRIMARY KEY (`id`),
  UNIQUE KEY `index_employees_on_number` (`number`),
  KEY `fk_rails_f3055ce412` (`project_id`),
  KEY `fk_rails_c961385dd5` (`seat_id`),
  CONSTRAINT `fk_rails_c961385dd5` FOREIGN KEY (`seat_id`) REFERENCES `seats` (`id`),
  CONSTRAINT `fk_rails_f3055ce412` FOREIGN KEY (`project_id`) REFERENCES `projects` (`id`)
) ENGINE=InnoDB AUTO_INCREMENT=130 DEFAULT CHARSET=utf8;
/*!40101 SET character_set_client = @saved_cs_client */;

--
-- Dumping data for table `employees`
--

LOCK TABLES `employees` WRITE;
/*!40000 ALTER TABLE `employees` DISABLE KEYS */;
INSERT INTO `employees` VALUES (1,'Julio Pinzon','1111111','2017-05-22','1984-10-06',2,1,NULL,1,'2018-12-11 17:33:19','2018-12-11 17:33:19',0),(2,'Diego Ochoa','2222222','2017-05-22','1989-12-11',2,1,NULL,1,'2018-12-11 17:33:19','2018-12-11 17:33:19',0),(3,'Paola Bernal','3333333','2017-05-22','1989-12-11',2,1,NULL,2,'2018-12-11 17:33:19','2018-12-11 17:33:19',0),(4,'Paola Cardenas','4444444','2017-05-22','1989-12-11',2,1,NULL,2,'2018-12-11 17:33:19','2018-12-11 17:33:19',0),(90,'Cesar Augusto Gomez','823773','2000-01-01','2000-01-02',1,2,NULL,2,'2018-12-11 17:46:40','2018-12-24 16:04:03',0),(91,'Luz Karime Valderrama  Santibanez','891541','2000-01-01','2000-01-02',1,2,NULL,2,'2018-12-11 17:46:40','2018-12-24 16:04:03',0),(92,'Juan Gabriel Rodriguez Fernandez','1220234','2000-01-01','2000-01-02',1,2,NULL,2,'2018-12-11 17:46:40','2018-12-24 16:04:03',1),(93,'Luis Parody','1563056','2000-01-01','2000-01-02',1,2,NULL,2,'2018-12-11 17:46:40','2018-12-24 16:04:03',0),(94,'Oscar Javier Angel Balcazar','1537117','2000-01-01','2000-01-02',1,2,NULL,2,'2018-12-11 17:46:40','2018-12-24 16:04:03',1),(95,'Mr. Yeison Alberto Lopez Pascuas','1048222','2000-01-01','2000-01-02',1,1,NULL,1,'2018-12-11 17:47:21','2018-12-24 16:04:03',0),(96,'Ms. Marisol   Higuera','1304238','2000-01-01','2000-01-02',1,1,NULL,1,'2018-12-11 17:47:21','2018-12-24 16:04:03',0),(97,'Mr. Julian Ricardo Jimenez Hinestroza','1384198','2000-01-01','2000-01-02',1,1,NULL,1,'2018-12-11 17:47:21','2018-12-24 16:04:03',0),(98,'Mr. Tanmay   .','741605','2000-01-01','2000-01-02',1,1,NULL,1,'2018-12-11 17:47:21','2018-12-24 16:04:03',0),(99,'Ms. Nini Johanna Gutierrez Rojas','1571452','2000-01-01','2000-01-02',1,1,NULL,1,'2018-12-11 17:47:21','2018-12-24 16:04:03',0),(100,'Ms. Jennifer   Bermudez Tunjano - Pasante','1560763','2000-01-01','2000-01-02',1,1,NULL,1,'2018-12-11 17:47:21','2018-12-24 16:04:03',0),(101,'Ms. Daniela Lopez Lopez Carol - Pasante','1562211','2000-01-01','2000-01-02',1,1,NULL,1,'2018-12-11 17:47:22','2018-12-24 16:04:03',0),(102,'Ms. Yulieth Alexandra Talero - Pasante','1419749','2000-01-01','2000-01-02',1,1,NULL,1,'2018-12-11 17:47:22','2018-12-24 16:04:03',0),(103,'Mr. Elvis Ariel Mora Gamez','858973','2000-01-01','2000-01-02',1,1,NULL,1,'2018-12-11 17:47:22','2018-12-24 16:04:03',1),(104,'Ms. Lina Andrea Guarnizo Espinosa','1454083','2000-01-01','2000-01-02',1,1,NULL,1,'2018-12-11 17:47:22','2018-12-24 16:04:03',0),(105,'Mr. Fredy Alexander Munoz Bermudez','1455711','2000-01-01','2000-01-02',1,1,NULL,1,'2018-12-11 17:47:22','2018-12-24 16:04:03',0),(106,'Ms. Leidy Viviana Gomez Espitia - Pasante','1460041','2000-01-01','2000-01-02',1,1,NULL,1,'2018-12-11 17:47:22','2018-12-24 16:55:18',1),(107,'Jorge Garcia - Pasante','1560764','2000-01-01','2000-01-02',1,1,NULL,1,'2018-12-11 17:47:23','2018-12-24 16:04:03',0),(108,'Gysella Andrea Pineda Quintero','1450706','2000-01-01','2000-01-02',1,1,NULL,1,'2018-12-11 17:47:23','2018-12-24 16:04:03',0),(109,'Jeniffer lasso','1436448','2000-01-01','2000-01-02',1,1,NULL,1,'2018-12-11 17:47:23','2018-12-24 16:04:03',0),(110,'Manuel Fernando Parra Rodriguez','1343849','2000-01-01','2000-01-02',1,1,NULL,2,'2018-12-13 16:19:42','2018-12-24 16:04:03',1),(111,'Edwin Jair Quintero Quintero','1343984','2000-01-01','2000-01-02',1,1,NULL,2,'2018-12-13 16:19:42','2018-12-24 16:04:03',0),(112,'Maria Fernanda Mejia','1462600','2000-01-01','2000-01-02',1,1,NULL,5,'2018-12-13 16:19:42','2018-12-24 16:04:03',0),(113,'Fredy Sanchez','1528626','2000-01-01','2000-01-02',1,1,NULL,5,'2018-12-13 16:19:42','2018-12-24 16:04:03',0),(114,'Adriana Bonilla Chaves','794526','2000-01-01','2000-01-02',1,1,NULL,4,'2018-12-13 16:19:43','2018-12-24 16:04:03',0),(115,'Alejandro Casanova Mutis','1263223','2000-01-01','2000-01-02',1,1,NULL,4,'2018-12-13 16:19:43','2018-12-24 16:04:03',0),(116,'Alvaro Javier Del Toro Diaz','1452222','2000-01-01','2000-01-02',2,1,NULL,3,'2018-12-13 16:19:43','2018-12-13 16:19:43',0),(117,'Bonilla Larrota,Mr. Juan Pablo','1434181','2000-01-01','2000-01-02',2,1,NULL,3,'2018-12-13 16:19:43','2018-12-13 16:19:43',0),(128,'Maldonado, Brickney Carim (Brickney)','852989','2000-01-01','2000-01-02',1,1,NULL,11,'2018-12-19 20:03:17','2018-12-24 16:04:03',0),(129,'Sanabria Romero, Alejandro Arturo','862448','2000-01-01','2000-01-02',1,2,NULL,11,'2018-12-19 20:03:17','2018-12-24 16:04:03',0);
/*!40000 ALTER TABLE `employees` ENABLE KEYS */;
UNLOCK TABLES;

--
-- Table structure for table `maps`
--

DROP TABLE IF EXISTS `maps`;
/*!40101 SET @saved_cs_client     = @@character_set_client */;
/*!40101 SET character_set_client = utf8 */;
CREATE TABLE `maps` (
  `id` bigint(20) NOT NULL AUTO_INCREMENT,
  `name` varchar(255) NOT NULL,
  `seats` text,
  `height` int(11) NOT NULL,
  `width` int(11) NOT NULL,
  `seats_total` int(11) NOT NULL,
  `project_id` bigint(20) NOT NULL,
  `created_at` datetime NOT NULL,
  `updated_at` datetime NOT NULL,
  PRIMARY KEY (`id`),
  KEY `fk_rails_a90d6cd6e2` (`project_id`),
  CONSTRAINT `fk_rails_a90d6cd6e2` FOREIGN KEY (`project_id`) REFERENCES `projects` (`id`)
) ENGINE=InnoDB AUTO_INCREMENT=19 DEFAULT CHARSET=utf8;
/*!40101 SET character_set_client = @saved_cs_client */;

--
-- Dumping data for table `maps`
--

LOCK TABLES `maps` WRITE;
/*!40000 ALTER TABLE `maps` DISABLE KEYS */;
INSERT INTO `maps` VALUES (5,'MapaGrupoSoporte','1_6,1_5,1_4,1_3,2_3,2_4,2_6,2_5,4_4,4_3,4_2,4_1,5_1,5_2,5_3',6,6,15,1,'2018-12-11 19:51:37','2018-12-11 19:51:37'),(12,'MapaTELCOS','2_2,2_3,2_4,2_6,2_7,2_53,2_54,3_2,3_3,3_4,3_5,3_6,3_7,3_53,3_54,5_13,5_14,8_13,9_13,8_14,9_14,5_16,6_16,7_16,8_16,9_16,8_17,7_17,6_17,5_17,9_19,8_19,7_19,6_19,5_19,5_20,6_20,7_20,8_20,9_20,9_22,6_22,5_22,5_23,6_23,9_23,5_25,6_25,7_25,8_25,9_25,9_26,8_26,7_26,6_26,5_26,8_28,7_28,6_28,5_28,5_29,6_29,7_29,8_29,9_29,8_31,9_31,8_32,9_32,5_31,5_32,8_35,7_35,6_35,5_35,9_38,8_38,7_38,6_38,5_38,8_41,7_41,6_41,5_41,5_44,6_44,9_44,9_47,8_47,7_47,6_47,5_47,10_50,9_50,5_50,6_50,5_53,6_53,7_53,8_53,5_56,6_56,7_56,8_56,5_59,6_59,7_59,8_59,9_59,5_34,6_34,7_34,8_34,5_37,6_37,7_37,8_37,9_37,5_40,6_40,7_40,8_40,5_43,6_43,9_43,5_46,6_46,7_46,8_46,9_46,5_49,6_49,9_49,10_49,5_52,6_52,7_52,8_52,5_55,6_55,7_55,8_55,5_58,6_58,7_58,8_58,9_58,5_61,6_61,5_62,6_62,9_61,10_61,10_62,9_62,10_58,10_59',10,62,153,2,'2018-12-19 19:58:29','2018-12-19 19:58:29'),(13,'MapaDavivienda','2_3,3_3,2_4,3_4,2_7,3_7,2_8,3_8,5_2,5_3,5_4,5_5,5_6,5_7,5_8,6_2,6_3,6_4,6_5,6_6,6_7,6_8,8_8,9_8,9_7,9_6,9_5,9_4,8_6,8_7,11_8,11_7,11_6,11_5,11_4,11_3,11_2,12_2,12_3,12_4,12_5,12_6,12_7,12_8,14_8,15_8,14_7,15_7,14_6,15_6,14_5,15_5,31_2,31_3,31_4,31_5,31_6,31_7,31_8,30_8,30_7,30_6,30_5,30_4,30_3,30_2,28_8,28_7,28_6,27_6,27_7,27_8,27_3,27_2,28_2,28_3,25_8,25_7,24_7,24_8,25_4,25_3,25_2,24_2,24_3,24_4',32,9,86,3,'2018-12-26 02:40:48','2018-12-26 02:40:48'),(14,'MapaABINBEV','5_9,6_9,7_9,8_9,4_5,4_6,5_6,5_5,6_5,6_6,3_5,3_6,4_9,1_4,1_5,11_13,11_12,10_12,10_13,9_12,9_13,8_13,8_12,7_12,7_13,6_13,6_12,5_12,5_13,4_12,4_13,3_9,7_8,8_8,6_8,5_8,4_8,3_8,1_8,1_7',12,14,40,4,'2018-12-26 02:51:12','2018-12-26 02:51:12'),(15,'MapaAvianca','1_4,1_5,1_7,1_8,3_9,3_8,3_6,3_5,4_3,4_2,5_2,7_2,6_2,8_2,9_2,10_2,11_2,5_3,6_3,7_3,8_3,9_3,11_3,10_3,4_5,4_6,7_5,7_6,8_5,8_6,9_6,9_5,10_5,10_6,11_5,11_6',12,9,36,5,'2018-12-26 02:56:56','2018-12-26 02:56:56'),(16,'MapaBFSI','1_2,3_2,4_2,6_2,6_3,6_4,4_3,3_3,6_5',7,5,9,7,'2018-12-26 03:00:17','2018-12-26 03:00:17'),(17,'MapaBRM','2_2,3_2,2_3,3_3,5_2,6_2,5_3,6_3',6,4,8,6,'2018-12-26 03:03:17','2018-12-26 03:03:17'),(18,'MapaTigo','1_8,1_7,1_5,1_4,3_8,3_7,3_6,3_5,3_4,3_3,3_2,4_2,4_3,4_8,4_7,9_8,10_8,10_7,9_7,10_6,9_6,9_5,10_5,9_4,10_4,9_3,10_3,9_2,10_2,7_2,6_2,6_8,7_8,6_7,7_7,6_3,7_3,6_4,7_4',11,9,39,11,'2018-12-26 03:06:57','2018-12-26 03:06:57');
/*!40000 ALTER TABLE `maps` ENABLE KEYS */;
UNLOCK TABLES;

--
-- Table structure for table `projects`
--

DROP TABLE IF EXISTS `projects`;
/*!40101 SET @saved_cs_client     = @@character_set_client */;
/*!40101 SET character_set_client = utf8 */;
CREATE TABLE `projects` (
  `id` bigint(20) NOT NULL AUTO_INCREMENT,
  `name` varchar(255) NOT NULL,
  `status` int(11) NOT NULL DEFAULT '1',
  `tag` varchar(3) NOT NULL,
  `created_at` datetime NOT NULL,
  `updated_at` datetime NOT NULL,
  PRIMARY KEY (`id`)
) ENGINE=InnoDB AUTO_INCREMENT=12 DEFAULT CHARSET=utf8;
/*!40101 SET character_set_client = @saved_cs_client */;

--
-- Dumping data for table `projects`
--

LOCK TABLES `projects` WRITE;
/*!40000 ALTER TABLE `projects` DISABLE KEYS */;
INSERT INTO `projects` VALUES (1,'Grupo Soporte',1,'GS','2018-12-11 17:33:18','2018-12-11 17:33:18'),(2,'Claro/Telmex',1,'CL','2018-12-11 17:33:18','2018-12-11 17:33:18'),(3,'Davivienda',1,'DA','2018-12-11 17:33:18','2018-12-11 17:33:18'),(4,'ABINBEV',1,'AB','2018-12-11 17:33:18','2018-12-11 17:33:18'),(5,'AVIANCA',1,'AV','2018-12-11 17:33:18','2018-12-11 17:33:18'),(6,'Retail SWON',1,'RE','2018-12-11 17:33:18','2018-12-11 17:33:18'),(7,'BFSI SWON',1,'BF','2018-12-11 17:33:18','2018-12-11 17:33:18'),(8,'ENTSOL',1,'EN','2018-12-11 17:33:18','2018-12-11 17:33:18'),(9,'SWON CMI',1,'SW','2018-12-11 17:33:18','2018-12-11 17:33:18'),(10,'Compliance SWON',1,'CO','2018-12-11 17:33:18','2018-12-11 17:33:18'),(11,'TIGO',1,'TI','2018-12-11 17:33:18','2018-12-11 17:33:18');
/*!40000 ALTER TABLE `projects` ENABLE KEYS */;
UNLOCK TABLES;

--
-- Table structure for table `roles`
--

DROP TABLE IF EXISTS `roles`;
/*!40101 SET @saved_cs_client     = @@character_set_client */;
/*!40101 SET character_set_client = utf8 */;
CREATE TABLE `roles` (
  `id` bigint(20) NOT NULL AUTO_INCREMENT,
  `name` varchar(255) DEFAULT NULL,
  `resource_type` varchar(255) DEFAULT NULL,
  `resource_id` bigint(20) DEFAULT NULL,
  `created_at` datetime NOT NULL,
  `updated_at` datetime NOT NULL,
  PRIMARY KEY (`id`),
  KEY `index_roles_on_resource_type_and_resource_id` (`resource_type`,`resource_id`),
  KEY `index_roles_on_name` (`name`),
  KEY `index_roles_on_name_and_resource_type_and_resource_id` (`name`,`resource_type`,`resource_id`)
) ENGINE=InnoDB AUTO_INCREMENT=3 DEFAULT CHARSET=utf8;
/*!40101 SET character_set_client = @saved_cs_client */;

--
-- Dumping data for table `roles`
--

LOCK TABLES `roles` WRITE;
/*!40000 ALTER TABLE `roles` DISABLE KEYS */;
INSERT INTO `roles` VALUES (1,'admin',NULL,NULL,'2018-12-11 17:33:18','2018-12-11 17:33:18'),(2,'employee',NULL,NULL,'2018-12-11 17:33:18','2018-12-11 17:33:18');
/*!40000 ALTER TABLE `roles` ENABLE KEYS */;
UNLOCK TABLES;

--
-- Table structure for table `schema_migrations`
--

DROP TABLE IF EXISTS `schema_migrations`;
/*!40101 SET @saved_cs_client     = @@character_set_client */;
/*!40101 SET character_set_client = utf8 */;
CREATE TABLE `schema_migrations` (
  `version` varchar(255) NOT NULL,
  PRIMARY KEY (`version`)
) ENGINE=InnoDB DEFAULT CHARSET=utf8;
/*!40101 SET character_set_client = @saved_cs_client */;

--
-- Dumping data for table `schema_migrations`
--

LOCK TABLES `schema_migrations` WRITE;
/*!40000 ALTER TABLE `schema_migrations` DISABLE KEYS */;
INSERT INTO `schema_migrations` VALUES ('20181125150022'),('20181205030857'),('20181205035634'),('20181206235806'),('20181207001245'),('20181207005912'),('20181207010426'),('20181207010454'),('20181214214033'),('20181217011542'),('20181219181228');
/*!40000 ALTER TABLE `schema_migrations` ENABLE KEYS */;
UNLOCK TABLES;

--
-- Table structure for table `seats`
--

DROP TABLE IF EXISTS `seats`;
/*!40101 SET @saved_cs_client     = @@character_set_client */;
/*!40101 SET character_set_client = utf8 */;
CREATE TABLE `seats` (
  `id` bigint(20) NOT NULL AUTO_INCREMENT,
  `project_id` bigint(20) NOT NULL,
  `code` varchar(10) NOT NULL,
  `status` int(11) NOT NULL DEFAULT '1',
  `assignment_date` date DEFAULT NULL,
  `map_id` bigint(20) NOT NULL,
  `html_id` varchar(255) NOT NULL,
  `fixed` tinyint(1) NOT NULL DEFAULT '0',
  `created_at` datetime NOT NULL,
  `updated_at` datetime NOT NULL,
  PRIMARY KEY (`id`),
  KEY `fk_rails_93e3b7506d` (`project_id`),
  KEY `fk_rails_f35d21dd46` (`map_id`),
  CONSTRAINT `fk_rails_93e3b7506d` FOREIGN KEY (`project_id`) REFERENCES `projects` (`id`),
  CONSTRAINT `fk_rails_f35d21dd46` FOREIGN KEY (`map_id`) REFERENCES `maps` (`id`)
) ENGINE=InnoDB AUTO_INCREMENT=1521 DEFAULT CHARSET=utf8;
/*!40101 SET character_set_client = @saved_cs_client */;

--
-- Dumping data for table `seats`
--

LOCK TABLES `seats` WRITE;
/*!40000 ALTER TABLE `seats` DISABLE KEYS */;
INSERT INTO `seats` VALUES (1131,5,'1',1,NULL,15,'1_4',0,'2018-12-26 14:33:13','2018-12-26 14:33:13'),(1132,5,'2',1,NULL,15,'1_5',0,'2018-12-26 14:33:17','2018-12-26 14:33:17'),(1133,5,'3',1,NULL,15,'1_7',0,'2018-12-26 14:33:23','2018-12-26 14:33:23'),(1134,5,'4',1,NULL,15,'1_8',0,'2018-12-26 14:33:26','2018-12-26 14:33:26'),(1135,5,'13',1,NULL,15,'4_2',0,'2018-12-26 14:34:18','2018-12-26 14:34:18'),(1136,5,'14',1,NULL,15,'5_2',0,'2018-12-26 14:37:24','2018-12-26 14:37:24'),(1137,5,'15',1,NULL,15,'6_2',0,'2018-12-26 14:37:29','2018-12-26 14:37:29'),(1138,5,'16',1,NULL,15,'7_2',0,'2018-12-26 14:37:34','2018-12-26 14:37:34'),(1139,5,'17',1,NULL,15,'8_2',0,'2018-12-26 14:37:38','2018-12-26 14:37:38'),(1140,5,'18',1,NULL,15,'9_2',0,'2018-12-26 14:37:44','2018-12-26 14:37:44'),(1141,5,'19',1,NULL,15,'10_2',0,'2018-12-26 14:37:49','2018-12-26 14:37:49'),(1142,5,'20',1,NULL,15,'11_2',0,'2018-12-26 14:37:53','2018-12-26 14:37:53'),(1143,5,'21',1,NULL,15,'11_3',0,'2018-12-26 14:38:03','2018-12-26 14:38:03'),(1144,5,'22',1,NULL,15,'10_3',0,'2018-12-26 14:38:06','2018-12-26 14:38:06'),(1145,5,'23',1,NULL,15,'9_3',0,'2018-12-26 14:38:10','2018-12-26 14:38:10'),(1146,5,'24',1,NULL,15,'8_3',0,'2018-12-26 14:38:13','2018-12-26 14:38:13'),(1147,5,'25',1,NULL,15,'7_3',0,'2018-12-26 14:38:18','2018-12-26 14:38:18'),(1148,5,'26',1,NULL,15,'6_3',0,'2018-12-26 14:38:21','2018-12-26 14:38:21'),(1149,5,'27',1,NULL,15,'5_3',0,'2018-12-26 14:38:25','2018-12-26 14:38:25'),(1150,5,'28',1,NULL,15,'4_3',0,'2018-12-26 14:38:31','2018-12-26 14:38:31'),(1151,5,'29',1,NULL,15,'3_5',0,'2018-12-26 14:38:37','2018-12-26 14:38:37'),(1152,5,'30',1,NULL,15,'4_5',0,'2018-12-26 14:38:41','2018-12-26 14:38:41'),(1153,5,'31',1,NULL,15,'7_5',0,'2018-12-26 14:38:46','2018-12-26 14:38:46'),(1154,5,'32',1,NULL,15,'8_5',0,'2018-12-26 14:38:49','2018-12-26 14:38:49'),(1155,5,'33',1,NULL,15,'9_5',0,'2018-12-26 14:38:53','2018-12-26 14:38:53'),(1156,5,'34',1,NULL,15,'10_5',0,'2018-12-26 14:38:56','2018-12-26 14:38:56'),(1157,5,'35',1,NULL,15,'11_5',0,'2018-12-26 14:39:00','2018-12-26 14:39:00'),(1158,5,'42',1,NULL,15,'3_6',0,'2018-12-26 14:39:08','2018-12-26 14:39:08'),(1159,5,'41',1,NULL,15,'4_6',0,'2018-12-26 14:39:12','2018-12-26 14:39:12'),(1160,5,'40',1,NULL,15,'7_6',0,'2018-12-26 14:39:19','2018-12-26 14:39:19'),(1161,5,'39',1,NULL,15,'8_6',0,'2018-12-26 14:39:31','2018-12-26 14:39:31'),(1162,5,'38',1,NULL,15,'9_6',0,'2018-12-26 14:39:38','2018-12-26 14:39:38'),(1163,5,'37',1,NULL,15,'10_6',0,'2018-12-26 14:39:43','2018-12-26 14:39:43'),(1164,5,'36',1,NULL,15,'11_6',0,'2018-12-26 14:39:48','2018-12-26 14:39:48'),(1165,5,'43',1,NULL,15,'3_8',0,'2018-12-26 14:39:53','2018-12-26 14:39:53'),(1166,5,'44',1,NULL,15,'3_9',0,'2018-12-26 14:39:57','2018-12-26 14:39:57'),(1167,4,'5',1,NULL,14,'1_4',0,'2018-12-26 14:40:11','2018-12-26 14:40:11'),(1168,4,'6',1,NULL,14,'1_5',0,'2018-12-26 14:40:15','2018-12-26 14:40:15'),(1169,4,'7',1,NULL,14,'1_7',0,'2018-12-26 14:40:18','2018-12-26 14:40:18'),(1170,4,'8',1,NULL,14,'1_8',0,'2018-12-26 14:40:25','2018-12-26 14:40:25'),(1171,4,'45',1,NULL,14,'3_5',0,'2018-12-26 14:40:32','2018-12-26 14:40:32'),(1172,4,'46',1,NULL,14,'4_5',0,'2018-12-26 14:40:36','2018-12-26 14:40:36'),(1173,4,'47',1,NULL,14,'5_5',0,'2018-12-26 14:40:42','2018-12-26 14:40:42'),(1174,4,'48',1,NULL,14,'6_5',0,'2018-12-26 14:40:47','2018-12-26 14:40:47'),(1175,4,'52',1,NULL,14,'3_6',0,'2018-12-26 14:40:53','2018-12-26 14:40:53'),(1176,4,'49',1,NULL,14,'6_6',0,'2018-12-26 14:40:56','2018-12-26 14:40:56'),(1177,4,'50',1,NULL,14,'5_6',0,'2018-12-26 14:41:00','2018-12-26 14:41:00'),(1178,4,'51',1,NULL,14,'4_6',0,'2018-12-26 14:41:04','2018-12-26 14:41:04'),(1179,4,'53',1,NULL,14,'3_8',0,'2018-12-26 14:41:14','2018-12-26 14:41:14'),(1180,4,'54',1,NULL,14,'4_8',0,'2018-12-26 14:41:19','2018-12-26 14:41:19'),(1181,4,'55',1,NULL,14,'5_8',0,'2018-12-26 14:41:22','2018-12-26 14:41:22'),(1182,4,'56',1,NULL,14,'6_8',0,'2018-12-26 14:41:25','2018-12-26 14:41:25'),(1183,4,'57',1,NULL,14,'7_8',0,'2018-12-26 14:41:30','2018-12-26 14:41:30'),(1184,4,'58',1,NULL,14,'8_8',0,'2018-12-26 14:41:34','2018-12-26 14:41:34'),(1185,4,'63',1,NULL,14,'8_9',0,'2018-12-26 14:41:48','2018-12-26 14:41:48'),(1186,4,'64',1,NULL,14,'7_9',0,'2018-12-26 14:41:54','2018-12-26 14:41:54'),(1187,4,'65',1,NULL,14,'6_9',0,'2018-12-26 14:41:57','2018-12-26 14:41:57'),(1188,4,'66',1,NULL,14,'5_9',0,'2018-12-26 14:42:01','2018-12-26 14:42:01'),(1189,4,'67',1,NULL,14,'4_9',0,'2018-12-26 14:42:04','2018-12-26 14:42:04'),(1190,4,'68',1,NULL,14,'3_9',0,'2018-12-26 14:42:09','2018-12-26 14:42:09'),(1191,4,'69',1,NULL,14,'4_12',0,'2018-12-26 14:42:19','2018-12-26 14:42:19'),(1192,4,'70',1,NULL,14,'5_12',0,'2018-12-26 14:42:24','2018-12-26 14:42:24'),(1193,4,'71',1,NULL,14,'6_12',0,'2018-12-26 14:42:30','2018-12-26 14:42:30'),(1194,4,'72',1,NULL,14,'7_12',0,'2018-12-26 14:42:38','2018-12-26 14:42:38'),(1195,4,'73',1,NULL,14,'8_12',0,'2018-12-26 14:42:42','2018-12-26 14:42:42'),(1196,4,'74',1,NULL,14,'9_12',0,'2018-12-26 14:42:46','2018-12-26 14:42:46'),(1197,4,'75',1,NULL,14,'10_12',0,'2018-12-26 14:42:49','2018-12-26 14:42:49'),(1198,4,'76',1,NULL,14,'11_12',0,'2018-12-26 14:42:52','2018-12-26 14:42:52'),(1199,4,'77',1,NULL,14,'11_13',0,'2018-12-26 14:43:03','2018-12-26 14:43:03'),(1200,4,'78',1,NULL,14,'10_13',0,'2018-12-26 14:43:08','2018-12-26 14:43:08'),(1201,4,'79',1,NULL,14,'9_13',0,'2018-12-26 14:43:11','2018-12-26 14:43:11'),(1202,4,'80',1,NULL,14,'8_13',0,'2018-12-26 14:43:14','2018-12-26 14:43:14'),(1203,4,'81',1,NULL,14,'7_13',0,'2018-12-26 14:43:17','2018-12-26 14:43:17'),(1204,4,'82',1,NULL,14,'6_13',0,'2018-12-26 14:43:21','2018-12-26 14:43:21'),(1205,4,'83',1,NULL,14,'5_13',0,'2018-12-26 14:43:25','2018-12-26 14:43:25'),(1206,4,'84',1,NULL,14,'4_13',0,'2018-12-26 14:43:29','2018-12-26 14:43:29'),(1207,11,'9',1,NULL,18,'1_4',0,'2018-12-26 14:45:29','2018-12-26 14:45:29'),(1208,11,'10',1,NULL,18,'1_5',0,'2018-12-26 14:45:33','2018-12-26 14:45:33'),(1209,11,'11',1,NULL,18,'1_7',0,'2018-12-26 14:45:35','2018-12-26 14:45:35'),(1210,11,'12',1,NULL,18,'1_8',0,'2018-12-26 14:45:38','2018-12-26 14:45:38'),(1211,11,'85',1,NULL,18,'3_2',0,'2018-12-26 14:45:49','2018-12-26 14:45:49'),(1212,11,'86',1,NULL,18,'3_3',0,'2018-12-26 14:45:53','2018-12-26 14:45:53'),(1213,11,'87',1,NULL,18,'3_4',0,'2018-12-26 14:45:57','2018-12-26 14:45:57'),(1214,11,'88',1,NULL,18,'3_5',0,'2018-12-26 14:45:59','2018-12-26 14:45:59'),(1215,11,'89',1,NULL,18,'3_6',0,'2018-12-26 14:46:02','2018-12-26 14:46:02'),(1216,11,'90',1,NULL,18,'3_7',0,'2018-12-26 14:46:05','2018-12-26 14:46:05'),(1217,11,'91',1,NULL,18,'3_8',0,'2018-12-26 14:46:11','2018-12-26 14:46:11'),(1218,11,'92',1,NULL,18,'4_8',0,'2018-12-26 14:46:28','2018-12-26 14:46:28'),(1219,11,'93',1,NULL,18,'4_7',0,'2018-12-26 14:46:32','2018-12-26 14:46:32'),(1220,11,'94',1,NULL,18,'4_3',0,'2018-12-26 14:46:36','2018-12-26 14:46:36'),(1221,11,'95',1,NULL,18,'4_2',0,'2018-12-26 14:46:40','2018-12-26 14:46:40'),(1222,11,'96',1,NULL,18,'6_2',0,'2018-12-26 14:46:46','2018-12-26 14:46:46'),(1223,11,'105',1,NULL,18,'7_2',0,'2018-12-26 14:46:51','2018-12-26 14:46:51'),(1224,11,'106',1,NULL,18,'9_2',0,'2018-12-26 14:46:59','2018-12-26 14:46:59'),(1225,11,'119',1,NULL,18,'10_2',0,'2018-12-26 14:47:04','2018-12-26 14:47:04'),(1226,11,'97',1,NULL,18,'6_3',0,'2018-12-26 14:47:29','2018-12-26 14:47:29'),(1227,11,'98',1,NULL,18,'6_4',0,'2018-12-26 14:47:33','2018-12-26 14:47:33'),(1228,11,'99',1,NULL,18,'6_7',0,'2018-12-26 14:47:37','2018-12-26 14:47:37'),(1229,11,'100',1,NULL,18,'6_8',0,'2018-12-26 14:47:43','2018-12-26 14:47:43'),(1230,11,'101',1,NULL,18,'7_8',0,'2018-12-26 14:47:47','2018-12-26 14:47:47'),(1231,11,'102',1,NULL,18,'7_7',0,'2018-12-26 14:47:52','2018-12-26 14:47:52'),(1232,11,'103',1,NULL,18,'7_4',0,'2018-12-26 14:47:57','2018-12-26 14:47:57'),(1233,11,'104',1,NULL,18,'7_3',0,'2018-12-26 14:48:02','2018-12-26 14:48:02'),(1234,11,'107',1,NULL,18,'9_3',0,'2018-12-26 14:48:08','2018-12-26 14:48:08'),(1235,11,'108',1,NULL,18,'9_4',0,'2018-12-26 14:48:13','2018-12-26 14:48:13'),(1236,11,'109',1,NULL,18,'9_5',0,'2018-12-26 14:48:17','2018-12-26 14:48:17'),(1237,11,'110',1,NULL,18,'9_6',0,'2018-12-26 14:48:20','2018-12-26 14:48:20'),(1238,11,'111',1,NULL,18,'9_7',0,'2018-12-26 14:48:23','2018-12-26 14:48:23'),(1239,11,'112',1,NULL,18,'9_8',0,'2018-12-26 14:48:26','2018-12-26 14:48:26'),(1240,11,'113',1,NULL,18,'10_8',0,'2018-12-26 14:48:30','2018-12-26 14:48:30'),(1241,11,'114',1,NULL,18,'10_7',0,'2018-12-26 14:48:34','2018-12-26 14:48:34'),(1242,11,'115',1,NULL,18,'10_6',0,'2018-12-26 14:48:37','2018-12-26 14:48:37'),(1243,11,'116',1,NULL,18,'10_5',0,'2018-12-26 14:48:42','2018-12-26 14:48:42'),(1244,11,'117',1,NULL,18,'10_4',0,'2018-12-26 14:48:46','2018-12-26 14:48:46'),(1245,11,'118',1,NULL,18,'10_3',0,'2018-12-26 14:48:51','2018-12-26 14:48:51'),(1246,2,'59',1,NULL,12,'2_53',0,'2018-12-26 14:57:29','2018-12-26 14:57:29'),(1247,2,'62',1,NULL,12,'2_54',0,'2018-12-26 14:57:33','2018-12-26 14:57:33'),(1248,2,'60',1,NULL,12,'3_53',0,'2018-12-26 14:57:38','2018-12-26 14:57:38'),(1249,2,'61',1,NULL,12,'3_54',0,'2018-12-26 14:57:42','2018-12-26 14:57:42'),(1250,2,'179',1,NULL,12,'5_43',0,'2018-12-26 14:58:11','2018-12-26 14:58:11'),(1251,2,'178',1,NULL,12,'6_43',0,'2018-12-26 14:58:17','2018-12-26 14:58:17'),(1252,2,'177',1,NULL,12,'9_43',0,'2018-12-26 14:58:24','2018-12-26 14:58:24'),(1253,2,'174',1,NULL,12,'5_44',0,'2018-12-26 14:58:29','2018-12-26 14:58:29'),(1254,2,'175',1,NULL,12,'6_44',0,'2018-12-26 14:58:36','2018-12-26 14:58:36'),(1255,2,'176',1,NULL,12,'9_44',0,'2018-12-26 14:58:41','2018-12-26 14:58:41'),(1256,2,'169',1,NULL,12,'9_46',0,'2018-12-26 14:58:52','2018-12-26 14:58:52'),(1257,2,'170',1,NULL,12,'8_46',0,'2018-12-26 14:58:57','2018-12-26 14:58:57'),(1258,2,'171',1,NULL,12,'7_46',0,'2018-12-26 14:59:02','2018-12-26 14:59:02'),(1259,2,'172',1,NULL,12,'6_46',0,'2018-12-26 14:59:08','2018-12-26 14:59:08'),(1260,2,'173',1,NULL,12,'5_46',0,'2018-12-26 14:59:13','2018-12-26 14:59:13'),(1261,2,'168',1,NULL,12,'9_47',0,'2018-12-26 14:59:20','2018-12-26 14:59:20'),(1262,2,'167',1,NULL,12,'8_47',0,'2018-12-26 14:59:32','2018-12-26 14:59:32'),(1263,2,'166',1,NULL,12,'7_47',0,'2018-12-26 14:59:39','2018-12-26 14:59:39'),(1264,2,'165',1,NULL,12,'6_47',0,'2018-12-26 14:59:46','2018-12-26 14:59:46'),(1265,2,'164',1,NULL,12,'5_47',0,'2018-12-26 14:59:56','2018-12-26 14:59:56'),(1266,2,'156',1,NULL,12,'5_50',0,'2018-12-26 15:00:06','2018-12-26 15:00:06'),(1267,2,'157',1,NULL,12,'6_50',0,'2018-12-26 15:00:10','2018-12-26 15:00:10'),(1268,2,'158',1,NULL,12,'9_50',0,'2018-12-26 15:00:16','2018-12-26 15:00:16'),(1269,2,'159',1,NULL,12,'10_50',0,'2018-12-26 15:00:22','2018-12-26 15:00:22'),(1270,2,'160',1,NULL,12,'10_49',0,'2018-12-26 15:00:28','2018-12-26 15:00:28'),(1271,2,'161',1,NULL,12,'9_49',0,'2018-12-26 15:00:33','2018-12-26 15:00:33'),(1272,2,'162',1,NULL,12,'6_49',0,'2018-12-26 15:00:39','2018-12-26 15:00:39'),(1273,2,'163',1,NULL,12,'5_49',0,'2018-12-26 15:00:48','2018-12-26 15:00:48'),(1274,2,'148',1,NULL,12,'5_53',0,'2018-12-26 15:01:05','2018-12-26 15:01:05'),(1275,2,'149',1,NULL,12,'6_53',0,'2018-12-26 15:01:09','2018-12-26 15:01:09'),(1276,2,'150',1,NULL,12,'7_53',0,'2018-12-26 15:01:14','2018-12-26 15:01:14'),(1277,2,'151',1,NULL,12,'8_53',0,'2018-12-26 15:01:19','2018-12-26 15:01:19'),(1278,2,'152',1,NULL,12,'8_52',0,'2018-12-26 15:01:24','2018-12-26 15:01:24'),(1279,2,'153',1,NULL,12,'7_52',0,'2018-12-26 15:01:27','2018-12-26 15:01:27'),(1280,2,'154',1,NULL,12,'6_52',0,'2018-12-26 15:01:31','2018-12-26 15:01:31'),(1281,2,'155',1,NULL,12,'5_52',0,'2018-12-26 15:01:35','2018-12-26 15:01:35'),(1282,2,'140',1,NULL,12,'5_56',0,'2018-12-26 15:01:47','2018-12-26 15:01:47'),(1283,2,'141',1,NULL,12,'6_56',0,'2018-12-26 15:01:52','2018-12-26 15:01:52'),(1284,2,'142',1,NULL,12,'7_56',0,'2018-12-26 15:01:58','2018-12-26 15:01:58'),(1285,2,'143',1,NULL,12,'8_56',0,'2018-12-26 15:02:03','2018-12-26 15:02:03'),(1286,2,'144',1,NULL,12,'8_55',0,'2018-12-26 15:02:09','2018-12-26 15:02:09'),(1287,2,'145',1,NULL,12,'7_55',0,'2018-12-26 15:02:16','2018-12-26 15:02:16'),(1288,2,'146',1,NULL,12,'6_55',0,'2018-12-26 15:02:22','2018-12-26 15:02:22'),(1289,2,'147',1,NULL,12,'5_55',0,'2018-12-26 15:02:32','2018-12-26 15:02:32'),(1290,2,'128',1,NULL,12,'5_59',0,'2018-12-26 15:02:45','2018-12-26 15:02:45'),(1291,2,'129',1,NULL,12,'6_59',0,'2018-12-26 15:02:50','2018-12-26 15:02:50'),(1292,2,'130',1,NULL,12,'7_59',0,'2018-12-26 15:02:55','2018-12-26 15:02:55'),(1293,2,'131',1,NULL,12,'8_59',0,'2018-12-26 15:02:59','2018-12-26 15:02:59'),(1294,2,'132',1,NULL,12,'9_59',0,'2018-12-26 15:03:06','2018-12-26 15:03:06'),(1295,2,'133',1,NULL,12,'10_59',0,'2018-12-26 15:03:10','2018-12-26 15:03:10'),(1296,2,'134',1,NULL,12,'10_58',0,'2018-12-26 15:03:17','2018-12-26 15:03:17'),(1297,2,'135',1,NULL,12,'9_58',0,'2018-12-26 15:03:22','2018-12-26 15:03:22'),(1298,2,'136',1,NULL,12,'8_58',0,'2018-12-26 15:03:26','2018-12-26 15:03:26'),(1299,2,'137',1,NULL,12,'7_58',0,'2018-12-26 15:03:30','2018-12-26 15:03:30'),(1300,2,'138',1,NULL,12,'6_58',0,'2018-12-26 15:03:34','2018-12-26 15:03:34'),(1301,2,'139',1,NULL,12,'5_58',0,'2018-12-26 15:03:45','2018-12-26 15:03:45'),(1302,2,'127',1,NULL,12,'5_61',0,'2018-12-26 15:04:13','2018-12-26 15:04:13'),(1303,2,'126',1,NULL,12,'6_61',0,'2018-12-26 15:04:17','2018-12-26 15:04:17'),(1304,2,'125',1,NULL,12,'9_61',0,'2018-12-26 15:05:05','2018-12-26 15:05:05'),(1305,2,'124',1,NULL,12,'10_61',0,'2018-12-26 15:05:12','2018-12-26 15:05:12'),(1306,2,'123',1,NULL,12,'10_62',0,'2018-12-26 15:05:20','2018-12-26 15:05:20'),(1307,2,'122',1,NULL,12,'9_62',0,'2018-12-26 15:05:24','2018-12-26 15:05:24'),(1308,2,'121',1,NULL,12,'6_62',0,'2018-12-26 15:05:29','2018-12-26 15:05:29'),(1309,2,'120',1,NULL,12,'5_62',0,'2018-12-26 15:05:33','2018-12-26 15:05:33'),(1310,2,'180',1,NULL,12,'5_41',0,'2018-12-26 15:06:19','2018-12-26 15:06:19'),(1311,2,'181',1,NULL,12,'6_41',0,'2018-12-26 15:06:23','2018-12-26 15:06:23'),(1312,2,'182',1,NULL,12,'7_41',0,'2018-12-26 15:06:27','2018-12-26 15:06:27'),(1313,2,'183',1,NULL,12,'8_41',0,'2018-12-26 15:06:32','2018-12-26 15:06:32'),(1314,2,'184',1,NULL,12,'8_40',0,'2018-12-26 15:06:39','2018-12-26 15:06:39'),(1315,2,'185',1,NULL,12,'7_40',0,'2018-12-26 15:06:44','2018-12-26 15:06:44'),(1316,2,'186',1,NULL,12,'6_40',0,'2018-12-26 15:06:50','2018-12-26 15:06:50'),(1317,2,'187',1,NULL,12,'5_40',0,'2018-12-26 15:06:54','2018-12-26 15:06:54'),(1318,2,'188',1,NULL,12,'5_38',0,'2018-12-26 15:06:59','2018-12-26 15:06:59'),(1319,2,'197',1,NULL,12,'5_37',0,'2018-12-26 15:07:07','2018-12-26 15:07:07'),(1320,2,'198',1,NULL,12,'5_35',0,'2018-12-26 15:07:15','2018-12-26 15:07:15'),(1321,2,'205',1,NULL,12,'5_34',0,'2018-12-26 15:07:21','2018-12-26 15:07:21'),(1322,2,'206',1,NULL,12,'5_32',0,'2018-12-26 15:07:28','2018-12-26 15:07:28'),(1323,2,'211',1,NULL,12,'5_31',0,'2018-12-26 15:07:35','2018-12-26 15:07:35'),(1324,2,'212',1,NULL,12,'5_29',0,'2018-12-26 15:07:51','2018-12-26 15:07:51'),(1325,2,'220',1,NULL,12,'5_28',0,'2018-12-26 15:07:58','2018-12-26 15:07:58'),(1326,2,'221',1,NULL,12,'5_26',0,'2018-12-26 15:08:02','2018-12-26 15:08:02'),(1327,2,'230',1,NULL,12,'5_25',0,'2018-12-26 15:08:08','2018-12-26 15:08:08'),(1328,2,'231',1,NULL,12,'5_23',0,'2018-12-26 15:08:12','2018-12-26 15:08:12'),(1329,2,'236',1,NULL,12,'5_22',0,'2018-12-26 15:08:18','2018-12-26 15:08:18'),(1330,2,'237',1,NULL,12,'5_20',0,'2018-12-26 15:08:23','2018-12-26 15:08:23'),(1331,2,'246',1,NULL,12,'5_19',0,'2018-12-26 15:08:29','2018-12-26 15:08:29'),(1332,2,'247',1,NULL,12,'5_17',0,'2018-12-26 15:08:34','2018-12-26 15:08:34'),(1333,2,'255',1,NULL,12,'5_16',0,'2018-12-26 15:08:41','2018-12-26 15:08:41'),(1334,2,'256',1,NULL,12,'5_14',0,'2018-12-26 15:08:45','2018-12-26 15:08:45'),(1335,2,'261',1,NULL,12,'5_13',0,'2018-12-26 15:08:51','2018-12-26 15:08:51'),(1336,2,'189',1,NULL,12,'6_38',0,'2018-12-26 15:09:00','2018-12-26 15:09:00'),(1337,2,'190',1,NULL,12,'7_38',0,'2018-12-26 15:09:05','2018-12-26 15:09:05'),(1338,2,'191',1,NULL,12,'8_38',0,'2018-12-26 15:09:09','2018-12-26 15:09:09'),(1339,2,'192',1,NULL,12,'9_38',0,'2018-12-26 15:09:13','2018-12-26 15:09:13'),(1340,2,'193',1,NULL,12,'9_37',0,'2018-12-26 15:09:19','2018-12-26 15:09:19'),(1341,2,'194',1,NULL,12,'8_37',0,'2018-12-26 15:09:24','2018-12-26 15:09:24'),(1342,2,'195',1,NULL,12,'7_37',0,'2018-12-26 15:09:27','2018-12-26 15:09:27'),(1343,2,'196',1,NULL,12,'6_37',0,'2018-12-26 15:09:36','2018-12-26 15:09:36'),(1344,2,'199',1,NULL,12,'6_35',0,'2018-12-26 15:09:42','2018-12-26 15:09:42'),(1345,2,'200',1,NULL,12,'7_35',0,'2018-12-26 15:09:46','2018-12-26 15:09:46'),(1346,2,'201',1,NULL,12,'8_35',0,'2018-12-26 15:09:50','2018-12-26 15:09:50'),(1347,2,'202',1,NULL,12,'8_34',0,'2018-12-26 15:09:57','2018-12-26 15:09:57'),(1348,2,'203',1,NULL,12,'7_34',0,'2018-12-26 15:10:02','2018-12-26 15:10:02'),(1349,2,'204',1,NULL,12,'6_34',0,'2018-12-26 15:10:06','2018-12-26 15:10:06'),(1350,2,'207',1,NULL,12,'8_32',0,'2018-12-26 15:10:12','2018-12-26 15:10:12'),(1351,2,'208',1,NULL,12,'9_32',0,'2018-12-26 15:10:16','2018-12-26 15:10:16'),(1352,2,'209',1,NULL,12,'9_31',0,'2018-12-26 15:10:20','2018-12-26 15:10:20'),(1353,2,'210',1,NULL,12,'8_31',0,'2018-12-26 15:10:24','2018-12-26 15:10:24'),(1354,2,'213',1,NULL,12,'6_29',0,'2018-12-26 15:10:28','2018-12-26 15:10:28'),(1355,2,'214',1,NULL,12,'7_29',0,'2018-12-26 15:10:32','2018-12-26 15:10:32'),(1356,2,'215',1,NULL,12,'8_29',0,'2018-12-26 15:10:36','2018-12-26 15:10:36'),(1357,2,'216',1,NULL,12,'9_29',0,'2018-12-26 15:10:40','2018-12-26 15:10:55'),(1358,2,'217',1,NULL,12,'8_28',0,'2018-12-26 15:10:46','2018-12-26 15:10:59'),(1359,2,'218',1,NULL,12,'7_28',0,'2018-12-26 15:11:03','2018-12-26 15:11:03'),(1360,2,'219',1,NULL,12,'6_28',0,'2018-12-26 15:11:07','2018-12-26 15:11:07'),(1361,2,'222',1,NULL,12,'6_26',0,'2018-12-26 15:11:14','2018-12-26 15:11:14'),(1362,2,'223',1,NULL,12,'7_26',0,'2018-12-26 15:11:26','2018-12-26 15:11:26'),(1363,2,'224',1,NULL,12,'8_26',0,'2018-12-26 15:29:17','2018-12-26 15:29:17'),(1364,2,'225',1,NULL,12,'9_26',0,'2018-12-26 15:29:21','2018-12-26 15:29:21'),(1365,2,'226',1,NULL,12,'9_25',0,'2018-12-26 15:29:25','2018-12-26 15:29:25'),(1366,2,'227',1,NULL,12,'8_25',0,'2018-12-26 15:29:29','2018-12-26 15:29:29'),(1367,2,'228',1,NULL,12,'7_25',0,'2018-12-26 15:29:33','2018-12-26 15:29:33'),(1368,2,'229',1,NULL,12,'6_25',0,'2018-12-26 15:29:37','2018-12-26 15:29:37'),(1369,2,'232',1,NULL,12,'6_23',0,'2018-12-26 15:29:43','2018-12-26 15:29:43'),(1370,2,'233',1,NULL,12,'9_23',0,'2018-12-26 15:30:03','2018-12-26 15:30:21'),(1371,2,'234',1,NULL,12,'9_22',0,'2018-12-26 15:30:24','2018-12-26 15:30:24'),(1372,2,'235',1,NULL,12,'6_22',0,'2018-12-26 15:30:28','2018-12-26 15:30:28'),(1373,2,'238',1,NULL,12,'6_20',0,'2018-12-26 15:32:27','2018-12-26 15:32:27'),(1374,2,'239',1,NULL,12,'7_20',0,'2018-12-26 15:32:31','2018-12-26 15:32:31'),(1375,2,'240',1,NULL,12,'8_20',0,'2018-12-26 15:32:35','2018-12-26 15:32:35'),(1376,2,'241',1,NULL,12,'9_20',0,'2018-12-26 15:32:39','2018-12-26 15:32:39'),(1377,2,'242',1,NULL,12,'9_19',0,'2018-12-26 15:32:45','2018-12-26 15:32:45'),(1378,2,'243',1,NULL,12,'8_19',0,'2018-12-26 15:32:49','2018-12-26 15:32:49'),(1379,2,'244',1,NULL,12,'7_19',0,'2018-12-26 15:32:52','2018-12-26 15:32:52'),(1380,2,'245',1,NULL,12,'6_19',0,'2018-12-26 15:32:59','2018-12-26 15:32:59'),(1381,2,'248',1,NULL,12,'6_17',0,'2018-12-26 15:33:04','2018-12-26 15:33:04'),(1382,2,'249',1,NULL,12,'7_17',0,'2018-12-26 15:33:07','2018-12-26 15:33:07'),(1383,2,'250',1,NULL,12,'8_17',0,'2018-12-26 15:33:16','2018-12-26 15:33:16'),(1384,2,'251',1,NULL,12,'9_16',0,'2018-12-26 15:33:22','2018-12-26 15:33:22'),(1385,2,'252',1,NULL,12,'8_16',0,'2018-12-26 15:33:27','2018-12-26 15:33:27'),(1386,2,'253',1,NULL,12,'7_16',0,'2018-12-26 15:33:30','2018-12-26 15:33:30'),(1387,2,'254',1,NULL,12,'6_16',0,'2018-12-26 15:33:34','2018-12-26 15:33:34'),(1388,2,'257',1,NULL,12,'8_14',0,'2018-12-26 15:33:40','2018-12-26 15:33:40'),(1389,2,'258',1,NULL,12,'9_14',0,'2018-12-26 15:33:44','2018-12-26 15:33:44'),(1390,2,'259',1,NULL,12,'9_13',0,'2018-12-26 15:33:48','2018-12-26 15:33:48'),(1391,2,'260',1,NULL,12,'8_13',0,'2018-12-26 15:33:54','2018-12-26 15:33:54'),(1392,2,'277',1,NULL,12,'3_7',0,'2018-12-26 15:34:10','2018-12-26 15:34:10'),(1393,2,'278',1,NULL,12,'3_6',0,'2018-12-26 15:34:15','2018-12-26 15:34:15'),(1394,2,'279',1,NULL,12,'3_5',0,'2018-12-26 15:34:20','2018-12-26 15:34:20'),(1395,2,'280',1,NULL,12,'3_4',0,'2018-12-26 15:34:24','2018-12-26 15:34:24'),(1396,2,'281',1,NULL,12,'3_3',0,'2018-12-26 15:34:28','2018-12-26 15:34:28'),(1397,2,'282',1,NULL,12,'3_2',0,'2018-12-26 15:34:32','2018-12-26 15:34:32'),(1398,2,'283',1,NULL,12,'2_2',0,'2018-12-26 15:34:38','2018-12-26 15:34:38'),(1399,2,'284',1,NULL,12,'2_3',0,'2018-12-26 15:34:43','2018-12-26 15:34:43'),(1400,2,'285',1,NULL,12,'2_4',0,'2018-12-26 15:34:47','2018-12-26 15:34:47'),(1401,2,'286',1,NULL,12,'2_6',0,'2018-12-26 15:34:51','2018-12-26 15:34:51'),(1402,2,'287',1,NULL,12,'2_7',0,'2018-12-26 15:34:56','2018-12-26 15:34:56'),(1403,1,'262',1,NULL,5,'5_3',0,'2018-12-26 15:35:14','2018-12-26 15:35:14'),(1404,1,'263',1,NULL,5,'5_2',0,'2018-12-26 15:35:19','2018-12-26 15:35:19'),(1405,1,'264',1,NULL,5,'5_1',0,'2018-12-26 15:35:26','2018-12-26 15:35:26'),(1406,1,'265',1,NULL,5,'4_1',0,'2018-12-26 15:35:31','2018-12-26 15:35:31'),(1407,1,'266',1,NULL,5,'4_2',0,'2018-12-26 15:35:36','2018-12-26 15:35:36'),(1408,1,'267',1,NULL,5,'4_3',0,'2018-12-26 15:35:40','2018-12-26 15:35:40'),(1409,1,'268',1,NULL,5,'4_4',0,'2018-12-26 15:35:46','2018-12-26 15:35:46'),(1410,1,'269',1,NULL,5,'2_6',0,'2018-12-26 15:35:52','2018-12-26 15:35:52'),(1411,1,'270',1,NULL,5,'2_5',0,'2018-12-26 15:35:57','2018-12-26 15:35:57'),(1412,1,'271',1,NULL,5,'2_4',0,'2018-12-26 15:36:03','2018-12-26 15:36:03'),(1413,1,'272',1,NULL,5,'2_3',0,'2018-12-26 15:36:10','2018-12-26 15:36:10'),(1414,1,'276',1,NULL,5,'1_6',0,'2018-12-26 15:36:16','2018-12-26 15:36:16'),(1415,1,'275',1,NULL,5,'1_5',0,'2018-12-26 15:36:29','2018-12-26 15:36:29'),(1416,1,'274',1,NULL,5,'1_4',0,'2018-12-26 15:36:33','2018-12-26 15:36:33'),(1417,1,'273',1,NULL,5,'1_3',0,'2018-12-26 15:36:37','2018-12-26 15:36:37'),(1418,3,'288',1,NULL,13,'31_8',0,'2018-12-26 15:38:20','2018-12-26 15:38:20'),(1419,3,'289',1,NULL,13,'31_7',0,'2018-12-26 15:38:24','2018-12-26 15:38:24'),(1420,3,'290',1,NULL,13,'31_6',0,'2018-12-26 15:38:27','2018-12-26 15:38:27'),(1421,3,'291',1,NULL,13,'31_5',0,'2018-12-26 15:38:31','2018-12-26 15:38:31'),(1422,3,'292',1,NULL,13,'31_4',0,'2018-12-26 15:38:35','2018-12-26 15:38:35'),(1423,3,'293',1,NULL,13,'31_3',0,'2018-12-26 15:38:39','2018-12-26 15:38:39'),(1424,3,'294',1,NULL,13,'31_2',0,'2018-12-26 15:38:45','2018-12-26 15:38:45'),(1425,3,'295',1,NULL,13,'30_2',0,'2018-12-26 15:38:52','2018-12-26 15:38:52'),(1426,3,'296',1,NULL,13,'30_3',0,'2018-12-26 15:38:57','2018-12-26 15:38:57'),(1427,3,'297',1,NULL,13,'30_4',0,'2018-12-26 15:39:02','2018-12-26 15:39:02'),(1428,3,'298',1,NULL,13,'30_5',0,'2018-12-26 15:39:08','2018-12-26 15:39:08'),(1429,3,'299',1,NULL,13,'30_6',0,'2018-12-26 15:39:13','2018-12-26 15:39:13'),(1430,3,'300',1,NULL,13,'30_7',0,'2018-12-26 15:39:16','2018-12-26 15:39:16'),(1431,3,'301',1,NULL,13,'30_8',0,'2018-12-26 15:39:21','2018-12-26 15:39:21'),(1432,3,'302',1,NULL,13,'28_8',0,'2018-12-26 15:39:27','2018-12-26 15:39:27'),(1433,3,'311',1,NULL,13,'27_8',0,'2018-12-26 15:39:32','2018-12-26 15:39:32'),(1434,3,'312',1,NULL,13,'25_8',0,'2018-12-26 15:39:37','2018-12-26 15:39:37'),(1435,3,'321',1,NULL,13,'24_8',0,'2018-12-26 15:39:42','2018-12-26 15:39:42'),(1436,3,'320',1,NULL,13,'24_7',0,'2018-12-26 15:39:50','2018-12-26 15:39:50'),(1437,3,'319',1,NULL,13,'24_4',0,'2018-12-26 15:39:54','2018-12-26 15:39:54'),(1438,3,'318',1,NULL,13,'24_3',0,'2018-12-26 15:40:01','2018-12-26 15:40:01'),(1439,3,'317',1,NULL,13,'24_2',0,'2018-12-26 15:40:06','2018-12-26 15:40:06'),(1440,3,'316',1,NULL,13,'25_2',0,'2018-12-26 15:40:09','2018-12-26 15:40:20'),(1441,3,'315',1,NULL,13,'25_3',0,'2018-12-26 15:40:15','2018-12-26 15:40:15'),(1442,3,'314',1,NULL,13,'25_4',0,'2018-12-26 15:40:24','2018-12-26 15:40:24'),(1443,3,'313',1,NULL,13,'25_7',0,'2018-12-26 15:40:28','2018-12-26 15:40:28'),(1444,3,'310',1,NULL,13,'27_7',0,'2018-12-26 15:40:35','2018-12-26 15:40:35'),(1445,3,'309',1,NULL,13,'27_6',0,'2018-12-26 15:40:39','2018-12-26 15:40:39'),(1446,3,'308',1,NULL,13,'27_3',0,'2018-12-26 15:40:43','2018-12-26 15:40:43'),(1447,3,'307',1,NULL,13,'27_2',0,'2018-12-26 15:40:48','2018-12-26 15:40:48'),(1448,3,'306',1,NULL,13,'28_2',0,'2018-12-26 15:40:51','2018-12-26 15:40:51'),(1449,3,'305',1,NULL,13,'28_3',0,'2018-12-26 15:40:55','2018-12-26 15:40:55'),(1450,3,'304',1,NULL,13,'28_6',0,'2018-12-26 15:41:00','2018-12-26 15:41:00'),(1451,3,'303',1,NULL,13,'28_7',0,'2018-12-26 15:41:04','2018-12-26 15:41:04'),(1452,3,'330',1,NULL,13,'15_8',0,'2018-12-26 15:41:38','2018-12-26 15:41:38'),(1453,3,'337',1,NULL,13,'14_8',0,'2018-12-26 15:41:49','2018-12-26 15:41:49'),(1454,3,'338',1,NULL,13,'12_8',0,'2018-12-26 15:41:55','2018-12-26 15:41:55'),(1455,3,'351',1,NULL,13,'11_8',0,'2018-12-26 15:42:00','2018-12-26 15:42:00'),(1456,3,'352',1,NULL,13,'9_8',0,'2018-12-26 15:42:05','2018-12-26 15:42:05'),(1457,3,'359',1,NULL,13,'8_8',0,'2018-12-26 15:42:12','2018-12-26 15:42:12'),(1458,3,'360',1,NULL,13,'6_8',0,'2018-12-26 15:42:18','2018-12-26 15:42:18'),(1459,3,'373',1,NULL,13,'5_8',0,'2018-12-26 15:42:24','2018-12-26 15:42:24'),(1460,3,'374',1,NULL,13,'3_8',0,'2018-12-26 15:42:31','2018-12-26 15:42:31'),(1461,3,'381',1,NULL,13,'2_8',0,'2018-12-26 15:42:36','2018-12-26 15:42:36'),(1462,3,'331',1,NULL,13,'15_7',0,'2018-12-26 15:44:50','2018-12-26 15:44:50'),(1463,3,'332',1,NULL,13,'15_6',0,'2018-12-26 15:44:53','2018-12-26 15:44:53'),(1464,3,'333',1,NULL,13,'15_5',0,'2018-12-26 15:44:56','2018-12-26 15:44:56'),(1465,3,'334',1,NULL,13,'14_5',0,'2018-12-26 15:44:59','2018-12-26 15:44:59'),(1466,3,'335',1,NULL,13,'14_6',0,'2018-12-26 15:45:05','2018-12-26 15:45:05'),(1467,3,'336',1,NULL,13,'14_7',0,'2018-12-26 15:45:09','2018-12-26 15:45:09'),(1468,3,'339',1,NULL,13,'12_7',0,'2018-12-26 15:45:13','2018-12-26 15:45:13'),(1469,3,'340',1,NULL,13,'12_6',0,'2018-12-26 15:45:18','2018-12-26 15:45:18'),(1470,3,'341',1,NULL,13,'12_5',0,'2018-12-26 15:45:22','2018-12-26 15:45:22'),(1471,3,'342',1,NULL,13,'12_4',0,'2018-12-26 15:45:27','2018-12-26 15:45:27'),(1472,3,'343',1,NULL,13,'12_3',0,'2018-12-26 15:45:31','2018-12-26 15:45:31'),(1473,3,'344',1,NULL,13,'12_2',0,'2018-12-26 15:45:35','2018-12-26 15:45:35'),(1474,3,'345',1,NULL,13,'11_2',0,'2018-12-26 15:45:39','2018-12-26 15:45:39'),(1475,3,'346',1,NULL,13,'11_3',0,'2018-12-26 15:45:46','2018-12-26 15:45:46'),(1476,3,'348',1,NULL,13,'11_5',0,'2018-12-26 15:45:51','2018-12-26 15:45:56'),(1477,3,'347',1,NULL,13,'11_4',0,'2018-12-26 15:46:01','2018-12-26 15:46:01'),(1478,3,'349',1,NULL,13,'11_6',0,'2018-12-26 15:46:09','2018-12-26 15:46:09'),(1479,3,'350',1,NULL,13,'11_7',0,'2018-12-26 15:46:13','2018-12-26 15:46:13'),(1480,3,'353',1,NULL,13,'9_7',0,'2018-12-26 15:46:18','2018-12-26 15:46:18'),(1481,3,'354',1,NULL,13,'9_6',0,'2018-12-26 15:46:22','2018-12-26 15:46:22'),(1482,3,'355',1,NULL,13,'9_5',0,'2018-12-26 15:46:26','2018-12-26 15:46:26'),(1483,3,'356',1,NULL,13,'9_4',0,'2018-12-26 15:46:30','2018-12-26 15:46:30'),(1484,3,'357',1,NULL,13,'8_6',0,'2018-12-26 15:46:37','2018-12-26 15:46:37'),(1485,3,'358',1,NULL,13,'8_7',0,'2018-12-26 15:46:41','2018-12-26 15:46:41'),(1486,3,'361',1,NULL,13,'6_7',0,'2018-12-26 15:46:46','2018-12-26 15:46:46'),(1487,3,'362',1,NULL,13,'6_6',0,'2018-12-26 15:46:50','2018-12-26 15:46:50'),(1488,3,'363',1,NULL,13,'6_5',0,'2018-12-26 15:46:55','2018-12-26 15:46:55'),(1489,3,'364',1,NULL,13,'6_4',0,'2018-12-26 15:46:59','2018-12-26 15:46:59'),(1490,3,'365',1,NULL,13,'6_3',0,'2018-12-26 15:47:03','2018-12-26 15:47:03'),(1491,3,'366',1,NULL,13,'6_2',0,'2018-12-26 15:47:07','2018-12-26 15:47:07'),(1492,3,'367',1,NULL,13,'5_2',0,'2018-12-26 15:47:12','2018-12-26 15:47:12'),(1493,3,'368',1,NULL,13,'5_3',0,'2018-12-26 15:47:16','2018-12-26 15:47:16'),(1494,3,'369',1,NULL,13,'5_4',0,'2018-12-26 15:47:22','2018-12-26 15:47:22'),(1495,3,'370',1,NULL,13,'5_5',0,'2018-12-26 15:47:26','2018-12-26 15:47:26'),(1496,3,'372',1,NULL,13,'5_7',0,'2018-12-26 15:47:32','2018-12-26 15:47:42'),(1497,3,'371',1,NULL,13,'5_6',0,'2018-12-26 15:47:48','2018-12-26 15:47:48'),(1498,3,'375',1,NULL,13,'3_7',0,'2018-12-26 15:47:55','2018-12-26 15:47:55'),(1499,3,'376',1,NULL,13,'3_4',0,'2018-12-26 15:48:01','2018-12-26 15:48:01'),(1500,3,'377',1,NULL,13,'3_3',0,'2018-12-26 15:48:05','2018-12-26 15:48:05'),(1501,3,'378',1,NULL,13,'2_3',0,'2018-12-26 15:48:10','2018-12-26 15:48:10'),(1502,3,'379',1,NULL,13,'2_4',0,'2018-12-26 15:48:14','2018-12-26 15:48:14'),(1503,3,'380',1,NULL,13,'2_7',0,'2018-12-26 15:48:18','2018-12-26 15:48:18'),(1504,6,'328',1,NULL,17,'2_2',0,'2018-12-26 15:49:21','2018-12-26 15:49:21'),(1505,6,'329',1,NULL,17,'2_3',0,'2018-12-26 15:49:25','2018-12-26 15:49:25'),(1506,6,'327',1,NULL,17,'3_2',0,'2018-12-26 15:49:30','2018-12-26 15:49:30'),(1507,6,'326',1,NULL,17,'3_3',0,'2018-12-26 15:49:36','2018-12-26 15:49:36'),(1508,6,'325',1,NULL,17,'5_3',0,'2018-12-26 15:49:42','2018-12-26 15:49:42'),(1509,6,'322',1,NULL,17,'6_3',0,'2018-12-26 15:49:47','2018-12-26 15:49:47'),(1510,6,'323',1,NULL,17,'6_2',0,'2018-12-26 15:49:52','2018-12-26 15:49:52'),(1511,6,'324',1,NULL,17,'5_2',0,'2018-12-26 15:49:57','2018-12-26 15:49:57'),(1512,7,'382',1,NULL,16,'1_2',0,'2018-12-26 15:51:18','2018-12-26 15:51:18'),(1513,7,'386',1,NULL,16,'3_2',0,'2018-12-26 15:51:26','2018-12-26 15:51:26'),(1514,7,'387',1,NULL,16,'3_3',0,'2018-12-26 15:51:32','2018-12-26 15:51:32'),(1515,7,'389',1,NULL,16,'4_2',0,'2018-12-26 15:51:39','2018-12-26 15:51:39'),(1516,7,'388',1,NULL,16,'4_3',0,'2018-12-26 15:51:47','2018-12-26 15:51:47'),(1517,7,'390',1,NULL,16,'6_2',0,'2018-12-26 15:51:53','2018-12-26 15:51:53'),(1518,7,'391',1,NULL,16,'6_3',0,'2018-12-26 15:51:58','2018-12-26 15:51:58'),(1519,7,'392',1,NULL,16,'6_4',0,'2018-12-26 15:52:05','2018-12-26 15:52:05'),(1520,7,'393',1,NULL,16,'6_5',0,'2018-12-26 15:52:17','2018-12-26 15:52:17');
/*!40000 ALTER TABLE `seats` ENABLE KEYS */;
UNLOCK TABLES;

--
-- Table structure for table `users`
--

DROP TABLE IF EXISTS `users`;
/*!40101 SET @saved_cs_client     = @@character_set_client */;
/*!40101 SET character_set_client = utf8 */;
CREATE TABLE `users` (
  `id` bigint(20) NOT NULL AUTO_INCREMENT,
  `employee_number` varchar(255) DEFAULT NULL,
  `password_digest` varchar(255) DEFAULT NULL,
  `created_at` datetime NOT NULL,
  `updated_at` datetime NOT NULL,
  `username` varchar(255) NOT NULL DEFAULT '',
  `encrypted_password` varchar(255) NOT NULL DEFAULT '',
  `reset_password_token` varchar(255) DEFAULT NULL,
  `reset_password_sent_at` datetime DEFAULT NULL,
  `remember_created_at` datetime DEFAULT NULL,
  `sign_in_count` int(11) NOT NULL DEFAULT '0',
  `current_sign_in_at` datetime DEFAULT NULL,
  `last_sign_in_at` datetime DEFAULT NULL,
  `current_sign_in_ip` varchar(255) DEFAULT NULL,
  `last_sign_in_ip` varchar(255) DEFAULT NULL,
  PRIMARY KEY (`id`),
  UNIQUE KEY `index_users_on_username` (`username`),
  UNIQUE KEY `index_users_on_employee_number` (`employee_number`),
  UNIQUE KEY `index_users_on_reset_password_token` (`reset_password_token`)
) ENGINE=InnoDB AUTO_INCREMENT=131 DEFAULT CHARSET=utf8;
/*!40101 SET character_set_client = @saved_cs_client */;

--
-- Dumping data for table `users`
--

LOCK TABLES `users` WRITE;
/*!40000 ALTER TABLE `users` DISABLE KEYS */;
INSERT INTO `users` VALUES (1,NULL,NULL,'2018-12-11 17:33:19','2018-12-26 14:27:09','admin','$2a$11$JnoR9UwD8N3EHvOSLeWNJOMcKbl4BS595fUaroAhxX7oEJPLSXjey',NULL,NULL,NULL,21,'2018-12-26 14:27:09','2018-12-24 17:02:32','10.101.84.75','10.101.84.58'),(2,NULL,NULL,'2018-12-11 17:33:19','2018-12-14 22:23:51','1111111','$2a$11$/uvLWdiApCR8dSMXHmotD.5lX9bAYxZ46EjdA9sfIfeidyPuLXux6',NULL,NULL,NULL,0,'2018-12-14 22:23:51','2018-12-14 22:21:34','10.101.84.81','10.101.84.81'),(3,NULL,NULL,'2018-12-11 17:33:19','2018-12-14 15:09:42','2222222','$2a$11$J57CK3Pa45FLBNTk906ff.JU2ppCR34WZsQC5ScIdxqMWRBtvLhF.',NULL,NULL,NULL,0,NULL,NULL,NULL,NULL),(4,NULL,NULL,'2018-12-11 17:33:19','2018-12-11 17:33:19','3333333','$2a$11$GFNVcZUvRn8HMJcTf3veWOgKFeO0FLehQRFUDotKLnqL5fTRKwdSa',NULL,NULL,NULL,0,NULL,NULL,NULL,NULL),(5,NULL,NULL,'2018-12-11 17:33:19','2018-12-11 17:33:19','4444444','$2a$11$q7ksckRtPrnxnqX0.TEwI.x2uMbAqEjFtgyDHlcii6p.8YsQyDfSW',NULL,NULL,NULL,0,NULL,NULL,NULL,NULL),(91,NULL,NULL,'2018-12-11 17:46:40','2018-12-13 20:04:36','823773','$2a$11$kZzVDvkO5VdiTvfzA7kVqeAj2IzdsmAzdGbhIzUQxq/iwfAnvR9g.',NULL,NULL,NULL,0,NULL,NULL,NULL,NULL),(92,NULL,NULL,'2018-12-11 17:46:40','2018-12-11 17:48:37','891541','$2a$11$3wNRXeX/km25HaDkx1RLFeiPeessfQSxmiH4DYcIux4XFLpd0JY0G',NULL,NULL,NULL,0,NULL,NULL,NULL,NULL),(93,NULL,NULL,'2018-12-11 17:46:40','2018-12-24 16:55:03','1220234','$2a$11$E7KT.681bnFrcYyCToxHquKiy3tmlBSi3EAvcPK94joOngkp2j33C',NULL,NULL,NULL,13,'2018-12-24 16:55:03','2018-12-24 13:59:21','10.101.84.58','10.101.84.58'),(94,NULL,NULL,'2018-12-11 17:46:40','2018-12-13 14:16:09','1563056','$2a$11$mnvqd9ffcvdtInhGs9SSo.3Yb1VQMukrzwwMMFgDVliUfMb0GbbN.',NULL,NULL,NULL,0,NULL,NULL,NULL,NULL),(95,NULL,NULL,'2018-12-11 17:46:40','2018-12-19 20:25:22','1537117','$2a$11$mu9CfvNtCraZzBKk0v1ZoO26OFdvavC8mpnrNhq7iZvNu9w547zv6',NULL,NULL,NULL,3,'2018-12-19 20:25:22','2018-12-19 20:03:42','10.101.84.84','10.101.84.84'),(96,NULL,NULL,'2018-12-11 17:47:21','2018-12-13 15:56:52','1048222','$2a$11$ZVuExeLblFQFUlSXymdQVeqM4zO8RjgiLkG9gw/0zXWtvx46Ol1AC',NULL,NULL,NULL,0,NULL,NULL,NULL,NULL),(97,NULL,NULL,'2018-12-11 17:47:21','2018-12-13 14:05:09','1304238','$2a$11$Zb9bPlsEAq3YLE2MtLm7KOuTXJADQH0XanVnB9QCXbQnhgE5Lu8ie',NULL,NULL,NULL,0,NULL,NULL,NULL,NULL),(98,NULL,NULL,'2018-12-11 17:47:21','2018-12-12 23:01:51','1384198','$2a$11$VVFxxU8m1vfZiMjVSdG1c.iyGDGj57JDWBysMtLsZWRYKiaBgfcRC',NULL,NULL,NULL,0,NULL,NULL,NULL,NULL),(99,NULL,NULL,'2018-12-11 17:47:21','2018-12-12 15:18:18','741605','$2a$11$iCojc1SI4jMhqA/Goyf87uvV3AR2uV5SRrkiXsEyiW30VJneu/YZy',NULL,NULL,NULL,0,NULL,NULL,NULL,NULL),(100,NULL,NULL,'2018-12-11 17:47:21','2018-12-11 17:47:21','1571452','$2a$11$n0HQqghRvTteR70s6NVk4.VOYIcBHFe7OlhvAbNnXmPQgGHhvJ9OW',NULL,NULL,NULL,0,NULL,NULL,NULL,NULL),(101,NULL,NULL,'2018-12-11 17:47:21','2018-12-11 17:47:21','1560763','$2a$11$rE2lQubolskjeAV7LI0qPeKOJFc1aFKOcNFrt9A..do3ngCx4zI9O',NULL,NULL,NULL,0,NULL,NULL,NULL,NULL),(102,NULL,NULL,'2018-12-11 17:47:22','2018-12-19 16:48:44','1562211','$2a$11$ExE9hZjY4i6MSJZGAYNMKOYk6agtFHM6i28W55VIXhZDeFHoa0Cfy',NULL,NULL,NULL,0,'2018-12-19 16:48:44','2018-12-19 16:48:38','10.101.84.84','10.101.84.84'),(103,NULL,NULL,'2018-12-11 17:47:22','2018-12-11 17:47:22','1419749','$2a$11$M5zUrcZiTHHKIxXHm2BUPukpy6KwDUt0t1vfF6HqS2Wgu1Hqs0a7O',NULL,NULL,NULL,0,NULL,NULL,NULL,NULL),(104,NULL,NULL,'2018-12-11 17:47:22','2018-12-19 18:29:17','858973','$2a$11$vidvMunX3YmrV0gCZKO9M.swFkwDFMvJ58vIaUkMylQKYolpwnahK',NULL,NULL,NULL,5,'2018-12-19 18:29:17','2018-12-19 18:29:10','10.101.84.84','10.101.84.84'),(105,NULL,NULL,'2018-12-11 17:47:22','2018-12-11 17:47:22','1454083','$2a$11$fYO4xdZZNNGcukqAdDXY1uc8G6CVm.aAgZGaUNUbGuIyjpQlEYRai',NULL,NULL,NULL,0,NULL,NULL,NULL,NULL),(106,NULL,NULL,'2018-12-11 17:47:22','2018-12-11 17:47:22','1455711','$2a$11$8sznKoNWRvb56IJr4zgXYObKf56i7z5jc5p8SGFEt8E9U//7uTN/K',NULL,NULL,NULL,0,NULL,NULL,NULL,NULL),(107,NULL,NULL,'2018-12-11 17:47:22','2018-12-24 17:08:56','1460041','$2a$11$Q9SnyuiyjoP0rR4o1YABbuOvEWRwNomKKyYyf3rbrnZDUtraeXUaS',NULL,NULL,NULL,6,'2018-12-24 17:08:56','2018-12-24 17:01:48','10.101.84.58','10.101.84.58'),(108,NULL,NULL,'2018-12-11 17:47:23','2018-12-11 17:47:23','1560764','$2a$11$47UGjXC.hk6tU0z4U2GbDeKnq3zC9oXxN0gHfe8/fWglpgQjrUXa6',NULL,NULL,NULL,0,NULL,NULL,NULL,NULL),(109,NULL,NULL,'2018-12-11 17:47:23','2018-12-11 17:47:23','1450706','$2a$11$qX4wekAwzFJ0uJ1QG7pz/OJnTfn.KJkGID.oYeL.6/3qpnPdGOgPO',NULL,NULL,NULL,0,NULL,NULL,NULL,NULL),(110,NULL,NULL,'2018-12-11 17:47:23','2018-12-11 17:47:23','1436448','$2a$11$rghEwcnD4FMHLdUhgA/8Pu4Fp216mZujPbvVZ.LUJofjiIiuFtxp.',NULL,NULL,NULL,0,NULL,NULL,NULL,NULL),(111,NULL,NULL,'2018-12-13 16:19:42','2018-12-19 19:28:36','1343849','$2a$11$5cNZAsme1cUaYpVpGb9Ys.IC/HVzJGrZry8gYfctfmD4wcoTbpJMq',NULL,NULL,NULL,2,'2018-12-19 19:28:36','2018-12-19 18:33:41','10.101.84.84','10.101.84.84'),(112,NULL,NULL,'2018-12-13 16:19:42','2018-12-13 16:19:42','1343984','$2a$11$B/VBe0IfIezX4VPz3UKdHe9mVyUbhaZ/lJF38DRJUw.aRro6PhbZ2',NULL,NULL,NULL,0,NULL,NULL,NULL,NULL),(113,NULL,NULL,'2018-12-13 16:19:42','2018-12-13 16:19:42','1462600','$2a$11$KItacfq6v8/eDITRroaqEOALtyWnEe4oPT/StaLe3z5ymruWAYj1W',NULL,NULL,NULL,0,NULL,NULL,NULL,NULL),(114,NULL,NULL,'2018-12-13 16:19:42','2018-12-13 16:20:10','1528626','$2a$11$9GSraU9fJMiiZrPAUTL0je6bAlKDH1Zcj59BySpkN8tZA78xFetn2',NULL,NULL,NULL,0,NULL,NULL,NULL,NULL),(115,NULL,NULL,'2018-12-13 16:19:43','2018-12-13 16:20:50','794526','$2a$11$hqOpkKcGNoPgFtC9E4xEbOSkN.toVj72lePCBR//Dscv0oUQ77jjy',NULL,NULL,NULL,0,NULL,NULL,NULL,NULL),(116,NULL,NULL,'2018-12-13 16:19:43','2018-12-13 16:19:43','1263223','$2a$11$q1/beStRg.x5VxlUREDDmOINw4vXloQ3c3Po9DNZF.qlBdDDqeAby',NULL,NULL,NULL,0,NULL,NULL,NULL,NULL),(117,NULL,NULL,'2018-12-13 16:19:43','2018-12-13 16:22:12','1452222','$2a$11$3cQQrmRInCopGP3dOR.OQObJ8/WJDUxDCdFrltEoQhPinSDE.1CbG',NULL,NULL,NULL,0,NULL,NULL,NULL,NULL),(118,NULL,NULL,'2018-12-13 16:19:43','2018-12-13 16:19:43','1434181','$2a$11$DQQrDZMYn.nFS33mmA8t6uP9bCyEDK6IXApmBVTFvrGZIOwbZCONq',NULL,NULL,NULL,0,NULL,NULL,NULL,NULL),(129,NULL,NULL,'2018-12-19 20:03:17','2018-12-19 20:03:17','852989','$2a$11$vw2MYHQUzUv522nDiO8RKONhz/Xx.2QUDgutDIc.xm1CbV8OMrX3O',NULL,NULL,NULL,0,NULL,NULL,NULL,NULL),(130,NULL,NULL,'2018-12-19 20:03:17','2018-12-19 20:03:17','862448','$2a$11$Y9AYTflGTGO1RyDS6mx5Jua./e0I6xy6NB/os10APG0wWl6Jcxxse',NULL,NULL,NULL,0,NULL,NULL,NULL,NULL);
/*!40000 ALTER TABLE `users` ENABLE KEYS */;
UNLOCK TABLES;

--
-- Table structure for table `users_roles`
--

DROP TABLE IF EXISTS `users_roles`;
/*!40101 SET @saved_cs_client     = @@character_set_client */;
/*!40101 SET character_set_client = utf8 */;
CREATE TABLE `users_roles` (
  `user_id` bigint(20) DEFAULT NULL,
  `role_id` bigint(20) DEFAULT NULL,
  KEY `index_users_roles_on_user_id` (`user_id`),
  KEY `index_users_roles_on_role_id` (`role_id`),
  KEY `index_users_roles_on_user_id_and_role_id` (`user_id`,`role_id`)
) ENGINE=InnoDB DEFAULT CHARSET=utf8;
/*!40101 SET character_set_client = @saved_cs_client */;

--
-- Dumping data for table `users_roles`
--

LOCK TABLES `users_roles` WRITE;
/*!40000 ALTER TABLE `users_roles` DISABLE KEYS */;
INSERT INTO `users_roles` VALUES (1,1),(2,2),(3,2),(4,2),(5,2),(91,2),(92,2),(93,2),(94,2),(95,2),(96,2),(97,2),(98,2),(99,2),(100,2),(101,2),(102,2),(103,2),(104,2),(105,2),(106,2),(107,2),(108,2),(109,2),(110,2),(111,2),(112,2),(113,2),(114,2),(115,2),(116,2),(117,2),(118,2),(129,2),(130,2);
/*!40000 ALTER TABLE `users_roles` ENABLE KEYS */;
UNLOCK TABLES;

--
-- Table structure for table `zones`
--

DROP TABLE IF EXISTS `zones`;
/*!40101 SET @saved_cs_client     = @@character_set_client */;
/*!40101 SET character_set_client = utf8 */;
CREATE TABLE `zones` (
  `id` bigint(20) NOT NULL AUTO_INCREMENT,
  `project_id` bigint(20) NOT NULL,
  `coordinates` varchar(255) NOT NULL,
  PRIMARY KEY (`id`),
  KEY `fk_rails_469356bd73` (`project_id`),
  CONSTRAINT `fk_rails_469356bd73` FOREIGN KEY (`project_id`) REFERENCES `projects` (`id`)
) ENGINE=InnoDB AUTO_INCREMENT=7 DEFAULT CHARSET=utf8;
/*!40101 SET character_set_client = @saved_cs_client */;

--
-- Dumping data for table `zones`
--

LOCK TABLES `zones` WRITE;
/*!40000 ALTER TABLE `zones` DISABLE KEYS */;
INSERT INTO `zones` VALUES (1,1,'62,704-241,704-241,841-62,841');
/*!40000 ALTER TABLE `zones` ENABLE KEYS */;
UNLOCK TABLES;
/*!40103 SET TIME_ZONE=@OLD_TIME_ZONE */;

/*!40101 SET SQL_MODE=@OLD_SQL_MODE */;
/*!40014 SET FOREIGN_KEY_CHECKS=@OLD_FOREIGN_KEY_CHECKS */;
/*!40014 SET UNIQUE_CHECKS=@OLD_UNIQUE_CHECKS */;
/*!40101 SET CHARACTER_SET_CLIENT=@OLD_CHARACTER_SET_CLIENT */;
/*!40101 SET CHARACTER_SET_RESULTS=@OLD_CHARACTER_SET_RESULTS */;
/*!40101 SET COLLATION_CONNECTION=@OLD_COLLATION_CONNECTION */;
/*!40111 SET SQL_NOTES=@OLD_SQL_NOTES */;

-- Dump completed on 2018-12-26 10:55:15
