-- MySQL dump 10.13  Distrib 5.7.25, for Linux (x86_64)
--
-- Host: localhost    Database: tatapp26_development
-- ------------------------------------------------------
-- Server version	5.7.25-0ubuntu0.18.04.2

/*!40101 SET @OLD_CHARACTER_SET_CLIENT=@@CHARACTER_SET_CLIENT */;
/*!40101 SET @OLD_CHARACTER_SET_RESULTS=@@CHARACTER_SET_RESULTS */;
/*!40101 SET @OLD_COLLATION_CONNECTION=@@COLLATION_CONNECTION */;
/*!40101 SET NAMES utf8 */;
/*!40103 SET @OLD_TIME_ZONE=@@TIME_ZONE */;
/*!40103 SET TIME_ZONE='+00:00' */;
/*!40014 SET @OLD_UNIQUE_CHECKS=@@UNIQUE_CHECKS, UNIQUE_CHECKS=0 */;
/*!40014 SET @OLD_FOREIGN_KEY_CHECKS=@@FOREIGN_KEY_CHECKS, FOREIGN_KEY_CHECKS=0 */;
/*!40101 SET @OLD_SQL_MODE=@@SQL_MODE, SQL_MODE='NO_AUTO_VALUE_ON_ZERO' */;
/*!40111 SET @OLD_SQL_NOTES=@@SQL_NOTES, SQL_NOTES=0 */;

--
-- Table structure for table `ar_internal_metadata`
--

DROP TABLE IF EXISTS `ar_internal_metadata`;
/*!40101 SET @saved_cs_client     = @@character_set_client */;
/*!40101 SET character_set_client = utf8 */;
CREATE TABLE `ar_internal_metadata` (
  `key` varchar(255) NOT NULL,
  `value` varchar(255) DEFAULT NULL,
  `created_at` datetime NOT NULL,
  `updated_at` datetime NOT NULL,
  PRIMARY KEY (`key`)
) ENGINE=InnoDB DEFAULT CHARSET=utf8;
/*!40101 SET character_set_client = @saved_cs_client */;

--
-- Dumping data for table `ar_internal_metadata`
--

LOCK TABLES `ar_internal_metadata` WRITE;
/*!40000 ALTER TABLE `ar_internal_metadata` DISABLE KEYS */;
INSERT INTO `ar_internal_metadata` VALUES ('environment','development','2018-12-11 17:33:12','2018-12-11 17:33:12');
/*!40000 ALTER TABLE `ar_internal_metadata` ENABLE KEYS */;
UNLOCK TABLES;

--
-- Table structure for table `assignments`
--

DROP TABLE IF EXISTS `assignments`;
/*!40101 SET @saved_cs_client     = @@character_set_client */;
/*!40101 SET character_set_client = utf8 */;
CREATE TABLE `assignments` (
  `id` bigint(20) NOT NULL AUTO_INCREMENT,
  `project_id` bigint(20) NOT NULL,
  `employee_id` bigint(20) NOT NULL,
  `seat_id` bigint(20) NOT NULL,
  `assignment_date` date NOT NULL,
  `status` int(11) NOT NULL,
  `created_at` datetime NOT NULL,
  `updated_at` datetime NOT NULL,
  PRIMARY KEY (`id`),
  KEY `fk_rails_1eb99de2cc` (`seat_id`),
  KEY `fk_rails_d0980e430f` (`employee_id`),
  KEY `fk_rails_4d3d2c839c` (`project_id`),
  CONSTRAINT `fk_rails_1eb99de2cc` FOREIGN KEY (`seat_id`) REFERENCES `seats` (`id`),
  CONSTRAINT `fk_rails_4d3d2c839c` FOREIGN KEY (`project_id`) REFERENCES `projects` (`id`),
  CONSTRAINT `fk_rails_d0980e430f` FOREIGN KEY (`employee_id`) REFERENCES `employees` (`id`)
) ENGINE=InnoDB AUTO_INCREMENT=532 DEFAULT CHARSET=utf8;
/*!40101 SET character_set_client = @saved_cs_client */;

--
-- Dumping data for table `assignments`
--

LOCK TABLES `assignments` WRITE;
/*!40000 ALTER TABLE `assignments` DISABLE KEYS */;
INSERT INTO `assignments` VALUES (17,2,110,1399,'2018-12-26',2,'2018-12-26 19:08:28','2018-12-26 20:27:06'),(18,4,485,1180,'2018-12-26',1,'2018-12-26 20:20:26','2018-12-26 20:20:26'),(19,2,110,1394,'2018-12-26',2,'2018-12-26 20:28:13','2018-12-26 20:28:25'),(20,2,110,1398,'2018-12-26',1,'2018-12-26 20:29:04','2018-12-26 20:29:04'),(21,4,115,1189,'2019-01-02',2,'2019-01-02 20:09:33','2019-01-02 20:13:44'),(22,4,115,1170,'2019-01-02',1,'2019-01-02 20:13:59','2019-01-02 20:13:59'),(23,1,97,1409,'2019-01-11',2,'2019-01-11 19:36:27','2019-01-11 20:07:27'),(24,1,97,1412,'2019-01-11',1,'2019-01-11 20:08:07','2019-01-11 20:08:07'),(25,1,101,1405,'2019-01-11',1,'2019-01-11 21:06:15','2019-01-11 21:06:15'),(26,1,97,1411,'2019-01-14',1,'2019-01-14 19:37:20','2019-01-14 19:37:20'),(27,1,96,1405,'2019-01-14',2,'2019-01-14 21:29:16','2019-01-14 21:30:36'),(28,1,96,1404,'2019-01-14',2,'2019-01-14 21:31:27','2019-01-14 21:32:20'),(29,1,96,1407,'2019-01-14',2,'2019-01-14 21:32:29','2019-01-14 21:33:12'),(30,4,486,1198,'2019-01-16',1,'2019-01-16 17:31:20','2019-01-16 17:31:20'),(31,6,564,1510,'2019-01-17',1,'2019-01-17 18:08:10','2019-01-17 18:08:10'),(32,1,99,1410,'2019-01-17',1,'2019-01-17 20:27:14','2019-01-17 20:27:14'),(33,1,96,1405,'2019-01-18',1,'2019-01-18 21:29:46','2019-01-18 21:29:46'),(34,4,483,1188,'2019-01-24',2,'2019-01-24 23:32:57','2019-01-24 23:35:34'),(35,4,115,1177,'2019-01-24',1,'2019-01-24 23:33:47','2019-01-24 23:33:47'),(36,4,114,1191,'2019-01-24',1,'2019-01-24 23:34:28','2019-01-24 23:34:28'),(37,4,483,1198,'2019-01-24',1,'2019-01-24 23:37:07','2019-01-24 23:37:07'),(38,4,485,1206,'2019-01-24',1,'2019-01-24 23:38:25','2019-01-24 23:38:25'),(39,1,97,1414,'2019-01-25',1,'2019-01-25 12:37:26','2019-01-25 12:37:26'),(40,1,95,1415,'2019-01-25',1,'2019-01-25 12:41:02','2019-01-25 12:41:02'),(41,1,99,1413,'2019-01-25',1,'2019-01-25 12:50:24','2019-01-25 12:50:24'),(42,1,96,1417,'2019-01-25',1,'2019-01-25 12:54:27','2019-01-25 12:54:27'),(43,1,98,1412,'2019-01-25',1,'2019-01-25 13:04:55','2019-01-25 13:04:55'),(44,1,97,1405,'2019-01-30',1,'2019-01-30 15:40:08','2019-01-30 15:40:08'),(45,1,98,1411,'2019-02-07',1,'2019-02-07 13:45:04','2019-02-07 13:45:04'),(46,1,97,1414,'2019-02-07',1,'2019-02-07 13:46:35','2019-02-07 13:46:35'),(47,1,100,1403,'2019-02-07',2,'2019-02-07 13:55:23','2019-02-07 13:56:25'),(48,1,100,1407,'2019-02-07',1,'2019-02-07 13:56:57','2019-02-07 13:56:57'),(49,1,97,1414,'2019-02-08',1,'2019-02-08 11:56:57','2019-02-08 11:56:57'),(50,2,783,1336,'2019-02-08',1,'2019-02-08 12:04:26','2019-02-08 12:04:26'),(51,1,100,1407,'2019-02-08',1,'2019-02-08 12:06:58','2019-02-08 12:06:58'),(52,1,96,1417,'2019-02-08',1,'2019-02-08 12:08:55','2019-02-08 12:08:55'),(53,1,842,1416,'2019-02-08',1,'2019-02-08 12:24:15','2019-02-08 12:24:15'),(54,6,565,1504,'2019-02-08',1,'2019-02-08 12:25:31','2019-02-08 12:25:31'),(55,11,128,1245,'2019-02-08',2,'2019-02-08 12:27:23','2019-02-08 12:28:02'),(56,11,128,1210,'2019-02-08',1,'2019-02-08 12:28:28','2019-02-08 12:28:28'),(57,11,815,1218,'2019-02-08',2,'2019-02-08 12:37:37','2019-02-08 22:08:24'),(58,11,827,1221,'2019-02-08',1,'2019-02-08 12:44:21','2019-02-08 12:44:21'),(59,7,558,1514,'2019-02-08',1,'2019-02-08 12:45:07','2019-02-08 12:45:07'),(60,7,557,1516,'2019-02-08',1,'2019-02-08 12:46:42','2019-02-08 12:46:42'),(61,4,504,1170,'2019-02-08',2,'2019-02-08 12:48:20','2019-02-08 13:07:47'),(62,11,812,1217,'2019-02-08',1,'2019-02-08 12:49:55','2019-02-08 12:49:55'),(63,7,556,1512,'2019-02-08',1,'2019-02-08 12:51:02','2019-02-08 12:51:02'),(64,7,555,1513,'2019-02-08',1,'2019-02-08 12:51:41','2019-02-08 12:51:41'),(65,11,802,1239,'2019-02-08',1,'2019-02-08 12:52:47','2019-02-08 12:52:47'),(66,11,826,1229,'2019-02-08',1,'2019-02-08 12:54:56','2019-02-08 12:54:56'),(67,1,105,1410,'2019-02-08',1,'2019-02-08 12:57:28','2019-02-08 12:57:28'),(68,11,849,1209,'2019-02-08',2,'2019-02-08 12:58:30','2019-02-08 12:59:07'),(69,11,849,1240,'2019-02-08',1,'2019-02-08 12:59:30','2019-02-08 12:59:30'),(70,11,820,1241,'2019-02-08',1,'2019-02-08 12:59:52','2019-02-08 12:59:52'),(71,4,483,1206,'2019-02-08',1,'2019-02-08 13:00:53','2019-02-08 13:00:53'),(72,4,483,1206,'2019-02-08',1,'2019-02-08 13:00:53','2019-02-08 13:00:53'),(73,11,850,1225,'2019-02-08',1,'2019-02-08 13:01:40','2019-02-08 13:01:40'),(74,11,830,1245,'2019-02-08',1,'2019-02-08 13:02:43','2019-02-08 13:02:43'),(75,11,819,1244,'2019-02-08',1,'2019-02-08 13:03:28','2019-02-08 13:03:28'),(76,11,801,1222,'2019-02-08',1,'2019-02-08 13:04:11','2019-02-08 13:04:11'),(77,4,502,1171,'2019-02-08',1,'2019-02-08 13:05:38','2019-02-08 13:05:38'),(78,11,808,1224,'2019-02-08',1,'2019-02-08 13:06:52','2019-02-08 13:06:52'),(79,4,504,1170,'2019-02-08',1,'2019-02-08 13:08:33','2019-02-08 13:08:33'),(80,11,825,1226,'2019-02-08',1,'2019-02-08 13:09:50','2019-02-08 13:09:50'),(81,7,559,1515,'2019-02-08',1,'2019-02-08 13:10:32','2019-02-08 13:10:32'),(82,11,821,1230,'2019-02-08',2,'2019-02-08 13:11:01','2019-02-08 13:24:58'),(83,11,831,1231,'2019-02-08',1,'2019-02-08 13:11:21','2019-02-08 13:11:21'),(84,4,491,1167,'2019-02-08',1,'2019-02-08 13:12:01','2019-02-08 13:12:01'),(85,4,492,1169,'2019-02-08',1,'2019-02-08 13:12:38','2019-02-08 13:12:38'),(86,4,489,1168,'2019-02-08',1,'2019-02-08 13:13:07','2019-02-08 13:13:07'),(87,1,98,1411,'2019-02-08',1,'2019-02-08 13:15:06','2019-02-08 13:15:06'),(88,4,484,1205,'2019-02-08',1,'2019-02-08 13:16:19','2019-02-08 13:16:19'),(89,11,818,1238,'2019-02-08',2,'2019-02-08 13:17:11','2019-02-08 13:47:25'),(90,4,494,1204,'2019-02-08',1,'2019-02-08 13:17:46','2019-02-08 13:17:46'),(91,2,785,1371,'2019-02-08',1,'2019-02-08 13:18:38','2019-02-08 13:18:38'),(92,4,514,1199,'2019-02-08',1,'2019-02-08 13:19:32','2019-02-08 13:19:32'),(93,11,816,1243,'2019-02-08',1,'2019-02-08 13:20:14','2019-02-08 13:20:14'),(94,11,813,1215,'2019-02-08',1,'2019-02-08 13:22:52','2019-02-08 13:22:52'),(95,11,821,1209,'2019-02-08',1,'2019-02-08 13:25:21','2019-02-08 13:25:21'),(96,11,822,1235,'2019-02-08',1,'2019-02-08 13:25:57','2019-02-08 13:25:57'),(97,4,513,1201,'2019-02-08',1,'2019-02-08 13:27:13','2019-02-08 13:27:13'),(98,11,817,1216,'2019-02-08',1,'2019-02-08 13:31:01','2019-02-08 13:31:01'),(99,11,814,1230,'2019-02-08',1,'2019-02-08 13:32:19','2019-02-08 13:32:19'),(100,6,560,1506,'2019-02-08',2,'2019-02-08 13:36:57','2019-02-08 22:56:24'),(101,11,829,1242,'2019-02-08',1,'2019-02-08 13:37:22','2019-02-08 13:37:22'),(102,2,767,1357,'2019-02-08',2,'2019-02-08 13:38:37','2019-02-08 13:53:16'),(103,11,811,1220,'2019-02-08',1,'2019-02-08 13:43:57','2019-02-08 13:43:57'),(104,11,818,1207,'2019-02-08',1,'2019-02-08 13:47:47','2019-02-08 13:47:47'),(105,2,780,1384,'2019-02-08',1,'2019-02-08 13:48:21','2019-02-08 13:48:21'),(106,2,702,1364,'2019-02-08',2,'2019-02-08 13:49:13','2019-02-08 15:48:15'),(107,2,703,1397,'2019-02-08',1,'2019-02-08 13:50:52','2019-02-08 13:50:52'),(108,2,713,1396,'2019-02-08',2,'2019-02-08 13:51:28','2019-02-08 15:16:45'),(109,2,709,1374,'2019-02-08',1,'2019-02-08 13:51:39','2019-02-08 13:51:39'),(110,11,828,1238,'2019-02-08',1,'2019-02-08 13:52:54','2019-02-08 13:52:54'),(111,2,767,1357,'2019-02-08',2,'2019-02-08 13:53:47','2019-02-08 18:09:13'),(112,1,651,1408,'2019-02-08',1,'2019-02-08 13:57:00','2019-02-08 13:57:00'),(113,2,92,1377,'2019-02-08',1,'2019-02-08 13:58:11','2019-02-08 13:58:11'),(114,2,708,1373,'2019-02-08',2,'2019-02-08 13:58:26','2019-02-08 14:05:44'),(115,2,683,1365,'2019-02-08',1,'2019-02-08 14:00:52','2019-02-08 14:00:52'),(116,2,759,1333,'2019-02-08',1,'2019-02-08 14:05:09','2019-02-08 14:05:09'),(117,2,773,1358,'2019-02-08',1,'2019-02-08 14:06:28','2019-02-08 14:06:28'),(118,2,665,1387,'2019-02-08',1,'2019-02-08 14:07:41','2019-02-08 14:07:41'),(119,2,789,1386,'2019-02-08',1,'2019-02-08 14:08:04','2019-02-08 14:08:04'),(120,2,790,1381,'2019-02-08',1,'2019-02-08 14:09:20','2019-02-08 14:09:20'),(121,2,93,1376,'2019-02-08',1,'2019-02-08 14:11:54','2019-02-08 14:11:54'),(122,2,742,1363,'2019-02-08',1,'2019-02-08 14:13:50','2019-02-08 14:13:50'),(123,2,710,1362,'2019-02-08',1,'2019-02-08 14:14:49','2019-02-08 14:14:49'),(124,2,716,1370,'2019-02-08',1,'2019-02-08 14:15:17','2019-02-08 14:15:17'),(125,4,503,1190,'2019-02-08',1,'2019-02-08 14:17:12','2019-02-08 14:17:12'),(126,2,693,1366,'2019-02-08',1,'2019-02-08 14:18:51','2019-02-08 14:18:51'),(127,2,788,1389,'2019-02-08',1,'2019-02-08 14:20:26','2019-02-08 14:20:26'),(128,2,787,1369,'2019-02-08',1,'2019-02-08 14:21:16','2019-02-08 14:21:16'),(129,2,704,1356,'2019-02-08',1,'2019-02-08 14:21:52','2019-02-08 14:21:52'),(130,2,782,1373,'2019-02-08',1,'2019-02-08 14:23:28','2019-02-08 14:23:28'),(131,2,762,1399,'2019-02-08',2,'2019-02-08 14:23:36','2019-02-08 14:33:11'),(132,2,689,1367,'2019-02-08',1,'2019-02-08 14:24:34','2019-02-08 14:24:34'),(133,1,103,1413,'2019-02-08',1,'2019-02-08 14:24:54','2019-02-08 14:24:54'),(134,2,667,1398,'2019-02-08',1,'2019-02-08 14:25:09','2019-02-08 14:25:09'),(135,1,104,1412,'2019-02-08',1,'2019-02-08 14:25:35','2019-02-08 14:25:35'),(136,2,718,1392,'2019-02-08',1,'2019-02-08 14:31:42','2019-02-08 14:31:42'),(137,2,762,1353,'2019-02-08',2,'2019-02-08 14:34:01','2019-02-08 14:34:32'),(138,2,762,1401,'2019-02-08',2,'2019-02-08 14:35:27','2019-02-08 14:35:58'),(139,2,762,1394,'2019-02-08',2,'2019-02-08 14:36:52','2019-02-08 14:38:33'),(140,2,729,1375,'2019-02-08',1,'2019-02-08 14:38:55','2019-02-08 14:38:55'),(141,2,762,1295,'2019-02-08',1,'2019-02-08 14:39:06','2019-02-08 14:39:06'),(142,1,847,1415,'2019-02-08',1,'2019-02-08 14:49:08','2019-02-08 14:49:08'),(143,2,760,1379,'2019-02-08',1,'2019-02-08 14:50:22','2019-02-08 14:50:22'),(144,1,109,1403,'2019-02-08',1,'2019-02-08 14:52:28','2019-02-08 14:52:28'),(145,1,109,1406,'2019-02-08',1,'2019-02-08 14:52:29','2019-02-08 14:52:29'),(146,11,807,1228,'2019-02-08',1,'2019-02-08 14:54:14','2019-02-08 14:54:14'),(147,2,713,1344,'2019-02-08',2,'2019-02-08 15:17:56','2019-02-08 15:18:19'),(148,2,713,1382,'2019-02-08',2,'2019-02-08 15:18:47','2019-02-08 17:52:00'),(149,2,777,1361,'2019-02-08',1,'2019-02-08 15:21:27','2019-02-08 15:21:27'),(150,11,809,1208,'2019-02-08',1,'2019-02-08 15:22:52','2019-02-08 15:22:52'),(151,2,657,1383,'2019-02-08',2,'2019-02-08 15:52:13','2019-02-08 15:53:46'),(152,2,655,1399,'2019-02-08',1,'2019-02-08 15:54:24','2019-02-08 15:54:24'),(153,2,778,1348,'2019-02-08',1,'2019-02-08 17:34:08','2019-02-08 17:34:08'),(154,6,563,1505,'2019-02-08',1,'2019-02-08 17:50:27','2019-02-08 17:50:27'),(155,2,738,1383,'2019-02-08',1,'2019-02-08 17:51:23','2019-02-08 17:51:23'),(156,6,566,1510,'2019-02-08',1,'2019-02-08 17:53:10','2019-02-08 17:53:10'),(157,2,755,1385,'2019-02-08',1,'2019-02-08 17:56:50','2019-02-08 17:56:50'),(158,2,756,1388,'2019-02-08',1,'2019-02-08 17:57:34','2019-02-08 17:57:34'),(159,2,726,1391,'2019-02-08',1,'2019-02-08 17:58:20','2019-02-08 17:58:20'),(160,2,770,1357,'2019-02-08',1,'2019-02-08 18:43:19','2019-02-08 18:43:19'),(161,2,794,1390,'2019-02-08',1,'2019-02-08 22:17:47','2019-02-08 22:17:47'),(162,6,560,1511,'2019-02-08',1,'2019-02-08 22:56:40','2019-02-08 22:56:40'),(163,2,783,1354,'2019-02-11',1,'2019-02-11 11:47:13','2019-02-11 11:47:13'),(164,2,783,1334,'2019-02-11',1,'2019-02-11 11:47:13','2019-02-11 11:47:13'),(165,1,104,1413,'2019-02-11',1,'2019-02-11 11:48:39','2019-02-11 11:48:39'),(166,11,822,1219,'2019-02-11',1,'2019-02-11 12:22:29','2019-02-11 12:22:29'),(167,11,817,1216,'2019-02-11',1,'2019-02-11 12:24:06','2019-02-11 12:24:06'),(168,11,128,1210,'2019-02-11',1,'2019-02-11 12:24:41','2019-02-11 12:24:41'),(169,2,742,1355,'2019-02-11',1,'2019-02-11 12:25:28','2019-02-11 12:25:28'),(170,2,799,1378,'2019-02-11',2,'2019-02-11 12:27:10','2019-02-11 12:30:31'),(171,2,800,1359,'2019-02-11',1,'2019-02-11 12:28:36','2019-02-11 12:28:36'),(172,11,821,1209,'2019-02-11',1,'2019-02-11 12:29:07','2019-02-11 12:29:07'),(173,11,801,1208,'2019-02-11',1,'2019-02-11 12:29:59','2019-02-11 12:29:59'),(174,2,799,1360,'2019-02-11',1,'2019-02-11 12:30:40','2019-02-11 12:30:40'),(175,1,100,1407,'2019-02-11',1,'2019-02-11 12:34:00','2019-02-11 12:34:00'),(176,1,843,1412,'2019-02-11',1,'2019-02-11 12:34:39','2019-02-11 12:34:39'),(177,11,850,1225,'2019-02-11',1,'2019-02-11 12:35:41','2019-02-11 12:35:41'),(178,11,826,1207,'2019-02-11',1,'2019-02-11 12:36:37','2019-02-11 12:36:37'),(179,2,689,1368,'2019-02-11',1,'2019-02-11 12:37:26','2019-02-11 12:37:26'),(180,2,916,1357,'2019-02-11',1,'2019-02-11 12:41:15','2019-02-11 12:41:15'),(181,11,815,1218,'2019-02-11',1,'2019-02-11 12:42:32','2019-02-11 12:42:32'),(182,2,93,1379,'2019-02-11',1,'2019-02-11 12:52:53','2019-02-11 12:52:53'),(183,4,489,1167,'2019-02-11',1,'2019-02-11 12:56:10','2019-02-11 12:56:10'),(184,11,911,1221,'2019-02-11',1,'2019-02-11 12:57:39','2019-02-11 12:57:39'),(185,2,660,1398,'2019-02-11',1,'2019-02-11 12:58:58','2019-02-11 12:58:58'),(186,6,565,1504,'2019-02-11',1,'2019-02-11 13:00:16','2019-02-11 13:00:16'),(187,2,915,1356,'2019-02-11',1,'2019-02-11 13:02:08','2019-02-11 13:02:08'),(188,2,830,1367,'2019-02-11',1,'2019-02-11 13:04:16','2019-02-11 13:04:16'),(189,11,818,1215,'2019-02-11',1,'2019-02-11 13:05:12','2019-02-11 13:05:12'),(190,1,97,1414,'2019-02-11',1,'2019-02-11 13:05:52','2019-02-11 13:05:52'),(191,5,544,1136,'2019-02-11',1,'2019-02-11 13:06:45','2019-02-11 13:06:45'),(192,1,846,1406,'2019-02-11',1,'2019-02-11 13:07:31','2019-02-11 13:07:31'),(193,11,849,1239,'2019-02-11',1,'2019-02-11 13:08:52','2019-02-11 13:08:52'),(194,11,820,1238,'2019-02-11',1,'2019-02-11 13:09:23','2019-02-11 13:09:23'),(195,4,770,1199,'2019-02-11',1,'2019-02-11 13:11:07','2019-02-11 13:11:07'),(196,2,767,1384,'2019-02-11',1,'2019-02-11 13:11:56','2019-02-11 13:11:56'),(197,11,496,1234,'2019-02-11',1,'2019-02-11 13:14:18','2019-02-11 13:14:18'),(198,11,908,1235,'2019-02-11',1,'2019-02-11 13:14:56','2019-02-11 13:14:56'),(199,11,909,1224,'2019-02-11',1,'2019-02-11 13:15:30','2019-02-11 13:15:30'),(200,2,831,1333,'2019-02-11',1,'2019-02-11 13:15:45','2019-02-11 13:15:45'),(201,2,704,1392,'2019-02-11',1,'2019-02-11 13:16:43','2019-02-11 13:16:43'),(202,2,683,1365,'2019-02-11',1,'2019-02-11 13:17:14','2019-02-11 13:17:14'),(203,1,847,1411,'2019-02-11',1,'2019-02-11 13:18:01','2019-02-11 13:18:01'),(204,2,665,1387,'2019-02-11',1,'2019-02-11 13:19:28','2019-02-11 13:19:28'),(205,2,787,1351,'2019-02-11',1,'2019-02-11 13:19:59','2019-02-11 13:19:59'),(206,11,814,1220,'2019-02-11',1,'2019-02-11 13:21:30','2019-02-11 13:21:30'),(207,2,919,1345,'2019-02-11',1,'2019-02-11 13:22:28','2019-02-11 13:22:28'),(208,7,556,1512,'2019-02-11',1,'2019-02-11 13:23:27','2019-02-11 13:23:27'),(209,2,789,1386,'2019-02-11',1,'2019-02-11 13:24:09','2019-02-11 13:24:09'),(210,11,808,1245,'2019-02-11',1,'2019-02-11 13:24:33','2019-02-11 13:24:33'),(211,11,827,1222,'2019-02-11',1,'2019-02-11 13:25:33','2019-02-11 13:25:33'),(212,11,825,1226,'2019-02-11',1,'2019-02-11 13:26:10','2019-02-11 13:26:10'),(213,2,782,1370,'2019-02-11',1,'2019-02-11 13:26:50','2019-02-11 13:26:50'),(214,7,557,1516,'2019-02-11',1,'2019-02-11 13:28:13','2019-02-11 13:28:13'),(215,2,716,1364,'2019-02-11',1,'2019-02-11 13:28:53','2019-02-11 13:28:53'),(216,2,778,1381,'2019-02-11',1,'2019-02-11 13:30:54','2019-02-11 13:30:54'),(217,4,491,1168,'2019-02-11',1,'2019-02-11 13:31:22','2019-02-11 13:31:22'),(218,1,98,1410,'2019-02-11',1,'2019-02-11 13:33:35','2019-02-11 13:33:35'),(219,1,651,1403,'2019-02-11',1,'2019-02-11 13:37:22','2019-02-11 13:37:22'),(220,1,842,1415,'2019-02-11',1,'2019-02-11 13:41:51','2019-02-11 13:41:51'),(221,1,105,1417,'2019-02-11',1,'2019-02-11 13:46:15','2019-02-11 13:46:15'),(222,11,809,1223,'2019-02-11',1,'2019-02-11 13:53:04','2019-02-11 13:53:04'),(223,4,495,1190,'2019-02-11',1,'2019-02-11 14:16:02','2019-02-11 14:16:02'),(224,2,788,1378,'2019-02-11',1,'2019-02-11 14:20:06','2019-02-11 14:20:06'),(225,11,514,1213,'2019-02-11',1,'2019-02-11 14:43:18','2019-02-11 14:43:18'),(226,11,907,1211,'2019-02-11',1,'2019-02-11 15:32:08','2019-02-11 15:32:08'),(227,1,96,1416,'2019-02-11',1,'2019-02-11 16:35:01','2019-02-11 16:35:01'),(228,11,834,1214,'2019-02-11',1,'2019-02-11 19:16:56','2019-02-11 19:16:56'),(229,2,659,1399,'2019-02-11',1,'2019-02-11 21:27:54','2019-02-11 21:27:54'),(230,2,656,1400,'2019-02-11',1,'2019-02-11 21:28:51','2019-02-11 21:28:51'),(231,2,767,1357,'2019-02-12',1,'2019-02-12 10:54:13','2019-02-12 10:54:13'),(232,11,802,1216,'2019-02-12',1,'2019-02-12 11:42:37','2019-02-12 11:42:37'),(233,1,846,1412,'2019-02-12',1,'2019-02-12 11:46:44','2019-02-12 11:46:44'),(234,1,104,1413,'2019-02-12',1,'2019-02-12 11:50:57','2019-02-12 11:50:57'),(235,2,689,1361,'2019-02-12',1,'2019-02-12 11:59:42','2019-02-12 11:59:42'),(236,11,821,1210,'2019-02-12',2,'2019-02-12 12:17:01','2019-02-12 12:17:26'),(237,11,821,1209,'2019-02-12',1,'2019-02-12 12:17:34','2019-02-12 12:17:34'),(238,2,916,1363,'2019-02-12',1,'2019-02-12 12:23:03','2019-02-12 12:23:03'),(239,2,800,1398,'2019-02-12',2,'2019-02-12 12:24:19','2019-02-12 12:24:56'),(240,2,800,1377,'2019-02-12',2,'2019-02-12 12:25:06','2019-02-12 13:24:25'),(241,11,801,1207,'2019-02-12',1,'2019-02-12 12:28:31','2019-02-12 12:28:31'),(242,11,907,1211,'2019-02-12',1,'2019-02-12 12:30:48','2019-02-12 12:30:48'),(243,11,817,1217,'2019-02-12',1,'2019-02-12 12:31:29','2019-02-12 12:31:29'),(244,4,517,1169,'2019-02-12',1,'2019-02-12 12:33:56','2019-02-12 12:33:56'),(245,1,100,1407,'2019-02-12',1,'2019-02-12 12:34:51','2019-02-12 12:34:51'),(246,2,660,1398,'2019-02-12',1,'2019-02-12 12:35:28','2019-02-12 12:35:28'),(247,1,96,1417,'2019-02-12',1,'2019-02-12 12:36:01','2019-02-12 12:36:01'),(248,2,799,1360,'2019-02-12',1,'2019-02-12 12:37:56','2019-02-12 12:37:56'),(249,11,128,1210,'2019-02-12',1,'2019-02-12 12:42:49','2019-02-12 12:42:49'),(250,2,782,1358,'2019-02-12',1,'2019-02-12 12:44:23','2019-02-12 12:44:23'),(251,11,850,1225,'2019-02-12',1,'2019-02-12 12:45:13','2019-02-12 12:45:13'),(252,2,659,1399,'2019-02-12',1,'2019-02-12 12:49:12','2019-02-12 12:49:12'),(253,11,815,1218,'2019-02-12',1,'2019-02-12 12:49:48','2019-02-12 12:49:48'),(254,1,97,1414,'2019-02-12',1,'2019-02-12 12:50:15','2019-02-12 12:50:15'),(255,11,826,1208,'2019-02-12',1,'2019-02-12 12:50:57','2019-02-12 12:50:57'),(256,2,704,1333,'2019-02-12',1,'2019-02-12 12:52:36','2019-02-12 12:52:36'),(257,2,915,1372,'2019-02-12',1,'2019-02-12 12:53:27','2019-02-12 12:53:27'),(258,4,770,1179,'2019-02-12',2,'2019-02-12 12:56:04','2019-02-12 13:07:07'),(259,1,842,1416,'2019-02-12',1,'2019-02-12 12:57:20','2019-02-12 12:57:20'),(260,11,849,1239,'2019-02-12',1,'2019-02-12 12:58:12','2019-02-12 12:58:12'),(261,11,814,1240,'2019-02-12',1,'2019-02-12 12:58:55','2019-02-12 12:58:55'),(262,11,830,1214,'2019-02-12',1,'2019-02-12 12:59:48','2019-02-12 12:59:48'),(263,11,830,1214,'2019-02-12',1,'2019-02-12 12:59:49','2019-02-12 12:59:49'),(264,2,92,1378,'2019-02-12',1,'2019-02-12 13:00:55','2019-02-12 13:00:55'),(265,1,105,1411,'2019-02-12',1,'2019-02-12 13:03:48','2019-02-12 13:03:48'),(266,2,667,1354,'2019-02-12',1,'2019-02-12 13:06:31','2019-02-12 13:06:31'),(267,4,770,1176,'2019-02-12',1,'2019-02-12 13:07:22','2019-02-12 13:07:22'),(268,11,513,1212,'2019-02-12',1,'2019-02-12 13:08:10','2019-02-12 13:08:10'),(269,11,908,1241,'2019-02-12',1,'2019-02-12 13:08:30','2019-02-12 13:08:30'),(270,11,820,1238,'2019-02-12',1,'2019-02-12 13:09:09','2019-02-12 13:09:09'),(271,11,827,1227,'2019-02-12',1,'2019-02-12 13:09:33','2019-02-12 13:09:33'),(272,4,491,1167,'2019-02-12',1,'2019-02-12 13:10:32','2019-02-12 13:10:32'),(273,11,909,1242,'2019-02-12',2,'2019-02-12 13:11:29','2019-02-12 13:18:55'),(274,2,778,1356,'2019-02-12',1,'2019-02-12 13:12:07','2019-02-12 13:12:07'),(275,2,919,1355,'2019-02-12',1,'2019-02-12 13:13:02','2019-02-12 13:13:02'),(276,1,843,1408,'2019-02-12',1,'2019-02-12 13:13:37','2019-02-12 13:13:37'),(277,11,818,1213,'2019-02-12',1,'2019-02-12 13:14:13','2019-02-12 13:14:13'),(278,4,489,1168,'2019-02-12',1,'2019-02-12 13:14:40','2019-02-12 13:14:40'),(279,2,718,1364,'2019-02-12',1,'2019-02-12 13:16:09','2019-02-12 13:16:09'),(280,11,813,1231,'2019-02-12',2,'2019-02-12 13:17:26','2019-02-12 13:18:09'),(281,11,813,1220,'2019-02-12',1,'2019-02-12 13:18:40','2019-02-12 13:18:40'),(282,11,909,1235,'2019-02-12',1,'2019-02-12 13:19:15','2019-02-12 13:19:15'),(283,1,847,1410,'2019-02-12',1,'2019-02-12 13:19:47','2019-02-12 13:19:47'),(284,11,825,1215,'2019-02-12',1,'2019-02-12 13:20:19','2019-02-12 13:20:19'),(285,11,808,1245,'2019-02-12',1,'2019-02-12 13:21:01','2019-02-12 13:21:01'),(286,11,851,1232,'2019-02-12',1,'2019-02-12 13:21:27','2019-02-12 13:21:27'),(287,11,514,1231,'2019-02-12',1,'2019-02-12 13:23:01','2019-02-12 13:23:01'),(288,2,800,1359,'2019-02-12',1,'2019-02-12 13:24:36','2019-02-12 13:24:36'),(289,2,661,1246,'2019-02-12',2,'2019-02-12 13:26:52','2019-02-12 13:28:01'),(290,2,661,1247,'2019-02-12',1,'2019-02-12 13:28:19','2019-02-12 13:28:19'),(291,11,831,1219,'2019-02-12',1,'2019-02-12 13:29:04','2019-02-12 13:29:04'),(292,2,683,1365,'2019-02-12',1,'2019-02-12 13:29:31','2019-02-12 13:29:31'),(293,4,492,1170,'2019-02-12',1,'2019-02-12 13:30:41','2019-02-12 13:30:41'),(294,1,651,1406,'2019-02-12',1,'2019-02-12 13:36:02','2019-02-12 13:36:02'),(295,4,772,1174,'2019-02-12',2,'2019-02-12 13:37:01','2019-02-12 13:42:09'),(296,11,822,1221,'2019-02-12',2,'2019-02-12 13:37:46','2019-02-12 13:46:14'),(297,4,495,1190,'2019-02-12',1,'2019-02-12 13:41:30','2019-02-12 13:41:30'),(298,4,772,1177,'2019-02-12',1,'2019-02-12 13:42:39','2019-02-12 13:42:39'),(299,11,911,1222,'2019-02-12',2,'2019-02-12 13:43:38','2019-02-12 13:45:25'),(300,11,911,1222,'2019-02-12',2,'2019-02-12 13:45:50','2019-02-12 13:47:10'),(301,11,822,1226,'2019-02-12',1,'2019-02-12 13:46:29','2019-02-12 13:46:29'),(302,11,911,1221,'2019-02-12',1,'2019-02-12 13:47:20','2019-02-12 13:47:20'),(303,11,809,1223,'2019-02-12',1,'2019-02-12 13:48:34','2019-02-12 13:48:34'),(304,11,852,1233,'2019-02-12',1,'2019-02-12 13:56:39','2019-02-12 13:56:39'),(305,4,503,1179,'2019-02-12',1,'2019-02-12 14:31:33','2019-02-12 14:31:33'),(306,2,783,1343,'2019-02-12',1,'2019-02-12 18:20:41','2019-02-12 18:20:41'),(307,4,768,1199,'2019-02-12',1,'2019-02-12 21:38:54','2019-02-12 21:38:54'),(308,2,783,1351,'2019-02-13',1,'2019-02-13 11:41:35','2019-02-13 11:41:35'),(309,1,104,1413,'2019-02-13',1,'2019-02-13 11:53:36','2019-02-13 11:53:36'),(310,1,651,1406,'2019-02-13',1,'2019-02-13 12:01:07','2019-02-13 12:01:07'),(311,11,802,1217,'2019-02-13',1,'2019-02-13 12:01:55','2019-02-13 12:01:55'),(312,1,846,1412,'2019-02-13',1,'2019-02-13 12:02:41','2019-02-13 12:02:41'),(313,11,825,1215,'2019-02-13',1,'2019-02-13 12:16:22','2019-02-13 12:16:22'),(314,2,799,1360,'2019-02-13',1,'2019-02-13 12:16:58','2019-02-13 12:16:58'),(315,1,105,1411,'2019-02-13',1,'2019-02-13 12:19:59','2019-02-13 12:19:59'),(316,11,817,1216,'2019-02-13',1,'2019-02-13 12:24:07','2019-02-13 12:24:07'),(317,2,916,1363,'2019-02-13',1,'2019-02-13 12:27:48','2019-02-13 12:27:48'),(318,11,821,1210,'2019-02-13',1,'2019-02-13 12:31:52','2019-02-13 12:31:52'),(319,11,801,1208,'2019-02-13',1,'2019-02-13 12:32:29','2019-02-13 12:32:29'),(320,11,907,1220,'2019-02-13',1,'2019-02-13 12:33:32','2019-02-13 12:33:32'),(321,11,128,1209,'2019-02-13',1,'2019-02-13 12:36:51','2019-02-13 12:36:51'),(322,2,800,1359,'2019-02-13',1,'2019-02-13 12:37:30','2019-02-13 12:37:30'),(323,11,514,1228,'2019-02-13',2,'2019-02-13 12:38:05','2019-02-13 12:43:04'),(324,11,826,1207,'2019-02-13',1,'2019-02-13 12:38:48','2019-02-13 12:38:48'),(325,11,850,1225,'2019-02-13',1,'2019-02-13 12:40:25','2019-02-13 12:40:25'),(326,11,815,1218,'2019-02-13',1,'2019-02-13 12:42:20','2019-02-13 12:42:20'),(327,11,514,1237,'2019-02-13',1,'2019-02-13 12:43:27','2019-02-13 12:43:27'),(328,1,96,1417,'2019-02-13',1,'2019-02-13 12:45:07','2019-02-13 12:45:07'),(329,1,100,1407,'2019-02-13',1,'2019-02-13 12:45:47','2019-02-13 12:45:47'),(330,2,915,1249,'2019-02-13',2,'2019-02-13 12:47:28','2019-02-13 13:00:15'),(331,11,513,1212,'2019-02-13',1,'2019-02-13 12:54:45','2019-02-13 12:54:45'),(332,4,768,1190,'2019-02-13',1,'2019-02-13 12:56:05','2019-02-13 12:56:05'),(333,11,908,1227,'2019-02-13',1,'2019-02-13 12:57:08','2019-02-13 12:57:08'),(334,2,683,1365,'2019-02-13',1,'2019-02-13 12:57:38','2019-02-13 12:57:38'),(335,4,489,1167,'2019-02-13',1,'2019-02-13 12:58:11','2019-02-13 12:58:11'),(336,11,830,1219,'2019-02-13',1,'2019-02-13 12:59:04','2019-02-13 12:59:04'),(337,2,915,1246,'2019-02-13',1,'2019-02-13 13:00:31','2019-02-13 13:00:31'),(338,11,911,1221,'2019-02-13',1,'2019-02-13 13:03:07','2019-02-13 13:03:07'),(339,2,660,1398,'2019-02-13',1,'2019-02-13 13:04:06','2019-02-13 13:04:06'),(340,11,851,1232,'2019-02-13',1,'2019-02-13 13:07:45','2019-02-13 13:07:45'),(341,1,97,1414,'2019-02-13',1,'2019-02-13 13:08:06','2019-02-13 13:08:06'),(342,11,820,1239,'2019-02-13',1,'2019-02-13 13:11:00','2019-02-13 13:11:00'),(343,11,814,1240,'2019-02-13',1,'2019-02-13 13:11:29','2019-02-13 13:11:29'),(344,11,818,1213,'2019-02-13',1,'2019-02-13 13:11:55','2019-02-13 13:11:55'),(345,1,842,1416,'2019-02-13',1,'2019-02-13 13:12:34','2019-02-13 13:12:34'),(346,11,849,1238,'2019-02-13',1,'2019-02-13 13:13:07','2019-02-13 13:13:07'),(347,11,808,1245,'2019-02-13',1,'2019-02-13 13:13:29','2019-02-13 13:13:29'),(348,2,718,1364,'2019-02-13',1,'2019-02-13 13:13:59','2019-02-13 13:13:59'),(349,2,710,1375,'2019-02-13',1,'2019-02-13 13:14:34','2019-02-13 13:14:34'),(350,11,813,1211,'2019-02-13',1,'2019-02-13 13:15:25','2019-02-13 13:15:25'),(351,2,788,1397,'2019-02-13',1,'2019-02-13 13:16:03','2019-02-13 13:16:03'),(352,2,778,1396,'2019-02-13',1,'2019-02-13 13:16:21','2019-02-13 13:16:21'),(353,1,847,1410,'2019-02-13',1,'2019-02-13 13:16:49','2019-02-13 13:16:49'),(354,2,919,1384,'2019-02-13',2,'2019-02-13 13:17:39','2019-02-13 13:18:04'),(355,2,919,1355,'2019-02-13',1,'2019-02-13 13:18:30','2019-02-13 13:18:30'),(356,11,909,1235,'2019-02-13',1,'2019-02-13 13:19:05','2019-02-13 13:19:05'),(357,2,704,1356,'2019-02-13',1,'2019-02-13 13:23:33','2019-02-13 13:23:33'),(358,11,827,1226,'2019-02-13',1,'2019-02-13 13:24:06','2019-02-13 13:24:06'),(359,11,829,1244,'2019-02-13',1,'2019-02-13 13:24:38','2019-02-13 13:24:38'),(360,2,789,1386,'2019-02-13',1,'2019-02-13 13:25:19','2019-02-13 13:25:19'),(361,1,843,1415,'2019-02-13',1,'2019-02-13 13:30:19','2019-02-13 13:30:19'),(362,11,831,1214,'2019-02-13',1,'2019-02-13 13:31:01','2019-02-13 13:31:01'),(363,11,822,1222,'2019-02-13',1,'2019-02-13 13:37:10','2019-02-13 13:37:10'),(364,4,491,1168,'2019-02-13',1,'2019-02-13 13:38:16','2019-02-13 13:38:16'),(365,11,496,1234,'2019-02-13',1,'2019-02-13 13:42:50','2019-02-13 13:42:50'),(366,2,93,1379,'2019-02-13',1,'2019-02-13 13:43:32','2019-02-13 13:43:32'),(367,4,772,1176,'2019-02-13',1,'2019-02-13 13:47:25','2019-02-13 13:47:25'),(368,11,809,1223,'2019-02-13',1,'2019-02-13 13:52:30','2019-02-13 13:52:30'),(369,4,495,1186,'2019-02-13',1,'2019-02-13 13:54:11','2019-02-13 13:54:11'),(370,4,770,1181,'2019-02-13',2,'2019-02-13 14:34:42','2019-02-13 14:42:07'),(371,4,770,1177,'2019-02-13',1,'2019-02-13 14:42:28','2019-02-13 14:42:28'),(372,6,565,1504,'2019-02-13',1,'2019-02-13 16:30:41','2019-02-13 16:30:41'),(373,6,566,1509,'2019-02-13',1,'2019-02-13 16:31:25','2019-02-13 16:31:25'),(374,2,787,1349,'2019-02-13',1,'2019-02-13 19:20:05','2019-02-13 19:20:05'),(375,2,782,1344,'2019-02-13',1,'2019-02-13 19:21:04','2019-02-13 19:21:04'),(376,1,104,1413,'2019-02-14',1,'2019-02-14 12:01:53','2019-02-14 12:01:53'),(377,2,790,1394,'2019-02-14',1,'2019-02-14 12:09:22','2019-02-14 12:09:22'),(378,11,802,1217,'2019-02-14',1,'2019-02-14 12:09:57','2019-02-14 12:09:57'),(379,1,105,1411,'2019-02-14',1,'2019-02-14 12:10:35','2019-02-14 12:10:35'),(380,1,651,1406,'2019-02-14',1,'2019-02-14 12:11:01','2019-02-14 12:11:01'),(381,1,846,1412,'2019-02-14',1,'2019-02-14 12:11:45','2019-02-14 12:11:45'),(382,2,799,1360,'2019-02-14',1,'2019-02-14 12:19:52','2019-02-14 12:19:52'),(383,11,851,1226,'2019-02-14',1,'2019-02-14 12:22:05','2019-02-14 12:22:05'),(384,11,821,1210,'2019-02-14',1,'2019-02-14 12:22:27','2019-02-14 12:22:27'),(385,11,817,1216,'2019-02-14',1,'2019-02-14 12:26:16','2019-02-14 12:26:16'),(386,2,782,1344,'2019-02-14',1,'2019-02-14 12:26:46','2019-02-14 12:26:46'),(387,11,801,1207,'2019-02-14',1,'2019-02-14 12:32:19','2019-02-14 12:32:19'),(388,11,826,1208,'2019-02-14',1,'2019-02-14 12:35:19','2019-02-14 12:35:19'),(389,11,815,1218,'2019-02-14',1,'2019-02-14 12:42:07','2019-02-14 12:42:07'),(390,1,96,1417,'2019-02-14',1,'2019-02-14 12:42:41','2019-02-14 12:42:41'),(391,11,128,1209,'2019-02-14',1,'2019-02-14 12:43:27','2019-02-14 12:43:27'),(392,2,683,1365,'2019-02-14',1,'2019-02-14 12:46:42','2019-02-14 12:46:42'),(393,11,812,1240,'2019-02-14',1,'2019-02-14 12:54:29','2019-02-14 12:54:29'),(394,1,100,1407,'2019-02-14',1,'2019-02-14 12:54:47','2019-02-14 12:54:47'),(395,2,689,1361,'2019-02-14',1,'2019-02-14 12:55:36','2019-02-14 12:55:36'),(396,2,915,1256,'2019-02-14',1,'2019-02-14 12:56:11','2019-02-14 12:56:11'),(397,2,710,1357,'2019-02-14',1,'2019-02-14 12:56:50','2019-02-14 12:56:50'),(398,11,852,1227,'2019-02-14',1,'2019-02-14 12:57:48','2019-02-14 12:57:48'),(399,1,97,1414,'2019-02-14',1,'2019-02-14 12:58:08','2019-02-14 12:58:08'),(400,11,911,1221,'2019-02-14',1,'2019-02-14 12:58:46','2019-02-14 12:58:46'),(401,11,830,1219,'2019-02-14',1,'2019-02-14 12:59:10','2019-02-14 12:59:10'),(402,1,843,1415,'2019-02-14',1,'2019-02-14 12:59:37','2019-02-14 12:59:37'),(403,2,789,1386,'2019-02-14',1,'2019-02-14 13:00:52','2019-02-14 13:00:52'),(404,4,768,1179,'2019-02-14',1,'2019-02-14 13:02:48','2019-02-14 13:02:48'),(405,11,514,1237,'2019-02-14',1,'2019-02-14 13:03:31','2019-02-14 13:03:31'),(406,2,778,1399,'2019-02-14',1,'2019-02-14 13:06:06','2019-02-14 13:06:06'),(407,11,814,1230,'2019-02-14',1,'2019-02-14 13:06:56','2019-02-14 13:06:56'),(408,11,820,1239,'2019-02-14',1,'2019-02-14 13:07:22','2019-02-14 13:07:22'),(409,11,504,1211,'2019-02-14',1,'2019-02-14 13:08:07','2019-02-14 13:08:07'),(410,2,661,1359,'2019-02-14',1,'2019-02-14 13:09:30','2019-02-14 13:09:30'),(411,11,831,1215,'2019-02-14',2,'2019-02-14 13:10:19','2019-02-14 13:14:33'),(412,11,513,1243,'2019-02-14',2,'2019-02-14 13:11:12','2019-02-14 13:40:19'),(413,11,908,1224,'2019-02-14',1,'2019-02-14 13:11:36','2019-02-14 13:11:36'),(414,11,909,1234,'2019-02-14',1,'2019-02-14 13:11:56','2019-02-14 13:11:56'),(415,11,849,1238,'2019-02-14',1,'2019-02-14 13:12:48','2019-02-14 13:12:48'),(416,11,808,1245,'2019-02-14',1,'2019-02-14 13:13:09','2019-02-14 13:13:09'),(417,11,825,1214,'2019-02-14',2,'2019-02-14 13:13:45','2019-02-14 13:15:04'),(418,11,818,1213,'2019-02-14',1,'2019-02-14 13:14:11','2019-02-14 13:14:11'),(419,11,831,1229,'2019-02-14',1,'2019-02-14 13:14:44','2019-02-14 13:14:44'),(420,11,825,1228,'2019-02-14',1,'2019-02-14 13:15:10','2019-02-14 13:15:10'),(421,1,847,1410,'2019-02-14',1,'2019-02-14 13:15:34','2019-02-14 13:15:34'),(422,11,910,1231,'2019-02-14',1,'2019-02-14 13:17:24','2019-02-14 13:17:24'),(423,1,842,1416,'2019-02-14',1,'2019-02-14 13:18:04','2019-02-14 13:18:04'),(424,11,907,1220,'2019-02-14',1,'2019-02-14 13:19:06','2019-02-14 13:19:06'),(425,2,718,1364,'2019-02-14',1,'2019-02-14 13:19:40','2019-02-14 13:19:40'),(426,4,770,1176,'2019-02-14',1,'2019-02-14 13:19:58','2019-02-14 13:19:58'),(427,11,829,1244,'2019-02-14',1,'2019-02-14 13:20:23','2019-02-14 13:20:23'),(428,2,919,1356,'2019-02-14',1,'2019-02-14 13:21:00','2019-02-14 13:21:00'),(429,11,827,1222,'2019-02-14',1,'2019-02-14 13:21:32','2019-02-14 13:21:32'),(430,11,822,1214,'2019-02-14',2,'2019-02-14 13:23:37','2019-02-14 13:36:18'),(431,4,772,1177,'2019-02-14',1,'2019-02-14 13:24:29','2019-02-14 13:24:29'),(432,4,491,1167,'2019-02-14',1,'2019-02-14 13:25:09','2019-02-14 13:25:09'),(433,4,489,1168,'2019-02-14',1,'2019-02-14 13:30:59','2019-02-14 13:30:59'),(434,2,800,1358,'2019-02-14',1,'2019-02-14 13:35:03','2019-02-14 13:35:03'),(435,4,492,1169,'2019-02-14',1,'2019-02-14 13:35:50','2019-02-14 13:35:50'),(436,11,822,1212,'2019-02-14',1,'2019-02-14 13:36:24','2019-02-14 13:36:24'),(437,11,513,1225,'2019-02-14',1,'2019-02-14 13:40:24','2019-02-14 13:40:24'),(438,2,704,1346,'2019-02-14',1,'2019-02-14 13:40:47','2019-02-14 13:40:47'),(439,4,495,1190,'2019-02-14',1,'2019-02-14 13:50:15','2019-02-14 13:50:15'),(440,1,922,1408,'2019-02-14',2,'2019-02-14 14:10:53','2019-02-14 14:13:49'),(441,1,922,1403,'2019-02-14',1,'2019-02-14 14:13:53','2019-02-14 14:13:53'),(442,2,783,1318,'2019-02-14',1,'2019-02-14 14:15:10','2019-02-14 14:15:10'),(443,1,923,1408,'2019-02-14',1,'2019-02-14 14:16:26','2019-02-14 14:16:26'),(444,2,788,1400,'2019-02-14',1,'2019-02-14 14:36:41','2019-02-14 14:36:41'),(445,4,486,1185,'2019-02-14',1,'2019-02-14 17:12:46','2019-02-14 17:12:46'),(446,4,114,1186,'2019-02-14',1,'2019-02-14 17:13:33','2019-02-14 17:13:33'),(447,4,488,1184,'2019-02-14',1,'2019-02-14 17:14:16','2019-02-14 17:14:16'),(448,11,813,1214,'2019-02-14',1,'2019-02-14 18:03:31','2019-02-14 18:03:31'),(449,2,760,1330,'2019-02-14',1,'2019-02-14 20:44:23','2019-02-14 20:44:23'),(450,2,783,1318,'2019-02-15',1,'2019-02-15 11:30:17','2019-02-15 11:30:17'),(451,1,105,1411,'2019-02-15',1,'2019-02-15 11:54:27','2019-02-15 11:54:27'),(452,1,104,1413,'2019-02-15',1,'2019-02-15 11:54:51','2019-02-15 11:54:51'),(453,1,651,1406,'2019-02-15',1,'2019-02-15 11:55:17','2019-02-15 11:55:17'),(454,1,846,1412,'2019-02-15',1,'2019-02-15 11:55:35','2019-02-15 11:55:35'),(455,11,802,1217,'2019-02-15',1,'2019-02-15 12:02:06','2019-02-15 12:02:06'),(456,11,907,1220,'2019-02-15',1,'2019-02-15 12:09:16','2019-02-15 12:09:16'),(457,2,683,1365,'2019-02-15',1,'2019-02-15 12:14:06','2019-02-15 12:14:06'),(458,2,782,1344,'2019-02-15',1,'2019-02-15 12:16:24','2019-02-15 12:16:24'),(459,11,821,1210,'2019-02-15',1,'2019-02-15 12:19:59','2019-02-15 12:19:59'),(460,2,799,1360,'2019-02-15',1,'2019-02-15 12:21:14','2019-02-15 12:21:14'),(461,11,818,1218,'2019-02-15',1,'2019-02-15 12:23:14','2019-02-15 12:23:14'),(462,1,96,1403,'2019-02-15',1,'2019-02-15 12:25:10','2019-02-15 12:25:10'),(463,11,812,1240,'2019-02-15',1,'2019-02-15 12:30:15','2019-02-15 12:30:15'),(464,11,831,1209,'2019-02-15',1,'2019-02-15 12:30:53','2019-02-15 12:30:53'),(465,2,800,1359,'2019-02-15',1,'2019-02-15 12:32:22','2019-02-15 12:32:22'),(466,11,850,1225,'2019-02-15',1,'2019-02-15 12:34:32','2019-02-15 12:34:32'),(467,2,660,1398,'2019-02-15',1,'2019-02-15 12:38:27','2019-02-15 12:38:27'),(468,11,815,1219,'2019-02-15',1,'2019-02-15 12:39:35','2019-02-15 12:39:35'),(469,11,817,1216,'2019-02-15',1,'2019-02-15 12:40:05','2019-02-15 12:40:05'),(470,11,911,1221,'2019-02-15',1,'2019-02-15 12:40:47','2019-02-15 12:40:47'),(471,11,851,1227,'2019-02-15',1,'2019-02-15 12:41:15','2019-02-15 12:41:15'),(472,11,827,1226,'2019-02-15',2,'2019-02-15 12:42:25','2019-02-15 12:42:58'),(473,11,827,1226,'2019-02-15',2,'2019-02-15 12:42:26','2019-02-15 12:43:05'),(474,11,827,1226,'2019-02-15',1,'2019-02-15 12:43:24','2019-02-15 12:43:24'),(475,2,718,1364,'2019-02-15',1,'2019-02-15 12:43:48','2019-02-15 12:43:48'),(476,11,830,1207,'2019-02-15',1,'2019-02-15 12:44:33','2019-02-15 12:44:33'),(477,11,801,1208,'2019-02-15',1,'2019-02-15 12:46:03','2019-02-15 12:46:03'),(478,4,517,1169,'2019-02-15',1,'2019-02-15 12:47:58','2019-02-15 12:47:58'),(479,4,488,1167,'2019-02-15',1,'2019-02-15 12:48:22','2019-02-15 12:48:22'),(480,11,910,1231,'2019-02-15',1,'2019-02-15 12:50:19','2019-02-15 12:50:19'),(481,1,100,1407,'2019-02-15',1,'2019-02-15 12:51:35','2019-02-15 12:51:35'),(482,1,97,1414,'2019-02-15',2,'2019-02-15 12:52:17','2019-02-15 12:53:47'),(483,11,822,1212,'2019-02-15',1,'2019-02-15 12:53:24','2019-02-15 12:53:24'),(484,1,97,1417,'2019-02-15',1,'2019-02-15 12:53:56','2019-02-15 12:53:56'),(485,11,852,1222,'2019-02-15',1,'2019-02-15 12:55:54','2019-02-15 12:55:54'),(486,4,768,1179,'2019-02-15',1,'2019-02-15 13:00:00','2019-02-15 13:00:00'),(487,11,909,1224,'2019-02-15',1,'2019-02-15 13:01:05','2019-02-15 13:01:05'),(488,1,843,1415,'2019-02-15',1,'2019-02-15 13:04:49','2019-02-15 13:04:49'),(489,11,826,1229,'2019-02-15',1,'2019-02-15 13:05:30','2019-02-15 13:05:30'),(490,11,825,1228,'2019-02-15',1,'2019-02-15 13:12:04','2019-02-15 13:12:04'),(491,2,789,1386,'2019-02-15',1,'2019-02-15 13:12:33','2019-02-15 13:12:33'),(492,11,814,1230,'2019-02-15',1,'2019-02-15 13:13:50','2019-02-15 13:13:50'),(493,11,820,1239,'2019-02-15',1,'2019-02-15 13:14:16','2019-02-15 13:14:16'),(494,2,689,1363,'2019-02-15',1,'2019-02-15 13:14:58','2019-02-15 13:14:58'),(495,11,128,1215,'2019-02-15',1,'2019-02-15 13:15:20','2019-02-15 13:15:20'),(496,2,661,1246,'2019-02-15',1,'2019-02-15 13:16:29','2019-02-15 13:16:29'),(497,4,770,1176,'2019-02-15',1,'2019-02-15 13:16:57','2019-02-15 13:16:57'),(498,4,489,1168,'2019-02-15',1,'2019-02-15 13:19:07','2019-02-15 13:19:07'),(499,11,849,1238,'2019-02-15',1,'2019-02-15 13:20:03','2019-02-15 13:20:03'),(500,1,847,1410,'2019-02-15',1,'2019-02-15 13:20:22','2019-02-15 13:20:22'),(501,1,923,1408,'2019-02-15',1,'2019-02-15 13:22:50','2019-02-15 13:22:50'),(502,11,808,1245,'2019-02-15',1,'2019-02-15 13:23:14','2019-02-15 13:23:14'),(503,2,778,1399,'2019-02-15',1,'2019-02-15 13:25:07','2019-02-15 13:25:07'),(504,1,842,1416,'2019-02-15',1,'2019-02-15 13:27:49','2019-02-15 13:27:49'),(505,4,767,1170,'2019-02-15',1,'2019-02-15 13:28:54','2019-02-15 13:28:54'),(506,2,665,1387,'2019-02-15',1,'2019-02-15 13:30:28','2019-02-15 13:30:28'),(507,11,514,1237,'2019-02-15',1,'2019-02-15 13:30:58','2019-02-15 13:30:58'),(508,4,491,1174,'2019-02-15',1,'2019-02-15 13:42:44','2019-02-15 13:42:44'),(509,2,655,1397,'2019-02-15',1,'2019-02-15 13:47:08','2019-02-15 13:47:08'),(510,11,829,1244,'2019-02-15',1,'2019-02-15 13:47:59','2019-02-15 13:47:59'),(511,11,809,1223,'2019-02-15',1,'2019-02-15 13:49:56','2019-02-15 13:49:56'),(512,11,496,1234,'2019-02-15',1,'2019-02-15 13:50:34','2019-02-15 13:50:34'),(513,2,919,1357,'2019-02-15',1,'2019-02-15 13:56:47','2019-02-15 13:56:47'),(514,1,922,1414,'2019-02-15',1,'2019-02-15 14:10:21','2019-02-15 14:10:21'),(515,4,772,1177,'2019-02-15',1,'2019-02-15 14:18:19','2019-02-15 14:18:19'),(516,4,495,1190,'2019-02-15',1,'2019-02-15 14:18:48','2019-02-15 14:18:48'),(517,11,813,1211,'2019-02-15',1,'2019-02-15 14:21:09','2019-02-15 14:21:09'),(518,4,506,1197,'2019-02-15',1,'2019-02-15 14:24:53','2019-02-15 14:24:53'),(519,4,492,1175,'2019-02-15',1,'2019-02-15 14:52:10','2019-02-15 14:52:10'),(520,4,503,1189,'2019-02-15',1,'2019-02-15 14:56:36','2019-02-15 14:56:36'),(521,4,938,1183,'2019-02-15',1,'2019-02-15 15:11:00','2019-02-15 15:11:00'),(522,4,936,1186,'2019-02-15',1,'2019-02-15 15:12:09','2019-02-15 15:12:09'),(523,2,710,1356,'2019-02-15',1,'2019-02-15 15:45:06','2019-02-15 15:45:06'),(524,2,742,1355,'2019-02-15',1,'2019-02-15 15:45:46','2019-02-15 15:45:46'),(525,2,915,1256,'2019-02-15',1,'2019-02-15 15:50:50','2019-02-15 15:50:50'),(526,11,504,1214,'2019-02-15',1,'2019-02-15 16:12:47','2019-02-15 16:12:47'),(527,2,93,1379,'2019-02-15',1,'2019-02-15 16:36:53','2019-02-15 16:36:53'),(528,2,916,1366,'2019-02-15',1,'2019-02-15 16:42:35','2019-02-15 16:42:35'),(529,2,785,1372,'2019-02-15',1,'2019-02-15 17:50:43','2019-02-15 17:50:43'),(530,2,759,1352,'2019-02-15',2,'2019-02-15 19:20:45','2019-02-15 19:21:40'),(531,2,759,1395,'2019-02-15',1,'2019-02-15 19:22:00','2019-02-15 19:22:00');
/*!40000 ALTER TABLE `assignments` ENABLE KEYS */;
UNLOCK TABLES;

--
-- Table structure for table `employees`
--

DROP TABLE IF EXISTS `employees`;
/*!40101 SET @saved_cs_client     = @@character_set_client */;
/*!40101 SET character_set_client = utf8 */;
CREATE TABLE `employees` (
  `id` bigint(20) NOT NULL AUTO_INCREMENT,
  `name` varchar(255) NOT NULL,
  `number` varchar(30) NOT NULL,
  `admission_date` date NOT NULL,
  `birth_date` date NOT NULL,
  `status` int(11) NOT NULL DEFAULT '1',
  `assignment_type` int(11) NOT NULL DEFAULT '1',
  `seat_id` bigint(20) DEFAULT NULL,
  `project_id` bigint(20) NOT NULL,
  `created_at` datetime NOT NULL,
  `updated_at` datetime NOT NULL,
  `confirmed` int(11) NOT NULL DEFAULT '0',
  PRIMARY KEY (`id`),
  UNIQUE KEY `index_employees_on_number` (`number`),
  KEY `fk_rails_f3055ce412` (`project_id`),
  KEY `fk_rails_c961385dd5` (`seat_id`),
  CONSTRAINT `fk_rails_c961385dd5` FOREIGN KEY (`seat_id`) REFERENCES `seats` (`id`),
  CONSTRAINT `fk_rails_f3055ce412` FOREIGN KEY (`project_id`) REFERENCES `projects` (`id`)
) ENGINE=InnoDB AUTO_INCREMENT=942 DEFAULT CHARSET=utf8;
/*!40101 SET character_set_client = @saved_cs_client */;

--
-- Dumping data for table `employees`
--

LOCK TABLES `employees` WRITE;
/*!40000 ALTER TABLE `employees` DISABLE KEYS */;
INSERT INTO `employees` VALUES (1,'Julio Pinzon','1111111','2017-05-22','1984-10-06',2,1,NULL,1,'2018-12-11 17:33:19','2018-12-11 17:33:19',0),(2,'Diego Ochoa','2222222','2017-05-22','1989-12-11',2,1,NULL,1,'2018-12-11 17:33:19','2018-12-11 17:33:19',0),(3,'Paola Bernal','3333333','2017-05-22','1989-12-11',2,1,NULL,2,'2018-12-11 17:33:19','2018-12-11 17:33:19',0),(4,'Paola Cardenas','4444444','2017-05-22','1989-12-11',2,1,NULL,2,'2018-12-11 17:33:19','2018-12-11 17:33:19',0),(90,'Cesar Augusto Gomez','823773','2013-09-02','1984-01-23',1,1,NULL,2,'2018-12-11 17:46:40','2019-02-14 23:09:26',1),(91,'Luz Karime Valderrama  Santibanez','891541','2014-05-05','1976-09-27',1,2,1371,2,'2018-12-11 17:46:40','2019-02-14 23:09:26',0),(92,'Juan Gabriel Rodriguez Fernandez','1220234','2015-11-23','1986-12-17',1,1,NULL,2,'2018-12-11 17:46:40','2019-02-14 23:09:26',1),(93,'Luis Parody','1563056','2018-07-16','1985-03-22',1,1,NULL,2,'2018-12-11 17:46:40','2019-02-14 23:09:26',1),(94,'Oscar Javier Angel Balcazar','1537117','2018-05-08','1991-07-26',2,2,1247,2,'2018-12-11 17:46:40','2019-01-26 00:35:23',0),(95,'Mr. Yeison Alberto Lopez Pascuas','1048222','2015-04-14','1989-07-25',1,2,1409,1,'2018-12-11 17:47:21','2019-02-14 23:09:25',0),(96,'Ms. Marisol   Higuera','1304238','2016-05-02','1978-11-26',1,1,NULL,1,'2018-12-11 17:47:21','2019-02-14 23:09:25',1),(97,'Mr. Julian Ricardo Jimenez Hinestroza','1384198','2017-03-14','1980-11-25',1,1,NULL,1,'2018-12-11 17:47:21','2019-02-14 23:09:25',1),(98,'Mr. Tanmay   .','741605','2017-09-12','1988-04-15',2,1,NULL,1,'2018-12-11 17:47:21','2019-02-11 23:43:44',1),(99,'Ms. Nini Johanna Gutierrez Rojas','1571452','2018-08-14','1983-01-02',2,1,NULL,1,'2018-12-11 17:47:21','2019-01-26 00:35:23',0),(100,'Ms. Jennifer   Bermudez Tunjano - Pasante','1560763','2018-07-10','1997-03-09',1,1,NULL,1,'2018-12-11 17:47:21','2019-02-14 23:09:25',1),(101,'Ms. Daniela Lopez Lopez Carol - Pasante','1562211','2018-07-16','1996-11-25',2,1,NULL,1,'2018-12-11 17:47:22','2019-01-26 00:35:23',0),(102,'Ms. Yulieth Alexandra Talero - Pasante','1419749','2017-09-08','1998-03-06',2,1,NULL,1,'2018-12-11 17:47:22','2019-01-17 22:40:07',0),(103,'Mr. Elvis Ariel Mora Gamez','858973','2013-12-11','1983-02-22',1,1,NULL,1,'2018-12-11 17:47:22','2019-02-14 23:09:25',1),(104,'Ms. Lina Andrea Guarnizo Espinosa','1454083','2018-01-10','1994-12-16',1,1,NULL,1,'2018-12-11 17:47:22','2019-02-14 23:09:25',1),(105,'Mr. Fredy Alexander Munoz Bermudez','1455711','2018-01-18','1985-01-17',1,1,NULL,1,'2018-12-11 17:47:22','2019-02-14 23:09:25',1),(106,'Ms. Leidy Viviana Gomez Espitia - Pasante','1460041','2018-01-30','1996-07-24',2,1,NULL,1,'2018-12-11 17:47:22','2019-02-07 17:06:30',0),(107,'Jorge Garcia - Pasante','1560764','2018-07-10','1996-03-13',2,1,NULL,1,'2018-12-11 17:47:23','2019-02-07 17:06:30',0),(108,'Ms. Gysella Andrea Pineda Quintero','1450706','2018-01-02','1995-11-29',1,2,1404,1,'2018-12-11 17:47:23','2019-02-14 23:09:25',0),(109,'Mr. Jeniffer Ines Lasso Ochoa','1436448','2017-11-01','1983-08-25',1,2,1405,1,'2018-12-11 17:47:23','2019-02-14 23:09:25',1),(110,'Manuel Fernando Parra Rodriguez','1343849','2016-10-05','1970-01-11',1,1,NULL,2,'2018-12-13 16:19:42','2019-02-14 23:09:26',0),(111,'Edwin Jair Quintero Quintero','1343984','2016-10-05','1990-09-10',1,1,NULL,2,'2018-12-13 16:19:42','2019-02-14 23:09:26',0),(112,'Maria Fernanda Mejia','1462600','2018-02-13','1977-05-12',1,1,NULL,5,'2018-12-13 16:19:42','2019-02-14 23:09:25',0),(113,'Fredy Sanchez','1528626','2018-04-06','1976-11-24',1,1,NULL,5,'2018-12-13 16:19:42','2019-02-14 23:09:25',0),(114,'Adriana Bonilla Chaves','794526','2013-07-16','1984-09-14',1,1,NULL,4,'2018-12-13 16:19:43','2019-02-14 23:09:24',1),(115,'Alejandro Casanova Mutis','1263223','2016-02-24','1984-07-27',1,1,NULL,11,'2018-12-13 16:19:43','2019-02-14 23:09:27',0),(116,'Alvaro Javier Del Toro Diaz','1452222','2018-01-09','1989-11-19',1,1,NULL,3,'2018-12-13 16:19:43','2019-02-14 23:09:25',0),(117,'Bonilla Larrota,Mr. Juan Pablo','1434181','2017-10-24','1991-02-03',1,1,NULL,3,'2018-12-13 16:19:43','2019-02-14 23:09:25',0),(128,'Maldonado, Brickney Carim (Brickney)','852989','2013-11-15','1985-04-15',1,1,NULL,11,'2018-12-19 20:03:17','2019-02-14 23:09:27',1),(129,'Sanabria Romero, Alejandro Arturo','862448','2014-01-03','1985-04-21',1,1,NULL,11,'2018-12-19 20:03:17','2019-02-14 23:09:27',0),(483,'Andrea Del Pilar Carvajal Paramo','489034','2011-05-03','1976-07-24',1,2,1204,4,'2018-12-26 17:06:37','2019-02-14 23:09:24',1),(484,'Andres Camilo Medina','1329301','2016-08-30','1997-06-10',1,2,1205,4,'2018-12-26 17:06:37','2019-02-14 23:09:24',1),(485,'Angela Milena Sandobal','469124','2011-02-14','1977-04-07',1,1,NULL,4,'2018-12-26 17:06:37','2019-02-14 23:09:24',0),(486,'Angela Viviana Castro','794527','2013-07-16','1986-09-29',1,1,NULL,4,'2018-12-26 17:06:37','2019-02-15 15:04:38',1),(487,'Angelica Maria Sanguino Galvis','806948','2007-02-12','1977-12-25',1,1,NULL,4,'2018-12-26 17:06:37','2019-02-14 23:09:24',0),(488,'Astrid Carolina Araque Alfonso','794552','2013-07-16','1994-07-09',1,1,NULL,4,'2018-12-26 17:06:37','2019-02-14 23:09:24',1),(489,'Boris Quevedo','1408363','2017-07-25','1989-01-21',1,1,NULL,4,'2018-12-26 17:06:38','2019-02-14 23:09:24',1),(490,'Bryan Steve Gutierrez Gomez','687964','2012-04-16','1989-08-10',1,1,NULL,4,'2018-12-26 17:06:38','2019-02-14 23:09:24',0),(491,'Carlos Alberto Gomez Cano','1314493','2016-06-16','2019-02-19',1,1,NULL,4,'2018-12-26 17:06:38','2019-02-14 23:09:24',1),(492,'Carlos Manuel Gomez','818510','2009-07-01','1976-11-15',1,1,NULL,4,'2018-12-26 17:06:38','2019-02-14 23:09:24',1),(493,'Deep Zamindar','968368','2017-08-01','1988-08-29',1,1,NULL,4,'2018-12-26 17:06:38','2019-02-14 23:09:24',0),(494,'Deivid Stib Sichaca','1460038','2018-01-30','1995-03-16',1,2,1206,4,'2018-12-26 17:06:38','2019-02-14 23:09:24',1),(495,'David Hernandez','855749','2013-11-27','1982-11-25',1,1,NULL,4,'2018-12-26 17:06:39','2019-02-14 23:09:24',1),(496,'Diego Cabral','1562248','2018-07-16','1984-05-09',1,1,NULL,11,'2018-12-26 17:06:39','2019-02-14 23:09:27',1),(497,'Edgar Monrroy Urquijo','570837','2012-01-10','1974-04-16',1,1,NULL,4,'2018-12-26 17:06:39','2019-02-14 23:09:24',0),(498,'Edwin Porras Angarita','1056073','2015-06-17','1977-02-15',1,1,NULL,4,'2018-12-26 17:06:39','2019-02-14 23:09:24',0),(499,'Francisco Marchena','834152','2013-10-01','1973-10-09',2,1,NULL,4,'2018-12-26 17:06:39','2019-01-17 22:40:06',0),(500,'Gautam Kumar Bhardwaj','1220917','2017-09-01','1988-02-17',1,1,NULL,4,'2018-12-26 17:06:39','2019-02-14 23:09:24',0),(501,'Hugo Andres Espitia Cobos','823778','2013-09-02','1990-03-09',1,1,NULL,4,'2018-12-26 17:06:40','2019-02-14 23:09:24',0),(502,'Jose Manuel silva','1562244','2018-07-16','1963-06-09',1,2,1172,4,'2018-12-26 17:06:40','2019-02-14 23:09:24',1),(503,'Milvia Coromoto Barrueta Silva','889797','2014-04-25','1984-10-17',1,1,NULL,4,'2018-12-26 17:06:40','2019-02-14 23:09:24',1),(504,'Ms. Paola Maria Yoria Barrera','816959','2009-07-27','1971-07-27',1,1,NULL,11,'2018-12-26 17:06:40','2019-02-14 23:09:27',1),(505,'Paola Montes patio','729059','2012-12-03','1981-08-29',1,1,NULL,4,'2018-12-26 17:06:40','2019-02-14 23:09:24',0),(506,'Rajesh Saha','591082','2018-07-11','1990-01-30',1,1,NULL,4,'2018-12-26 17:06:40','2019-02-15 14:24:14',1),(507,'Rituraj Kumar','739977','2014-03-26','1991-02-11',2,1,NULL,4,'2018-12-26 17:06:41','2019-02-07 17:06:29',0),(508,'Rubian Amparo Talero','815839','2008-11-18','1963-01-13',1,1,NULL,4,'2018-12-26 17:06:41','2019-02-14 23:09:24',0),(509,'Saikal Pal','754651','2018-07-01','1990-11-26',1,1,NULL,4,'2018-12-26 17:06:41','2019-02-14 23:09:24',0),(510,'Silky Das','1260491','2017-08-04','1991-06-28',1,1,NULL,4,'2018-12-26 17:06:41','2019-02-14 23:09:24',0),(511,'Subhadeep Mukherjee','151781','2016-06-15','1981-04-14',1,1,NULL,4,'2018-12-26 17:06:41','2019-02-14 23:09:24',0),(512,'Vijay Chalera','882879','2018-07-01','1980-03-29',1,1,NULL,4,'2018-12-26 17:06:41','2019-02-14 23:09:24',0),(513,'Ms. Yina Margarita De La Rosa Maya','1460483','2018-02-13','1988-03-29',1,1,NULL,11,'2018-12-26 17:06:41','2019-02-14 23:09:27',1),(514,'Wolfgang Abrahan ladron de Guevara Medina','1567462','2018-08-01','1983-07-05',1,1,NULL,11,'2018-12-26 17:06:42','2019-02-14 23:09:27',1),(515,'Sudipta Nandi','1268240','2016-06-01','1990-02-02',2,1,NULL,4,'2018-12-26 17:06:42','2019-02-07 17:06:29',0),(516,'Rodrigo Ivn Garcia Camacho','1206853','2015-10-22','1982-11-11',1,1,NULL,4,'2018-12-26 17:06:42','2019-02-14 23:09:24',0),(517,'Ms. Tatiana Leonor Garcia','807779','2007-05-10','1962-08-15',1,1,NULL,4,'2018-12-26 17:06:42','2019-02-14 23:09:24',1),(518,'Diego Beltran','1571451','2018-08-14','1986-11-08',1,2,1131,5,'2018-12-26 17:06:42','2019-02-14 23:09:24',1),(519,'Manuel Tovar','1565980','2018-08-01','1986-04-28',1,2,1132,5,'2018-12-26 17:06:42','2019-02-14 23:09:24',0),(520,'Estefania Gallo','1547499','2018-06-05','1992-11-09',1,2,1133,5,'2018-12-26 17:06:43','2019-02-14 23:09:24',0),(521,'Dolly Ramirez','1460040','2018-01-30','1983-05-26',1,2,1134,5,'2018-12-26 17:06:43','2019-02-14 23:09:24',1),(522,'Tito Medina','1584935','2018-09-25','1978-02-09',1,1,NULL,5,'2018-12-26 17:06:43','2019-02-14 23:09:25',0),(523,'Luis Fernando Sosa','1579228','2018-09-12','1979-07-01',1,1,NULL,5,'2018-12-26 17:06:43','2019-02-14 23:09:25',0),(524,'Esneider Ardila Caas','1607535','2018-10-19','1984-10-26',1,1,NULL,5,'2018-12-26 17:06:43','2019-02-14 23:09:25',0),(525,'Diana Gutierrez','1607560','2018-10-16','1990-08-24',1,1,NULL,5,'2018-12-26 17:06:43','2019-02-14 23:09:25',0),(526,'Cesar Parra','1607041','2018-10-17','1979-06-16',1,1,NULL,5,'2018-12-26 17:06:44','2019-02-14 23:09:25',0),(527,'Yorman Castro Pernia','1457560','2018-01-29','1988-09-14',2,2,NULL,5,'2018-12-26 17:06:44','2019-02-07 17:06:29',0),(528,'Arley Felipe Amado','1457475','2018-01-29','1994-11-26',2,2,NULL,5,'2018-12-26 17:06:44','2019-02-07 17:06:29',0),(529,'Forero Forero, Mr. Jesus Arturo (Jesus)','745616','2013-01-14','1957-05-25',1,1,1137,5,'2018-12-26 17:06:44','2019-02-14 23:09:25',0),(530,'Jose Arenas','1567464','2018-08-01','1980-06-05',1,1,NULL,5,'2018-12-26 17:06:44','2019-02-14 23:09:25',0),(531,'Pablo Cepeda','1564950','2018-07-24','1975-11-26',1,1,NULL,5,'2018-12-26 17:06:44','2019-02-14 23:09:25',0),(532,'Juan Esteban Orozco','1457493','2018-01-29','1999-06-18',2,2,1138,5,'2018-12-26 17:06:45','2019-02-07 17:06:29',0),(533,'Jessica Solarte','1457492','2018-01-29','1994-08-27',2,2,NULL,5,'2018-12-26 17:06:45','2019-02-07 17:06:29',0),(534,'Aldemar Diaz','1572638','2018-08-21','1982-10-29',1,1,NULL,5,'2018-12-26 17:06:45','2019-02-14 23:09:25',0),(535,'Luis Naranjo','1577102','2018-08-29','1989-07-14',1,1,NULL,5,'2018-12-26 17:06:45','2019-02-14 23:09:25',0),(536,'William Tautiva','1614956','2018-11-06','1978-05-02',2,1,NULL,5,'2018-12-26 17:06:45','2019-01-17 22:40:06',0),(537,'Sebastian Cortes','1565931','2018-08-01','1994-12-24',1,1,NULL,5,'2018-12-26 17:06:45','2019-02-14 23:09:25',0),(538,'Sergio Abella Rojas','1461223','2018-02-07','1993-09-19',1,2,1140,5,'2018-12-26 17:06:46','2019-02-14 23:09:24',1),(539,'Hansel Daza','1389483','2017-04-18','1987-01-11',1,2,1141,5,'2018-12-26 17:06:46','2019-02-14 23:09:24',0),(540,'Mayerly Arias','1528627','2018-04-06','1977-07-14',1,2,1142,5,'2018-12-26 17:06:46','2019-02-14 23:09:24',1),(541,'Julio Lozano','1528630','2018-04-06','1975-07-07',1,2,1143,5,'2018-12-26 17:06:46','2019-02-14 23:09:24',0),(542,'Juan Gabriel Grijalba','1545829','2018-05-29','1985-06-29',1,2,1144,5,'2018-12-26 17:06:46','2019-02-14 23:09:24',1),(543,'Mario Paez','1572810','2018-08-21','1981-08-21',1,2,1145,5,'2018-12-26 17:06:46','2019-02-14 23:09:24',1),(544,'PERLAZA OSORIO MAIRA ALEJANDRA','1628021','2018-12-04','1981-11-09',1,1,1146,5,'2018-12-26 17:06:47','2019-02-14 23:09:25',1),(545,'Ana Maria Barriosnuevo','1577560','2018-09-04','1989-10-29',1,2,1147,5,'2018-12-26 17:06:47','2019-02-14 23:09:24',0),(546,'Adriana Caceres','1528418','2018-04-05','1991-02-02',1,2,1148,5,'2018-12-26 17:06:47','2019-02-14 23:09:24',0),(547,'Alexander Beltran','1463391','2018-02-20','1975-05-15',1,2,1149,5,'2018-12-26 17:06:47','2019-02-14 23:09:24',0),(548,'Carlos Quionez','1533111','2018-04-24','1987-06-27',1,2,1150,5,'2018-12-26 17:06:47','2019-02-14 23:09:24',0),(549,'Jose William Murcia','1461224','2018-02-07','1983-12-21',1,2,1151,5,'2018-12-26 17:06:47','2019-02-14 23:09:24',0),(550,'Luis German Alonso','1537095','2018-05-15','1982-06-19',1,2,1152,5,'2018-12-26 17:06:48','2019-02-14 23:09:24',1),(551,'Estefania  Aragon Monroy','784186','2013-06-13','1989-12-19',1,1,NULL,6,'2018-12-26 17:06:48','2019-02-14 23:09:25',0),(552,'Shashank Kumar','326219','2009-09-30','1986-01-10',2,1,NULL,7,'2018-12-26 17:06:48','2019-01-26 00:35:23',0),(553,'Pablo Martnez','798983','2013-08-14','1975-12-11',1,1,NULL,7,'2018-12-26 17:06:48','2019-02-14 23:09:25',0),(554,'Alejandro Mrquez','1521971','2018-03-20','1965-01-26',1,1,NULL,7,'2018-12-26 17:06:48','2019-02-14 23:09:25',0),(555,'Liliana Rubiano','794531','2013-07-16','1990-03-24',1,1,NULL,7,'2018-12-26 17:06:48','2019-02-14 23:09:25',1),(556,'Kelly Garca','857048','2013-12-02','1986-08-22',1,1,NULL,7,'2018-12-26 17:06:49','2019-02-14 23:09:25',1),(557,'Gustavo Forero','483328','2011-04-05','1987-09-16',1,1,NULL,7,'2018-12-26 17:06:49','2019-02-14 23:09:25',1),(558,'Astrid Rosero','814855','2007-09-28','1979-04-02',1,1,NULL,7,'2018-12-26 17:06:49','2019-02-14 23:09:25',1),(559,'Diana Norea','1220989','2015-11-25','1990-12-13',1,1,NULL,7,'2018-12-26 17:06:49','2019-02-14 23:09:25',1),(560,'Janneth Prez','687577','2012-04-10','2012-12-06',1,1,NULL,6,'2018-12-26 17:06:49','2019-02-14 23:09:25',1),(561,'Nelson Javier Garcia Torres','540419','2011-11-09','1977-08-04',1,1,NULL,6,'2018-12-26 17:06:49','2019-02-14 23:09:25',0),(562,'Alfonso  Hincapie','1398396','2017-06-01','1970-05-28',1,1,NULL,6,'2018-12-26 17:06:49','2019-02-14 23:09:25',0),(563,'Nubia Rodrguez','1582652','2018-09-18','1975-08-29',1,1,NULL,6,'2018-12-26 17:06:50','2019-02-14 23:09:25',1),(564,'Mnica Herreo','860126','2013-12-18','1970-10-15',1,1,NULL,6,'2018-12-26 17:06:50','2019-02-14 23:09:25',0),(565,'Adriana Ovalle','1456371','2018-01-23','1975-10-06',1,1,NULL,6,'2018-12-26 17:06:50','2019-02-14 23:09:25',1),(566,'Adriana Tunarroza','1562242','2018-07-13','1970-07-07',1,1,NULL,6,'2018-12-26 17:06:50','2019-02-14 23:09:25',1),(567,'Medina Torres, Mr. Luis Hernan','768996','2013-03-18','1965-11-25',1,1,NULL,3,'2018-12-26 17:06:50','2019-02-14 23:09:25',0),(568,'Jesus Carillo','1460520','2018-02-07','1985-06-19',1,1,NULL,3,'2018-12-26 17:06:50','2019-02-14 23:09:25',0),(569,'Oscar Posada','717137','2012-09-03','1981-10-22',1,1,NULL,3,'2018-12-26 17:06:51','2019-02-14 23:09:25',0),(570,'Sandra Ibeth Romero Lasso (Sandra)','1386661','2017-03-28','1984-07-28',1,1,NULL,3,'2018-12-26 17:06:51','2019-02-14 23:09:25',0),(571,'Mr. Yeudiel   Diaz Velasco','1065189','2015-07-07','1991-07-30',1,1,NULL,3,'2018-12-26 17:06:51','2019-02-14 23:09:25',0),(572,'Mr. John Freddy Carvajal Cubillos','823781','2013-09-02','1979-11-08',1,1,NULL,3,'2018-12-26 17:06:51','2019-02-14 23:09:25',0),(573,'Mr. Alejandro Salamanca Garcia Jesus','1263222','2016-02-22','1992-11-21',2,1,NULL,3,'2018-12-26 17:06:51','2019-01-17 22:40:06',0),(574,'Constanza Piraban Gonzalez','779300','2013-05-20','1984-01-04',1,2,1495,3,'2018-12-26 17:06:51','2019-02-14 23:09:25',0),(575,'Luis Hernn Algarra Garay','792313','2013-07-08','1990-05-29',2,2,1419,3,'2018-12-26 17:06:52','2019-01-17 22:40:06',0),(576,'Edison Velandia Gonzalez','815548','2008-09-16','1972-11-01',1,2,1486,3,'2018-12-26 17:06:52','2019-02-14 23:09:25',0),(577,'Luis Rojas','908039','2014-06-17','1978-10-20',1,2,1474,3,'2018-12-26 17:06:52','2019-02-14 23:09:25',0),(578,'Jenny Haidee Quitian Rincon','1224626','2015-12-01','1970-01-30',1,2,1473,3,'2018-12-26 17:06:52','2019-02-14 23:09:25',0),(579,'Wilson Enrique Ordez Torres','1226255','2015-12-10','1977-05-04',1,2,1460,3,'2018-12-26 17:06:52','2019-02-14 23:09:25',0),(580,'Jairo Manrique','1247142','2016-01-12','1980-10-30',2,2,1424,3,'2018-12-26 17:06:52','2019-01-17 22:40:07',0),(581,'DAVID LEONARDO ESPINOSA','1301547','2016-04-19','1992-10-15',1,2,1477,3,'2018-12-26 17:06:53','2019-02-14 23:09:25',0),(582,'Danilo Arturo Molano Mejia','1315286','2016-06-16','1965-03-17',1,2,1469,3,'2018-12-26 17:06:53','2019-02-14 23:09:25',0),(583,'Carlos Eduardo Lopez Reyes','1321945','2016-07-18','1974-10-19',1,2,1454,3,'2018-12-26 17:06:53','2019-02-14 23:09:25',0),(584,'Anderson Forero Mndez','1392312','2017-05-09','1979-04-27',1,2,1481,3,'2018-12-26 17:06:53','2019-02-14 23:09:25',0),(585,'CRISTIAN JAVIER SANDOVAL JIMENEZ','1412230','2017-08-22','1993-09-10',1,2,1475,3,'2018-12-26 17:06:53','2019-02-14 23:09:25',0),(586,'Andres Felipe Sanchez','1414210','2017-08-28','1997-12-01',1,2,1488,3,'2018-12-26 17:06:53','2019-02-14 23:09:25',0),(587,'Cesar de Aymart Alvarez Parra','1419185','2017-09-19','1993-11-10',1,1,1431,3,'2018-12-26 17:06:54','2019-02-14 23:09:25',0),(588,'Jaime Jose Herrera Petro','1419187','2017-09-19','1994-02-22',1,2,1482,3,'2018-12-26 17:06:54','2019-02-14 23:09:25',0),(589,'Jesus Ernesto Marin Hernandez','1419188','2017-09-19','1998-06-11',1,2,1490,3,'2018-12-26 17:06:54','2019-02-14 23:09:25',0),(590,'Silvio Mauricio Morales Osorio','1419198','2017-09-19','1995-02-06',1,2,1476,3,'2018-12-26 17:06:54','2019-02-14 23:09:25',0),(591,'Yeison Arley Castellanos Castillo','1419202','2017-09-19','1997-03-05',1,2,1480,3,'2018-12-26 17:06:54','2019-02-14 23:09:25',0),(592,'Edgar Maldonado','1428836','2017-10-24','1991-12-05',1,1,1436,3,'2018-12-26 17:06:54','2019-02-14 23:09:25',0),(593,'Gerardo Hernandez Bermudez','1452212','2018-01-09','1977-09-21',1,2,1494,3,'2018-12-26 17:06:55','2019-02-14 23:09:25',0),(594,'Luisa Fernanda Villamil Guaraca','1457470','2018-01-29','1999-01-15',2,1,1438,3,'2018-12-26 17:06:55','2019-02-07 17:06:30',0),(595,'Angie Camila Noguera Solarte','1457474','2018-01-29','2000-01-26',2,1,1439,3,'2018-12-26 17:06:55','2019-02-07 17:06:30',0),(596,'Tania Juliet Hurtado Ramirez','1457554','2018-01-29','2000-05-09',2,2,1491,3,'2018-12-26 17:06:55','2019-02-07 17:06:30',0),(597,'Jorge Eduardo Ruiz Ochoa','1463090','2018-02-13','1995-11-11',1,2,1500,3,'2018-12-26 17:06:55','2019-02-14 23:09:25',0),(598,'Ricardo Yumayusa','1464347','2018-02-22','1972-12-13',1,2,1471,3,'2018-12-26 17:06:55','2019-02-14 23:09:25',0),(599,'Marco Parra','1523788','2018-03-27','1998-05-12',1,2,1489,3,'2018-12-26 17:06:56','2019-02-14 23:09:25',0),(600,'Faber Mayorquin','1553346','2018-06-26','1989-06-16',1,2,1498,3,'2018-12-26 17:06:56','2019-02-14 23:09:25',0),(601,'Lady Catherine Marin Hernandez','1555404','2018-06-26','1993-09-16',1,2,1497,3,'2018-12-26 17:06:56','2019-02-14 23:09:25',0),(602,'Miguel Valle','1599744','2018-10-09','1989-04-17',1,2,1455,3,'2018-12-26 17:06:56','2019-02-14 23:09:25',0),(603,'Angie Gama','1591910','2018-10-02','1987-10-10',1,2,1493,3,'2018-12-26 17:06:56','2019-02-14 23:09:25',0),(604,'Edwin Castro','1618533','2018-11-16','1988-09-24',1,2,1479,3,'2018-12-26 17:06:56','2019-02-14 23:09:25',0),(605,'Luz Stella Calvete','1619697','2018-11-22','1980-01-24',1,2,1453,3,'2018-12-26 17:06:57','2019-02-14 23:09:25',0),(606,'Carlos Steven Perdomo Rubio','1419184','2017-09-19','1993-08-07',1,2,1478,3,'2018-12-26 17:06:57','2019-02-14 23:09:25',0),(607,'Mario Fernando Riao Palencia','1419194','2017-09-19','1990-07-27',1,2,1470,3,'2018-12-26 17:06:57','2019-02-14 23:09:25',0),(608,'Oscar Andres Estrada','799784','2013-08-21','1989-09-04',1,2,1492,3,'2018-12-26 17:06:57','2019-02-14 23:09:25',0),(609,'Ernesto Castillo Ramirez','977104','2014-10-01','1984-04-25',1,1,1453,3,'2018-12-26 17:06:57','2019-02-14 23:09:25',0),(610,'JUAN CARLOS CRUZ FAJARDO','1374631','2017-01-24','1990-06-14',1,1,1454,3,'2018-12-26 17:06:57','2019-02-14 23:09:25',0),(611,'Luis Hernan Forero Arenas','1412237','2017-08-29','1976-11-30',1,2,1468,3,'2018-12-26 17:06:58','2019-02-14 23:09:25',0),(612,'Ana Mara Bohrquez Muoz','1425168','2017-10-10','1983-04-21',1,1,1456,3,'2018-12-26 17:06:58','2019-02-14 23:09:25',0),(613,'Liliana Mara Seplveda Yepes','1421533','2017-10-10','1986-06-10',1,1,1457,3,'2018-12-26 17:06:58','2019-02-14 23:09:25',0),(614,'Miguel Angel Diaz Castillo','1099510','2015-09-16','1986-03-21',1,1,1458,3,'2018-12-26 17:06:58','2019-02-14 23:09:25',0),(615,'Dayleen Erzsebeth Borondy Rincon','1454408','2018-01-16','1991-02-16',1,2,1503,3,'2018-12-26 17:06:58','2019-02-14 23:09:25',0),(616,'Yeimy Alexandra Gualteros Huertas','1340400','2016-10-04','1985-10-19',1,2,1461,3,'2018-12-26 17:06:58','2019-02-14 23:09:25',0),(617,'Alejandra Moreno','806512','2006-12-04','1981-03-21',1,2,1501,3,'2018-12-26 17:06:59','2019-02-14 23:09:25',0),(618,'Mr. Jordy Harrison Hernandez Vargas','1457452','2018-01-23','1993-05-19',1,2,1440,3,'2018-12-26 17:06:59','2019-02-14 23:09:25',0),(619,'Antonio Angulo Padilla','1463021','2018-02-13','1990-03-01',1,2,1441,3,'2018-12-26 17:06:59','2019-02-14 23:09:25',0),(620,'Jhon Sebastian Gamez Calderon','1463026','2018-02-13','1996-06-05',1,2,1436,3,'2018-12-26 17:06:59','2019-02-14 23:09:25',0),(621,'Mauricio Alberto Montenegro Peluffo','1460466','2018-02-01','1997-04-16',1,2,1443,3,'2018-12-26 17:06:59','2019-02-14 23:09:25',0),(622,'Claudia Constanza Cardenas','1404156','2017-07-18','1982-09-06',1,2,1502,3,'2018-12-26 17:06:59','2019-02-14 23:09:25',0),(623,'KEVIN ESTEBAN CORONADO CRUZ','799756','2013-08-20','1990-09-30',1,2,1499,3,'2018-12-26 17:07:00','2019-02-14 23:09:25',0),(625,'Jorge Luis Gualteros Medina','1301548','2016-04-19','1983-08-26',1,2,1434,3,'2018-12-26 17:07:00','2019-02-14 23:09:25',0),(626,'NIRAJ KUMAR SINGH','397713','2018-04-02','1987-09-04',1,1,NULL,3,'2018-12-26 17:07:00','2019-02-14 23:09:25',0),(627,'Marcela Medina','1554318','2018-06-26','1987-11-23',1,2,1435,3,'2018-12-26 17:07:00','2019-02-14 23:09:25',0),(628,'Juan Luis Buitrago Diaz','1419191','2017-09-19','1989-07-13',1,1,NULL,3,'2018-12-26 17:07:00','2019-02-14 23:09:25',0),(629,'Ms. Leydi Didiana Pardo Buitrago','849767','2013-11-05','1987-03-02',1,1,NULL,3,'2018-12-26 17:07:01','2019-02-14 23:09:25',0),(630,'Shubham Padade','1114213','2018-11-01','1994-06-01',1,1,NULL,3,'2018-12-26 17:07:01','2019-02-14 23:09:25',0),(631,'Edgar Giovanni Guzman Cespedes','1444136','2017-12-05','1987-11-13',1,1,NULL,3,'2018-12-26 17:07:01','2019-02-14 23:09:25',0),(632,'Jose Alejandro Floriano Perez','1619423','2018-11-20','1996-05-28',1,1,1470,3,'2018-12-26 17:07:01','2019-02-14 23:09:25',0),(633,'Juan Sebastian Garcia Acua','1619426','2018-11-20','1997-09-12',1,1,NULL,3,'2018-12-26 17:07:01','2019-02-14 23:09:25',0),(634,'Brayan Stiven Carvajal Hernandez','1619409','2018-11-20','1997-05-20',1,1,1471,3,'2018-12-26 17:07:01','2019-02-14 23:09:25',0),(635,'Jorge Enrique Gaitan Ruiz','1619421','2018-11-20','1995-07-24',1,1,NULL,3,'2018-12-26 17:07:02','2019-02-14 23:09:25',0),(636,'Juan Carlos Reyes Ospina','1619424','2018-11-20','1998-01-02',1,1,1472,3,'2018-12-26 17:07:02','2019-02-14 23:09:25',0),(637,'Carlos Enrique Nieto Martinez','1619411','2018-11-20','1982-03-22',1,1,NULL,3,'2018-12-26 17:07:02','2019-02-14 23:09:25',0),(638,'Richard Eduardo Robayo Riao','1619428','2018-11-20','1994-03-11',1,2,1484,3,'2018-12-26 17:07:02','2019-02-14 23:09:25',0),(639,'Emiliano Antonio Poloche Sanchez','1619413','2018-11-20','1985-05-14',1,1,NULL,3,'2018-12-26 17:07:02','2019-02-14 23:09:25',0),(640,'Leidy Len Rodriguez','1619427','2018-11-20','1996-10-02',1,2,1466,3,'2018-12-26 17:07:02','2019-02-14 23:09:25',0),(641,'Diego Alexander Algarra Garay','1619412','2018-11-20','1993-09-24',1,1,NULL,3,'2018-12-26 17:07:03','2019-02-14 23:09:25',0),(642,'Hernan Dario Acosta Garcia','1619417','2018-11-20','1996-09-18',1,2,1457,3,'2018-12-26 17:07:03','2019-02-14 23:09:25',0),(643,'Gina Ibeth Sana Rojas','1619416','2018-11-20','1993-03-16',1,1,NULL,3,'2018-12-26 17:07:03','2019-02-14 23:09:25',0),(644,'Bryan Esteban Villa Rojas','1619410','2018-11-20','1992-11-09',1,2,1439,3,'2018-12-26 17:07:03','2019-02-14 23:09:25',0),(645,'Ferney de la Rosa Rodriguez','1619414','2018-11-20','1986-06-08',1,2,1437,3,'2018-12-26 17:07:03','2019-02-14 23:09:25',0),(646,'Jeannette Paola Rubiano Garcia','1619418','2018-11-20','1996-07-27',1,1,1478,3,'2018-12-26 17:07:03','2019-02-14 23:09:25',0),(647,'Jhon Henry Cubillos Pachon','1619419','2018-11-20','1997-11-19',1,2,1465,3,'2018-12-26 17:07:03','2019-02-14 23:09:25',0),(648,'Rahul Roy','350779','2017-07-05','1988-06-02',1,1,NULL,3,'2018-12-26 17:07:04','2019-02-14 23:09:25',0),(649,'Jose David Cadena Diaz','1518607','2018-03-06','1989-05-11',1,1,NULL,3,'2018-12-26 17:07:04','2019-02-14 23:09:25',0),(650,'Giovanni Velasco','1404103','2017-07-11','1971-11-07',2,2,NULL,1,'2018-12-26 17:07:04','2019-01-26 00:35:23',0),(651,'Mr. John Alexander Patino Acosta','824847','2013-09-09','1968-11-05',1,1,NULL,1,'2018-12-26 17:07:04','2019-02-14 23:09:25',1),(652,'Kevin Steven Arias Gantiva','1547492','2018-06-05','1997-10-04',1,2,1376,2,'2018-12-26 17:07:04','2019-02-14 23:09:26',1),(653,'Magda Luz Santamaria Castro','892872','2014-05-12','1982-09-03',1,1,NULL,2,'2018-12-26 17:07:05','2019-02-14 23:09:26',0),(654,'Jos Luis Vargas Escobar','1347281','2016-10-18','1983-03-08',1,1,NULL,2,'2018-12-26 17:07:05','2019-02-14 23:09:26',0),(655,'Mario Alejandro Cortez Paz','1342529','2016-10-05','1981-10-22',1,1,NULL,2,'2018-12-26 17:07:05','2019-02-14 23:09:26',1),(656,'Graig Luque Cadavid','1345915','2016-10-11','1983-02-01',1,1,NULL,2,'2018-12-26 17:07:05','2019-02-14 23:09:26',1),(657,'Eryka Alexandra Garzn Snchez','1345985','2016-10-11','1975-04-13',1,1,NULL,2,'2018-12-26 17:07:05','2019-02-14 23:09:26',1),(658,'Hugo Ernesto Bermdez Salazar','1346630','2016-10-11','1967-12-24',1,1,NULL,2,'2018-12-26 17:07:05','2019-02-14 23:09:26',0),(659,'Yasmin Elena Palacio Amaya','1345996','2016-10-11','1972-03-23',1,1,NULL,2,'2018-12-26 17:07:06','2019-02-14 23:09:26',1),(660,'Jenny Marcela Garzn Len','1384494','2017-03-21','1986-10-05',1,1,NULL,2,'2018-12-26 17:07:06','2019-02-14 23:09:26',1),(661,'Luisa Fernanda Bohorquez Rincon','807326','2007-02-15','1967-01-10',1,1,1249,2,'2018-12-26 17:07:06','2019-02-14 23:09:26',1),(662,'Gloria Estefany Morales','1397651','2017-06-01','1994-04-22',1,2,1250,2,'2018-12-26 17:07:06','2019-02-14 23:09:26',1),(663,'Ruby Giselle Gonzalez','1397649','2017-06-01','1993-02-16',1,2,1251,2,'2018-12-26 17:07:06','2019-02-14 23:09:26',1),(664,'Cristian Saul Mendoza Castaneda','1397641','2017-06-01','1994-11-11',1,2,1252,2,'2018-12-26 17:07:06','2019-02-14 23:09:26',1),(665,'John Alejandro Piza Ramos','775444','2013-04-25','1982-07-13',1,1,NULL,2,'2018-12-26 17:07:07','2019-02-14 23:09:26',1),(666,'Maby Yhirleidy Pardo Rodriguez','916140','2014-07-21','1990-12-16',1,2,1253,2,'2018-12-26 17:07:07','2019-02-14 23:09:26',1),(667,'Edgar Hernando Mendez Caldern','1363844','2016-12-06','1989-12-10',1,1,NULL,2,'2018-12-26 17:07:07','2019-02-14 23:09:26',1),(668,'Hayder David Garcia Jimenez','1389512','2017-04-25','1985-01-30',1,2,1254,2,'2018-12-26 17:07:07','2019-02-14 23:09:26',1),(669,'Sara Ximena  Ortiz Reyes','1455162','2018-01-16','1992-12-07',1,2,1255,2,'2018-12-26 17:07:07','2019-02-14 23:09:26',1),(670,'Juan Felipe Torres Pilonieta','1582639','2018-09-18','1996-02-27',2,2,NULL,2,'2018-12-26 17:07:07','2019-02-07 17:06:31',0),(671,'Juan Manuel Vargas Liz','1550788','2018-06-13','1990-10-12',1,2,1257,2,'2018-12-26 17:07:08','2019-02-14 23:09:26',1),(672,'Juan David Jara Rosas','1550415','2018-06-13','1992-02-05',1,2,1258,2,'2018-12-26 17:07:08','2019-02-14 23:09:26',1),(673,'Oscar  Eliecer Perez Aya','1551817','2018-06-19','1983-03-22',1,2,1259,2,'2018-12-26 17:07:08','2019-02-14 23:09:26',1),(674,'Leonardo Alejandro Arias Moreno','1553868','2018-06-26','1988-02-24',1,2,1260,2,'2018-12-26 17:07:08','2019-02-14 23:09:26',1),(675,'Julian Puerto Guecha','1551818','2018-06-19','1998-03-16',1,2,1261,2,'2018-12-26 17:07:08','2019-02-14 23:09:26',1),(676,'Jhon Steven Garca Valencia','1568936','2018-08-08','1995-08-04',1,2,1262,2,'2018-12-26 17:07:08','2019-02-14 23:09:26',0),(677,'Johann Polania Gonzalez','1560761','2018-07-10','1988-04-03',1,2,1263,2,'2018-12-26 17:07:09','2019-02-14 23:09:26',1),(678,'Yinneth Paola Manrique Chaves','1562307','2018-07-16','1993-11-12',1,1,NULL,2,'2018-12-26 17:07:09','2019-02-14 23:09:26',0),(679,'Luz Marina Avila Duque','513968','2011-07-27','1955-09-12',1,1,NULL,2,'2018-12-26 17:07:09','2019-02-14 23:09:26',1),(680,'Jorge Agustin Barrera Florez','721584','2012-10-03','1981-03-05',1,2,1264,2,'2018-12-26 17:07:09','2019-02-14 23:09:26',1),(681,'Silfrido Enrique Munoz Munoz','723296','2012-10-18','1973-12-11',1,1,NULL,2,'2018-12-26 17:07:09','2019-02-14 23:09:26',1),(682,'Luis Alfonso Vinasco Palacios','1030311','2015-03-17','1967-07-23',1,1,NULL,2,'2018-12-26 17:07:09','2019-02-14 23:09:26',1),(683,'Jonathan Smith Surez Rodrguez','1359116','2016-11-22','1993-03-08',1,1,NULL,2,'2018-12-26 17:07:09','2019-02-14 23:09:26',1),(684,'Cristian Johant Rodrguez Bernal','1387060','2017-03-28','1991-11-04',1,2,1265,2,'2018-12-26 17:07:10','2019-02-14 23:09:26',1),(685,'Fillarel Fabian Alarcon Perez','1403860','2017-06-27','1985-04-03',1,1,NULL,2,'2018-12-26 17:07:10','2019-02-14 23:09:26',0),(686,'Yherman Velasquez Cruz','1591921','2018-10-02','1987-09-11',1,2,1266,2,'2018-12-26 17:07:10','2019-02-14 23:09:26',1),(687,'Fidel Mauricio Pajoy Rodriguez','1537160','2018-05-08','1992-02-15',1,2,1267,2,'2018-12-26 17:07:10','2019-02-14 23:09:26',1),(688,'Laura Andrea Medina Carvajal','1537980','2018-05-08','1995-04-10',1,2,1268,2,'2018-12-26 17:07:10','2019-02-14 23:09:26',0),(689,'Jefferson Ricardo Chivata Castro','1547516','2018-06-05','1992-04-11',1,1,NULL,2,'2018-12-26 17:07:10','2019-02-14 23:09:26',1),(690,'Juan Sebastian Marin Franco','1577925','2018-09-04','1994-10-05',1,2,1269,2,'2018-12-26 17:07:11','2019-02-14 23:09:26',1),(691,'Johanna Marcela Moore Vargas','565220','2011-12-01','1973-10-01',1,1,NULL,2,'2018-12-26 17:07:11','2019-02-14 23:09:26',0),(692,'Maritza Tapiero Rodriguez','709477','2012-07-12','1982-04-13',1,1,NULL,2,'2018-12-26 17:07:11','2019-02-14 23:09:26',1),(693,'Aida Avila Chavez','721364','2012-10-03','1983-12-02',1,1,NULL,2,'2018-12-26 17:07:11','2019-02-14 23:09:26',1),(694,'Adriana Maria Ruiz Melendez','741544','2012-12-17','1973-01-30',1,2,1270,2,'2018-12-26 17:07:11','2019-02-14 23:09:26',1),(695,'Pilar Abello Ramirez','750442','2013-02-04','1973-04-10',1,2,1271,2,'2018-12-26 17:07:11','2019-02-14 23:09:26',1),(696,'William Humberto Ramos Agudelo','780543','2013-05-27','1979-05-26',1,1,NULL,2,'2018-12-26 17:07:12','2019-02-14 23:09:26',1),(697,'Hector Bedoya','784189','2013-06-12','1989-12-20',1,2,1272,2,'2018-12-26 17:07:12','2019-02-14 23:09:26',1),(698,'Diana Marcela Ruiz Garcia','824033','2013-09-03','1984-05-22',1,2,1273,2,'2018-12-26 17:07:12','2019-02-14 23:09:26',1),(699,'Juan Pablo Martin De La Torre Pomez','824850','2013-09-03','1985-02-16',1,2,1274,2,'2018-12-26 17:07:12','2019-02-14 23:09:26',1),(700,'Carlos Alonso Rodas Avellaneda','829715','2013-10-01','1981-11-08',1,1,NULL,2,'2018-12-26 17:07:12','2019-02-14 23:09:26',0),(701,'Oscar Hernando Zambrano Artunduaga','829764','2013-10-01','1981-09-21',1,1,NULL,2,'2018-12-26 17:07:12','2019-02-14 23:09:26',0),(702,'Yeison Rafael Fuentes Gomez','845164','2013-10-28','1984-04-11',1,1,NULL,2,'2018-12-26 17:07:13','2019-02-14 23:09:26',1),(703,'Claudia Astrid Cortes Velandia','889056','2014-04-21','1984-03-06',1,1,NULL,2,'2018-12-26 17:07:13','2019-02-14 23:09:26',1),(704,'Lina Maria Cadavid Lenis','889492','2014-04-23','1987-02-16',1,1,NULL,2,'2018-12-26 17:07:13','2019-02-14 23:09:26',1),(705,'Henry Giovanni Sopo Gomez','893229','2014-05-13','1980-07-08',1,2,1275,2,'2018-12-26 17:07:13','2019-02-14 23:09:26',1),(706,'Luis Gerardo Romero Molina','894120','2014-05-16','1988-12-14',1,2,1276,2,'2018-12-26 17:07:13','2019-02-14 23:09:26',1),(707,'Laura Gonzalez Ortiz','1065193','2015-07-07','1991-02-25',1,2,1277,2,'2018-12-26 17:07:13','2019-02-14 23:09:26',1),(708,'Lina Esperanza Serrato Quiacha','1065222','2015-07-09','1992-09-28',1,1,NULL,2,'2018-12-26 17:07:14','2019-02-14 23:09:26',1),(709,'Luisa Catalina Morales Aguirre','1229510','2015-12-18','1996-08-10',1,1,NULL,2,'2018-12-26 17:07:14','2019-02-14 23:09:26',1),(710,'Karina Eddy Moreno Echeverria','1263221','2016-02-19','1982-03-10',1,1,NULL,2,'2018-12-26 17:07:14','2019-02-14 23:09:26',1),(711,'Paola Patricia Pulido Navarro','1299182','2016-04-11','1984-05-07',1,1,NULL,2,'2018-12-26 17:07:14','2019-02-14 23:09:26',0),(712,'David Felipe Amorocho','1333558','2016-09-20','1995-01-14',1,2,1278,2,'2018-12-26 17:07:14','2019-02-14 23:09:26',1),(713,'Katherine Rincon Tovar','1340396','2016-10-04','1991-12-02',1,1,NULL,2,'2018-12-26 17:07:14','2019-02-14 23:09:26',1),(714,'Angela Patricia Chacn Vargas','1345919','2016-10-11','1984-01-27',1,2,1279,2,'2018-12-26 17:07:15','2019-02-14 23:09:26',1),(715,'Alexandra Meja Jimenez','1355578','2016-11-15','1975-05-10',1,2,1280,2,'2018-12-26 17:07:15','2019-02-14 23:09:26',1),(716,'William Camilo Sierra Garca','1358093','2016-11-15','1983-07-16',1,1,NULL,2,'2018-12-26 17:07:15','2019-02-14 23:09:26',1),(717,'Edgard Caleb Alvarado Angulo','1358094','2016-11-15','1991-11-02',1,2,1281,2,'2018-12-26 17:07:15','2019-02-14 23:09:26',1),(718,'Liz Katherine Torres Riveros','1358101','2016-11-15','1984-10-03',1,1,NULL,2,'2018-12-26 17:07:15','2019-02-14 23:09:26',1),(719,'Hernn Daro Betancur Crdenas','1362041','2016-12-06','1994-05-04',1,2,1282,2,'2018-12-26 17:07:15','2019-02-14 23:09:26',1),(720,'Andrs Eduardo Daz Suancha','1362137','2016-12-06','1992-03-01',1,2,1283,2,'2018-12-26 17:07:16','2019-02-14 23:09:26',1),(721,'Carlos Andres Velez Rodriguez','1362380','2016-12-06','1995-06-25',1,2,1284,2,'2018-12-26 17:07:16','2019-02-14 23:09:26',1),(722,'Braulio Ricardo Bachiller Cruz','1363446','2016-12-20','1990-04-16',1,2,1285,2,'2018-12-26 17:07:16','2019-02-14 23:09:26',1),(723,'Anderson Florez Gutierrez','1364574','2016-12-13','1994-02-03',1,1,NULL,2,'2018-12-26 17:07:16','2019-02-14 23:09:26',0),(724,'Emerson Vallejo Arango','1389239','2017-04-04','1992-03-28',1,2,1286,2,'2018-12-26 17:07:16','2019-02-14 23:09:26',1),(725,'Juan David Alvarino','1389242','2017-04-04','1993-04-11',1,2,1287,2,'2018-12-26 17:07:16','2019-02-14 23:09:26',1),(726,'Patricia Daz Mosquera','1390924','2017-05-02','1971-02-04',1,1,NULL,2,'2018-12-26 17:07:17','2019-02-14 23:09:26',1),(727,'Karen Mireya Machado Lopez','1391045','2017-04-25','1979-01-22',1,2,1288,2,'2018-12-26 17:07:17','2019-02-14 23:09:26',1),(728,'Angela Veronica Tarquino Rodriguez','1391096','2017-04-25','1979-09-22',1,2,1289,2,'2018-12-26 17:07:17','2019-02-14 23:09:26',1),(729,'Yeimy Briceida Contreras Rodriguez','1400542','2017-06-15','1988-03-22',1,1,NULL,2,'2018-12-26 17:07:17','2019-02-14 23:09:26',1),(730,'Johiner Jailith Martinez','1404093','2017-07-04','1987-05-03',1,2,1290,2,'2018-12-26 17:07:17','2019-02-14 23:09:25',1),(731,'Angie Catherine Prieto Rodrguez','1419182','2017-09-19','1984-05-11',1,1,NULL,2,'2018-12-26 17:07:17','2019-02-14 23:09:26',1),(732,'Jhonathan Troncoso Meza','1419190','2017-09-18','1996-10-24',1,1,NULL,2,'2018-12-26 17:07:17','2019-02-14 23:09:26',0),(733,'Sonia Viviana Forero Guerra','1419200','2017-09-19','1985-05-06',1,2,1291,2,'2018-12-26 17:07:18','2019-02-14 23:09:25',1),(734,'Marielena Barrios Reinoso','1455157','2018-01-23','1994-10-22',1,2,1292,2,'2018-12-26 17:07:18','2019-02-14 23:09:26',1),(735,'Brandon Yovanni Mueton Bastideas','1457480','2018-01-29','1996-12-10',2,2,NULL,2,'2018-12-26 17:07:18','2019-02-07 17:06:31',0),(736,'David Valbuena Sanchez','1457485','2018-01-29','1998-02-12',2,2,1294,2,'2018-12-26 17:07:18','2019-01-17 22:40:08',0),(737,'Wollman Estiven Bachiller Cruz','1457563','2018-01-29','1996-12-09',2,2,1295,2,'2018-12-26 17:07:18','2019-01-17 22:40:08',0),(738,'Yined Marcela Daz Labrador','1607587','2018-10-16','1989-10-27',1,1,NULL,2,'2018-12-26 17:07:18','2019-02-14 23:09:26',1),(739,'Jordin Blanquicet Montes','1591922','2018-10-02','1993-12-09',1,2,1296,2,'2018-12-26 17:07:19','2019-02-14 23:09:26',1),(740,'Diego Hernn Cadena Daza','1607561','2018-10-16','1995-03-01',1,2,1297,2,'2018-12-26 17:07:19','2019-02-14 23:09:26',1),(741,'Paula Andrea Sanchez Casallas','1537147','2018-05-08','1990-03-27',1,2,1298,2,'2018-12-26 17:07:19','2019-02-14 23:09:26',1),(742,'Farid Ricardo Ramirez Padilla','1537967','2018-05-08','1995-04-24',1,1,NULL,2,'2018-12-26 17:07:19','2019-02-14 23:09:26',1),(743,'Franky Esteban Vasquez Rubiano','1537971','2018-05-08','1994-10-21',1,2,1299,2,'2018-12-26 17:07:19','2019-02-14 23:09:26',1),(744,'Juan Carlos Cubillos Gacha','1537976','2018-05-08','1996-05-27',1,2,1300,2,'2018-12-26 17:07:19','2019-02-14 23:09:26',1),(745,'Mario Briceo Torres','1543918','2018-05-10','1976-08-31',1,2,1301,2,'2018-12-26 17:07:20','2019-02-14 23:09:26',1),(746,'Cindy Julieth Cubillos Romero','1546779','2018-06-01','1987-08-06',1,2,1302,2,'2018-12-26 17:07:20','2019-02-14 23:09:25',1),(747,'Juan Sebastian Lozano Grazn','1547500','2018-06-05','1994-10-06',1,2,1303,2,'2018-12-26 17:07:20','2019-02-14 23:09:25',1),(748,'Julian Felipe Sanchez','1547501','2018-06-05','1989-11-12',1,2,1304,2,'2018-12-26 17:07:20','2019-02-14 23:09:25',1),(749,'Ana Judith Villate Villate','1550151','2018-06-13','1974-04-15',1,2,1305,2,'2018-12-26 17:07:20','2019-02-14 23:09:25',1),(750,'Edilberto Manuel Florez Barragan','1550983','2018-06-13','1994-01-17',1,2,1306,2,'2018-12-26 17:07:20','2019-02-14 23:09:25',1),(751,'Ricardo Jos Gomez Velez','1551007','2018-06-13','1984-05-18',1,2,1307,2,'2018-12-26 17:07:21','2019-02-14 23:09:25',1),(752,'Sergio David Leon Buitrago','1551011','2018-06-13','1997-08-29',1,2,1308,2,'2018-12-26 17:07:21','2019-02-14 23:09:25',1),(753,'Nestor Luis Bula Dumar','1551013','2018-06-13','1997-02-28',1,2,1309,2,'2018-12-26 17:07:21','2019-02-14 23:09:25',1),(754,'John Manuel Moreno Rojas','1551124','2018-06-13','1990-04-12',1,2,1310,2,'2018-12-26 17:07:21','2019-02-14 23:09:26',1),(755,'Estefany Vargas Martinez','1560754','2018-07-10','1981-08-30',1,1,NULL,2,'2018-12-26 17:07:21','2019-02-14 23:09:26',1),(756,'Viviana Lugo Suarez','1564749','2018-07-24','1991-11-29',1,1,NULL,2,'2018-12-26 17:07:21','2019-02-14 23:09:26',1),(757,'Sergio Junco Castro','1567466','2018-08-01','1996-08-04',1,2,1311,2,'2018-12-26 17:07:22','2019-02-14 23:09:26',1),(758,'Cristian Esteban Ochoa Rozo','1572637','2018-08-21','1998-10-16',1,2,1312,2,'2018-12-26 17:07:22','2019-02-14 23:09:26',1),(759,'Eryka Viviana Achiardi Rodriguez','1572639','2018-08-21','1977-03-28',1,1,NULL,2,'2018-12-26 17:07:22','2019-02-14 23:09:26',1),(760,'Cristian Andres Perez','1578200','2018-09-04','1994-01-03',1,1,NULL,2,'2018-12-26 17:07:22','2019-02-14 23:09:26',1),(761,'Johan Sebastian Franco Navas','1584984','2018-09-18','1998-06-06',1,2,1313,2,'2018-12-26 17:07:22','2019-02-14 23:09:26',1),(762,'Juan Sebastian Varon','1584999','2018-09-25','1987-05-23',1,2,1295,2,'2018-12-26 17:07:22','2019-02-14 23:09:26',1),(763,'Andres Felipe Cadena Sanchez','1550981','2018-06-13','1996-09-05',1,2,1314,2,'2018-12-26 17:07:23','2019-02-14 23:09:26',1),(764,'Gizzette Ilene Martinez Osorio','1551000','2018-06-13','1993-04-26',1,2,1315,2,'2018-12-26 17:07:23','2019-02-14 23:09:26',1),(765,'Lizeth Johanna Farfan Marin','1551009','2018-06-13','1994-03-17',1,2,1316,2,'2018-12-26 17:07:23','2019-02-14 23:09:26',1),(766,'Juan Carlos Lagos Tinjaca','1551126','2018-06-13','1986-06-15',1,2,1317,2,'2018-12-26 17:07:23','2019-02-14 23:09:26',1),(767,'Diego Leonardo Penagos Torres','792310','2013-07-08','1990-10-04',1,1,NULL,4,'2018-12-26 17:07:23','2019-02-14 23:09:24',1),(768,'Raul Jairo Soto Jaramillo','479659','2011-04-01','1954-06-24',1,1,NULL,4,'2018-12-26 17:07:23','2019-02-14 23:09:24',1),(769,'Libia Yaneth Quevedo Cruz','1591919','2018-10-02','1982-01-23',1,1,NULL,2,'2018-12-26 17:07:24','2019-02-14 23:09:26',0),(770,'Santiago Arcadio Gomez Rojas','1523236','2018-03-27','1988-05-31',1,1,NULL,4,'2018-12-26 17:07:24','2019-02-14 23:09:24',1),(771,'Olga Patricia Navarro Lpez','1556117','2018-06-25','1971-01-18',2,1,NULL,2,'2018-12-26 17:07:24','2019-02-07 23:06:29',0),(772,'Diana Rocio Garcia Roldan','774694','2013-04-19','1968-07-16',1,1,1318,4,'2018-12-26 17:07:24','2019-02-14 23:09:24',1),(773,'William Esteban Rozo Malaver','1224642','2015-12-01','1991-11-02',1,1,NULL,2,'2018-12-26 17:07:24','2019-02-14 23:09:26',1),(774,'Ivonne Maritza Romero Villamor','516755','2011-07-05','1991-10-11',1,2,1319,2,'2018-12-26 17:07:24','2019-02-14 23:09:26',1),(775,'Lina Johanna Castillo Alvarez','858974','2013-12-12','1984-06-22',1,2,1320,2,'2018-12-26 17:07:25','2019-02-14 23:09:26',1),(776,'Diana Carolina Camero Rodriguez','883300','2014-04-08','1985-12-09',1,2,1321,2,'2018-12-26 17:07:25','2019-02-14 23:09:26',1),(777,'Jorge Armando Suarez Baquero','912019','2014-07-03','1987-12-27',1,1,NULL,2,'2018-12-26 17:07:25','2019-02-14 23:09:26',1),(778,'Jonathan Trujillo Salas','1035489','2015-04-06','1988-03-28',1,1,NULL,2,'2018-12-26 17:07:25','2019-02-14 23:09:26',1),(779,'Maria Esperanza Alfonso Sandoval','1074611','2015-08-24','1983-07-26',1,2,1322,2,'2018-12-26 17:07:25','2019-02-14 23:09:26',1),(780,'Camilo Gil Lesmes','1304391','2016-05-02','1984-04-27',1,1,NULL,2,'2018-12-26 17:07:25','2019-02-14 23:09:26',1),(781,'Yeshica Alejandra Rivera Rojas','1304232','2016-05-02','1985-11-03',1,2,1323,2,'2018-12-26 17:07:26','2019-02-14 23:09:26',1),(782,'Jose Rolando Sabogal Gonzalez','1272945','2016-03-23','1986-04-22',1,1,NULL,2,'2018-12-26 17:07:26','2019-02-14 23:09:26',1),(783,'Jorge Andres Lopez Figueroa','1389493','2017-04-18','1989-01-11',1,1,NULL,2,'2018-12-26 17:07:26','2019-02-14 23:09:26',1),(784,'Raquel Vanessa Varela Morales','1543927','2018-05-10','1987-07-13',1,2,1324,2,'2018-12-26 17:07:26','2019-02-14 23:09:26',1),(785,'Otto Castillo','1571453','2018-08-14','1987-01-05',1,1,NULL,2,'2018-12-26 17:07:26','2019-02-14 23:09:26',1),(786,'Gleydis Duarte','1561733','2018-07-16','1983-11-29',1,2,1325,2,'2018-12-26 17:07:26','2019-02-14 23:09:26',1),(787,'Rosa Del Pilar Villamil Paez','1578183','2018-09-04','1983-02-16',1,1,NULL,2,'2018-12-26 17:07:26','2019-02-14 23:09:26',1),(788,'Alejandro Gallego Villa','710828','2012-07-23','1982-12-10',1,1,NULL,2,'2018-12-26 17:07:27','2019-02-14 23:09:26',1),(789,'Monica Liliana Cifuentes Tibocha','837184','2013-10-09','1983-04-17',1,1,NULL,2,'2018-12-26 17:07:27','2019-02-14 23:09:26',1),(790,'Giovanni Villamil Paloma','1113138','2015-09-01','1975-02-03',1,1,NULL,2,'2018-12-26 17:07:27','2019-02-14 23:09:26',1),(791,'Rodrigo Ivn Garcia Camacho','1191588','2015-10-05','1984-11-06',1,2,1326,2,'2018-12-26 17:07:27','2019-02-14 23:09:26',1),(792,'Fabio Andres Carmona Buitrago','1275020','2016-04-01','1980-06-18',1,2,1327,2,'2018-12-26 17:07:27','2019-02-14 23:09:26',1),(793,'Lenin David Gomez Mera','1414771','2017-09-01','1983-10-12',1,2,1328,2,'2018-12-26 17:07:27','2019-02-14 23:09:26',1),(794,'Miguel Orlando Sanchez Cardenas','1233144','2016-01-04','1993-02-06',1,1,NULL,2,'2018-12-26 17:07:28','2019-02-14 23:09:26',1),(795,'Fernando Alfonso Gonzales Pacheco','745525','2013-01-14','1976-05-26',1,2,1329,2,'2018-12-26 17:07:28','2019-02-14 23:09:26',0),(796,'Sandra Ortega Perez','815043','2008-10-01','1977-12-26',1,2,1370,2,'2018-12-26 17:07:28','2019-02-14 23:09:26',1),(797,'Hasbleidy Nuste Marin','862449','2014-01-03','1979-08-20',1,2,1331,2,'2018-12-26 17:07:28','2019-02-14 23:09:26',0),(798,'Gustavo Enrique Gavilan Murcia','1533929','2018-04-24','1977-01-22',1,2,1332,2,'2018-12-26 17:07:28','2019-02-14 23:09:26',0),(799,'BOHORQUEZ GARNICA JULIO CESAR','1615561','2018-11-01','1999-04-29',1,1,1333,2,'2018-12-26 17:07:28','2019-02-14 23:09:27',1),(800,'QUIROGA BETANCUR BRAYAN DUVAN','1615554','2018-11-01','1996-06-07',1,1,1334,2,'2018-12-26 17:07:29','2019-02-14 23:09:26',1),(801,'Jessica Adriana Garca Polanas','1579254','2018-09-12','1992-03-20',1,1,NULL,11,'2018-12-26 17:07:29','2019-02-14 23:09:27',1),(802,'Joel Alberto Paez Rodriguez (Joel)','1543933','2018-05-15','1975-12-16',1,1,NULL,11,'2018-12-26 17:07:29','2019-02-14 23:09:27',1),(803,'Luz Dary Rojas Marn','1556116','2018-06-25','1983-02-01',2,1,NULL,11,'2018-12-26 17:07:29','2019-02-07 22:39:18',0),(804,'Mr. Yeison Arley Zapata Valdes','1562712','2018-07-17','1989-10-15',1,1,NULL,11,'2018-12-26 17:07:29','2019-02-14 23:09:27',0),(805,'Ms. Lina Titania Arias Moreno','1562714','2018-07-17','1975-08-12',1,1,NULL,11,'2018-12-26 17:07:29','2019-02-14 23:09:27',0),(806,'Mr. Jhonatan Andres Usuga Gallo','1563067','2018-07-17','1990-12-23',1,1,NULL,11,'2018-12-26 17:07:30','2019-02-14 23:09:27',0),(807,'Mohan Krishna','243808','2016-01-01','1984-06-07',1,1,NULL,11,'2018-12-26 17:07:30','2019-02-14 23:09:27',1),(808,'David Alejandro Martinez Amortegui','1567467','2018-08-01','1990-11-26',1,1,NULL,11,'2018-12-26 17:07:30','2019-02-14 23:09:27',1),(809,'Mr. Jaime Alberto Munoz Cordoba','907410','2014-06-12','1981-12-31',1,1,NULL,11,'2018-12-26 17:07:30','2019-02-14 23:09:27',1),(810,'Ms. Jenny Lorena Contreras Prince','1000807','2014-10-24','1982-01-14',1,1,NULL,11,'2018-12-26 17:07:30','2019-02-14 23:09:27',0),(811,'Juan Felipe Suarez Acevedo','1568977','2018-08-08','1983-01-07',1,1,NULL,11,'2018-12-26 17:07:30','2019-02-14 23:09:27',1),(812,'MR. Alvaro Prada Lemus','1572640','2018-08-21','1965-03-31',1,1,NULL,11,'2018-12-26 17:07:31','2019-02-14 23:09:27',1),(813,'Mr. Humberto Becerra Torres','811209','2008-03-03','1968-11-12',1,1,NULL,11,'2018-12-26 17:07:31','2019-02-14 23:09:27',1),(814,'Mr. Dairo Leonardo Lozano Rodriguez','525002','2011-09-15','1975-05-14',1,1,NULL,11,'2018-12-26 17:07:31','2019-02-14 23:09:27',1),(815,'Mr. Mario Albeiro Gonzalez Zarate','1553869','2018-06-26','1986-10-28',1,1,NULL,11,'2018-12-26 17:07:31','2019-02-14 23:09:27',1),(816,'Mr. Euder Villamizar','1264854','2016-03-01','1988-10-24',1,1,NULL,11,'2018-12-26 17:07:31','2019-02-14 23:09:27',0),(817,'Mr. Ilich Fernando Valbuena Rincon','1550984','2018-06-13','1989-11-23',1,1,NULL,11,'2018-12-26 17:07:31','2019-02-14 23:09:27',1),(818,'Mr. Rafael   Obregon Saavedra','1576085','2018-09-06','1984-08-04',1,1,NULL,11,'2018-12-26 17:07:31','2019-02-14 23:09:27',1),(819,'Leidy Johana Moreno Castro','1575662','2018-09-04','1989-01-25',1,1,NULL,11,'2018-12-26 17:07:32','2019-02-14 23:09:27',1),(820,'Ms. Angelig Johana Corona Polanco','1584910','2018-09-25','1980-09-08',1,1,NULL,11,'2018-12-26 17:07:32','2019-02-14 23:09:27',1),(821,'Mr. Yuri Viviana Correa Marulanda','1584942','2018-09-25','1982-05-01',1,1,NULL,11,'2018-12-26 17:07:32','2019-02-14 23:09:27',1),(822,'Mr. William Alejandro Jimenez Numpaque','1585030','2018-09-25','1988-03-14',1,1,NULL,11,'2018-12-26 17:07:32','2019-02-14 23:09:27',1),(823,'Mr. Janier Guillermo Collazos Rozo','1585048','2018-09-25','1991-06-30',1,1,NULL,11,'2018-12-26 17:07:32','2019-02-14 23:09:27',0),(824,'Mr. Camilo Andres Clavijo Juzga','1585049','2018-09-25','1996-10-03',2,1,NULL,11,'2018-12-26 17:07:32','2019-02-07 17:06:32',0),(825,'Andres Felipe Garcia','1585988','2018-10-02','1986-06-09',1,1,NULL,11,'2018-12-26 17:07:33','2019-02-14 23:09:27',1),(826,'Henry Alberto Contreras Garcia','1585743','2018-10-02','1967-04-09',1,1,NULL,11,'2018-12-26 17:07:33','2019-02-14 23:09:27',1),(827,'David Alejandro Rodriguez Mendoza','1599789','2018-10-02','1983-11-20',1,1,NULL,11,'2018-12-26 17:07:33','2019-02-14 23:09:27',1),(828,'giovanna Arias','815023','2008-10-01','1975-01-28',1,1,NULL,11,'2018-12-26 17:07:33','2019-02-14 23:09:27',1),(829,'Diego fernando Guarnizo','1607555','2018-10-16','1990-09-24',1,1,NULL,11,'2018-12-26 17:07:33','2019-02-14 23:09:27',1),(830,'Fernanda Marcela Palacios Pieros','1572140','2018-08-15','1987-09-25',1,1,NULL,11,'2018-12-26 17:07:33','2019-02-14 23:09:27',1),(831,'Jennifer Panqueva Antonio','1579196','2018-09-12','1987-08-17',1,1,NULL,11,'2018-12-26 17:07:34','2019-02-14 23:09:27',1),(832,'Daniel Gomez Rodriguez','1618966','2018-11-20','1991-08-28',2,1,NULL,11,'2018-12-26 17:07:34','2019-01-17 22:40:08',0),(833,'Alejandra Lozano Martinez','1347370','2016-10-11','1982-08-30',2,2,1207,11,'2018-12-26 17:07:34','2019-01-17 22:40:08',0),(834,'Dairo Cristancho ( Basis / Gestion Ambientes)','713984','2012-08-02','1977-07-18',1,1,NULL,11,'2018-12-26 17:07:34','2019-02-14 23:09:27',1),(835,'Ms. Adriana Leal Cubides','1615559','2018-11-06','1988-10-19',1,1,NULL,11,'2018-12-26 17:07:34','2019-02-14 23:09:27',0),(836,'LAURA KATERINE AMADO CONTRERAS','1457547','2018-01-29','1993-12-16',2,1,NULL,10,'2019-01-25 16:53:45','2019-01-25 16:53:45',0),(837,'FABIO HURTADO','1646790','2019-01-24','1983-11-17',2,2,1487,3,'2019-01-26 00:05:17','2019-01-26 00:06:21',0),(841,'Diego Leon','1324127','2016-08-02','1991-11-27',1,1,NULL,5,'2019-01-26 01:29:20','2019-02-14 23:09:25',0),(842,'Ms. Diana Carolina Martin Benavides - Temporal','1547873','2018-05-29','1981-05-03',1,1,NULL,1,'2019-01-26 01:29:21','2019-02-14 23:09:25',1),(843,'Ms. Laura Lorena Patio Carrasco','1675433','1998-04-15','2019-02-05',1,1,NULL,1,'2019-02-07 17:06:30','2019-02-14 23:09:25',1),(846,'Ms. Johana Palacios Nio','1649639','2019-01-15','1987-11-17',1,1,NULL,1,'2019-02-07 17:45:09','2019-02-14 23:09:25',1),(847,'Mr. Juan Sebastian Correa Perez','1675291','2019-02-05','1996-01-02',1,1,NULL,1,'2019-02-07 17:45:09','2019-02-14 23:09:25',1),(848,'Norman Alejandro Hernandez Espinosa','1673192','2019-02-06','1981-08-30',1,1,NULL,3,'2019-02-07 23:06:28','2019-02-14 23:09:25',0),(849,'Luz Dary Rojas Marn','1633771','2019-01-02','1983-02-01',1,1,NULL,11,'2019-02-07 23:06:29','2019-02-14 23:09:27',1),(850,'Miguel Angel Vera Cerezo','1645128','2019-01-23','1963-07-24',1,1,NULL,11,'2019-02-07 23:06:30','2019-02-14 23:09:27',1),(851,'Juan Pablo Torres Moreno','1672236','2019-02-05','1993-06-20',1,1,NULL,11,'2019-02-07 23:06:30','2019-02-14 23:09:27',1),(852,'Cesar Ortega Amorocho','1672238','2019-02-05','1980-03-18',1,1,NULL,11,'2019-02-07 23:06:30','2019-02-14 23:09:27',1),(898,'Ms. Beatriz Elena Duque Aparicio','727545','2012-11-21','1976-11-06',1,2,1171,4,'2019-02-09 00:38:11','2019-02-14 23:09:24',1),(899,'Mr. Hamer Jose Caballero Ferrer','869917','2014-02-10','1984-01-11',1,2,1249,2,'2019-02-09 00:38:12','2019-02-14 23:09:27',0),(900,'Mr. Juan Manuel Saenz','821336','2010-07-06','1973-12-10',1,2,1248,2,'2019-02-09 00:38:12','2019-02-14 23:09:27',0),(901,'Ms. Libia Andrea Guevara Rojas','379668','2010-09-27','1977-03-08',1,1,NULL,1,'2019-02-09 00:38:12','2019-02-14 23:09:25',0),(902,'Ms. Alicia Alejandra Vizcaino Torres','1058944','2015-06-11','1991-07-22',1,1,NULL,1,'2019-02-09 00:38:12','2019-02-14 23:09:25',0),(903,'Ms. Aida   Medina Serrano','564959','2011-12-01','1985-08-22',1,1,NULL,1,'2019-02-09 00:38:12','2019-02-14 23:09:25',0),(904,'Ms. Ivonne Daniela Gomez Camargo - Pasante','1578201','2018-09-04','1997-07-28',1,1,NULL,1,'2019-02-09 00:38:12','2019-02-14 23:09:25',0),(905,'Ms. Estrellita   Orduna Rodriguez','1023078','2015-02-12','1961-12-13',1,1,NULL,1,'2019-02-09 00:38:13','2019-02-14 23:09:25',0),(906,'Mr Sethu Madhvan Kalyanamaran','207648','2019-02-04','1985-06-02',1,1,NULL,2,'2019-02-09 00:38:13','2019-02-14 23:09:26',0),(907,'Ms. Hortensia Robayo Castillo','814852','2008-09-22','1952-12-07',1,1,NULL,11,'2019-02-09 00:38:15','2019-02-14 23:09:27',1),(908,'Mr. Angelo Chaparro Garza','1518414','2018-03-06','1989-08-30',1,1,NULL,11,'2019-02-09 00:38:15','2019-02-14 23:09:27',1),(909,'Mr. Herliton Gonzalez Leon','1518560','2018-03-06','1988-03-24',1,1,NULL,11,'2019-02-09 00:38:15','2019-02-14 23:09:27',1),(910,'Ms. Leidi Yamileth Beltran Gonzalez','577085','2012-03-01','1982-11-10',1,1,NULL,11,'2019-02-09 00:38:15','2019-02-14 23:09:27',1),(911,'Ms. Xiomara del Carmen Reinoza Contreras','1629901','2018-12-12','1962-12-02',1,1,NULL,11,'2019-02-09 00:38:16','2019-02-14 23:09:27',1),(912,'JARAMILLO NIO  CARLOS FELIPE','1312264','2016-06-01','1994-11-23',1,1,NULL,5,'2019-02-09 00:38:16','2019-02-14 23:09:25',0),(913,'VALDERRAMA RINCON NATALIA','1619627','2018-11-21','1991-11-23',1,1,NULL,2,'2019-02-09 00:38:16','2019-02-14 23:09:27',0),(914,'PATIO GARZON JEYSON DAVID','1629898','2018-12-11','1990-11-11',1,1,NULL,2,'2019-02-09 00:38:16','2019-02-14 23:09:27',0),(915,'MEJIA HERNANDEZ PAOLA ALEXANDRA','1625645','2018-12-04','1990-02-12',1,1,NULL,2,'2019-02-09 00:38:16','2019-02-14 23:09:27',1),(916,'BERMUDEZ IRREO CARLOS ARTURO','1568950','2018-08-08','1993-11-11',1,1,NULL,2,'2019-02-09 00:38:16','2019-02-14 23:09:26',1),(917,'CARVAJAL LOZANO GODFREE','1620379','2018-11-27','1991-03-07',1,1,NULL,11,'2019-02-09 00:38:17','2019-02-14 23:09:27',0),(918,'HERNANDEZ OLIVEROS LIA YIMARA','1628626','2018-12-11','1983-04-17',1,1,NULL,2,'2019-02-09 00:38:17','2019-02-14 23:09:27',0),(919,'SIERRA GUARNIZO ARIEL ORLANDO','1564946','2018-07-24','1991-11-18',1,1,NULL,2,'2019-02-09 00:38:17','2019-02-14 23:09:26',1),(922,'Mr. Balaji Rajendran','499205','2011-07-11','1988-10-01',1,1,NULL,1,'2019-02-13 23:22:42','2019-02-14 23:09:25',1),(923,'ANGELA SOLARTE','1675792','2019-02-08','1972-10-15',1,1,NULL,1,'2019-02-14 14:15:13','2019-02-15 13:22:16',1),(936,'Angela Arenas','1638615','2019-01-08','1987-06-30',1,1,NULL,4,'2019-02-14 22:39:58','2019-02-15 15:11:33',1),(937,'Daniel Buitrago','1642539','2019-01-03','1978-09-28',1,1,NULL,4,'2019-02-14 22:39:58','2019-02-14 23:09:24',0),(938,'Hector Velazco','1579704','2018-09-13','1965-06-02',1,1,NULL,4,'2019-02-14 22:39:58','2019-02-15 15:09:51',1);
/*!40000 ALTER TABLE `employees` ENABLE KEYS */;
UNLOCK TABLES;

--
-- Table structure for table `maps`
--

DROP TABLE IF EXISTS `maps`;
/*!40101 SET @saved_cs_client     = @@character_set_client */;
/*!40101 SET character_set_client = utf8 */;
CREATE TABLE `maps` (
  `id` bigint(20) NOT NULL AUTO_INCREMENT,
  `name` varchar(255) NOT NULL,
  `seats` text,
  `height` int(11) NOT NULL,
  `width` int(11) NOT NULL,
  `seats_total` int(11) NOT NULL,
  `project_id` bigint(20) NOT NULL,
  `created_at` datetime NOT NULL,
  `updated_at` datetime NOT NULL,
  PRIMARY KEY (`id`),
  KEY `fk_rails_a90d6cd6e2` (`project_id`),
  CONSTRAINT `fk_rails_a90d6cd6e2` FOREIGN KEY (`project_id`) REFERENCES `projects` (`id`)
) ENGINE=InnoDB AUTO_INCREMENT=19 DEFAULT CHARSET=utf8;
/*!40101 SET character_set_client = @saved_cs_client */;

--
-- Dumping data for table `maps`
--

LOCK TABLES `maps` WRITE;
/*!40000 ALTER TABLE `maps` DISABLE KEYS */;
INSERT INTO `maps` VALUES (5,'MapaGrupoSoporte','1_6,1_5,1_4,1_3,2_3,2_4,2_6,2_5,4_4,4_3,4_2,4_1,5_1,5_2,5_3',6,6,15,1,'2018-12-11 19:51:37','2018-12-11 19:51:37'),(12,'MapaTELCOS','2_2,2_3,2_4,2_6,2_7,2_53,2_54,3_2,3_3,3_4,3_5,3_6,3_7,3_53,3_54,5_13,5_14,8_13,9_13,8_14,9_14,5_16,6_16,7_16,8_16,9_16,8_17,7_17,6_17,5_17,9_19,8_19,7_19,6_19,5_19,5_20,6_20,7_20,8_20,9_20,9_22,6_22,5_22,5_23,6_23,9_23,5_25,6_25,7_25,8_25,9_25,9_26,8_26,7_26,6_26,5_26,8_28,7_28,6_28,5_28,5_29,6_29,7_29,8_29,9_29,8_31,9_31,8_32,9_32,5_31,5_32,8_35,7_35,6_35,5_35,9_38,8_38,7_38,6_38,5_38,8_41,7_41,6_41,5_41,5_44,6_44,9_44,9_47,8_47,7_47,6_47,5_47,10_50,9_50,5_50,6_50,5_53,6_53,7_53,8_53,5_56,6_56,7_56,8_56,5_59,6_59,7_59,8_59,9_59,5_34,6_34,7_34,8_34,5_37,6_37,7_37,8_37,9_37,5_40,6_40,7_40,8_40,5_43,6_43,9_43,5_46,6_46,7_46,8_46,9_46,5_49,6_49,9_49,10_49,5_52,6_52,7_52,8_52,5_55,6_55,7_55,8_55,5_58,6_58,7_58,8_58,9_58,5_61,6_61,5_62,6_62,9_61,10_61,10_62,9_62,10_58,10_59',10,62,157,2,'2018-12-19 19:58:29','2018-12-19 19:58:29'),(13,'MapaDavivienda','2_3,3_3,2_4,3_4,2_7,3_7,2_8,3_8,5_2,5_3,5_4,5_5,5_6,5_7,5_8,6_2,6_3,6_4,6_5,6_6,6_7,6_8,8_8,9_8,9_7,9_6,9_5,9_4,8_6,8_7,11_8,11_7,11_6,11_5,11_4,11_3,11_2,12_2,12_3,12_4,12_5,12_6,12_7,12_8,14_8,15_8,14_7,15_7,14_6,15_6,14_5,15_5,31_2,31_3,31_4,31_5,31_6,31_7,31_8,30_8,30_7,30_6,30_5,30_4,30_3,30_2,28_8,28_7,28_6,27_6,27_7,27_8,27_3,27_2,28_2,28_3,25_8,25_7,24_7,24_8,25_4,25_3,25_2,24_2,24_3,24_4',32,9,86,3,'2018-12-26 02:40:48','2018-12-26 02:40:48'),(14,'MapaABINBEV','5_9,6_9,7_9,8_9,4_5,4_6,5_6,5_5,6_5,6_6,3_5,3_6,4_9,1_4,1_5,11_13,11_12,10_12,10_13,9_12,9_13,8_13,8_12,7_12,7_13,6_13,6_12,5_12,5_13,4_12,4_13,3_9,7_8,8_8,6_8,5_8,4_8,3_8,1_8,1_7',12,14,40,4,'2018-12-26 02:51:12','2018-12-26 02:51:12'),(15,'MapaAvianca','1_4,1_5,1_7,1_8,3_9,3_8,3_6,3_5,4_3,4_2,5_2,7_2,6_2,8_2,9_2,10_2,11_2,5_3,6_3,7_3,8_3,9_3,11_3,10_3,4_5,4_6,7_5,7_6,8_5,8_6,9_6,9_5,10_5,10_6,11_5,11_6',12,9,36,5,'2018-12-26 02:56:56','2018-12-26 02:56:56'),(16,'MapaBFSI','1_2,3_2,4_2,6_2,6_3,6_4,4_3,3_3,6_5',7,5,9,7,'2018-12-26 03:00:17','2018-12-26 03:00:17'),(17,'MapaBRM','2_2,3_2,2_3,3_3,5_2,6_2,5_3,6_3',6,4,8,6,'2018-12-26 03:03:17','2018-12-26 03:03:17'),(18,'MapaTigo','1_8,1_7,1_5,1_4,3_8,3_7,3_6,3_5,3_4,3_3,3_2,4_2,4_3,4_8,4_7,9_8,10_8,10_7,9_7,10_6,9_6,9_5,10_5,9_4,10_4,9_3,10_3,9_2,10_2,7_2,6_2,6_8,7_8,6_7,7_7,6_3,7_3,6_4,7_4',11,9,39,11,'2018-12-26 03:06:57','2018-12-26 03:06:57');
/*!40000 ALTER TABLE `maps` ENABLE KEYS */;
UNLOCK TABLES;

--
-- Table structure for table `projects`
--

DROP TABLE IF EXISTS `projects`;
/*!40101 SET @saved_cs_client     = @@character_set_client */;
/*!40101 SET character_set_client = utf8 */;
CREATE TABLE `projects` (
  `id` bigint(20) NOT NULL AUTO_INCREMENT,
  `name` varchar(255) NOT NULL,
  `status` int(11) NOT NULL DEFAULT '1',
  `tag` varchar(3) NOT NULL,
  `created_at` datetime NOT NULL,
  `updated_at` datetime NOT NULL,
  `colour` varchar(20) DEFAULT NULL,
  PRIMARY KEY (`id`)
) ENGINE=InnoDB AUTO_INCREMENT=12 DEFAULT CHARSET=utf8;
/*!40101 SET character_set_client = @saved_cs_client */;

--
-- Dumping data for table `projects`
--

LOCK TABLES `projects` WRITE;
/*!40000 ALTER TABLE `projects` DISABLE KEYS */;
INSERT INTO `projects` VALUES (1,'Grupo Soporte',1,'GS','2018-12-11 17:33:18','2018-12-11 17:33:18','#c55a11'),(2,'TELCOS',1,'TE','2018-12-11 17:33:18','2018-12-11 17:33:18','#ffd966'),(3,'Davivienda',1,'DA','2018-12-11 17:33:18','2018-12-11 17:33:18','#ffff00'),(4,'ABINBEV',1,'AB','2018-12-11 17:33:18','2018-12-11 17:33:18','#ed7d31'),(5,'AVIANCA',1,'AV','2018-12-11 17:33:18','2018-12-11 17:33:18','#5b9bd5'),(6,'Retail SWON',1,'BR','2018-12-11 17:33:18','2018-12-11 17:33:18','#002060'),(7,'BFSI SWON',1,'BF','2018-12-11 17:33:18','2018-12-11 17:33:18','#7030a0'),(8,'ENTSOL',1,'EN','2018-12-11 17:33:18','2018-12-11 17:33:18','#ffffff'),(9,'SWON CMI',1,'SW','2018-12-11 17:33:18','2018-12-11 17:33:18','#ffffff'),(10,'Compliance SWON',1,'CO','2018-12-11 17:33:18','2018-12-11 17:33:18','#ffffff'),(11,'TIGO',1,'TI','2018-12-11 17:33:18','2018-12-11 17:33:18','#a9d18e');
/*!40000 ALTER TABLE `projects` ENABLE KEYS */;
UNLOCK TABLES;

--
-- Table structure for table `roles`
--

DROP TABLE IF EXISTS `roles`;
/*!40101 SET @saved_cs_client     = @@character_set_client */;
/*!40101 SET character_set_client = utf8 */;
CREATE TABLE `roles` (
  `id` bigint(20) NOT NULL AUTO_INCREMENT,
  `name` varchar(255) DEFAULT NULL,
  `resource_type` varchar(255) DEFAULT NULL,
  `resource_id` bigint(20) DEFAULT NULL,
  `created_at` datetime NOT NULL,
  `updated_at` datetime NOT NULL,
  PRIMARY KEY (`id`),
  KEY `index_roles_on_resource_type_and_resource_id` (`resource_type`,`resource_id`),
  KEY `index_roles_on_name` (`name`),
  KEY `index_roles_on_name_and_resource_type_and_resource_id` (`name`,`resource_type`,`resource_id`)
) ENGINE=InnoDB AUTO_INCREMENT=3 DEFAULT CHARSET=utf8;
/*!40101 SET character_set_client = @saved_cs_client */;

--
-- Dumping data for table `roles`
--

LOCK TABLES `roles` WRITE;
/*!40000 ALTER TABLE `roles` DISABLE KEYS */;
INSERT INTO `roles` VALUES (1,'admin',NULL,NULL,'2018-12-11 17:33:18','2018-12-11 17:33:18'),(2,'employee',NULL,NULL,'2018-12-11 17:33:18','2018-12-11 17:33:18');
/*!40000 ALTER TABLE `roles` ENABLE KEYS */;
UNLOCK TABLES;

--
-- Table structure for table `schema_migrations`
--

DROP TABLE IF EXISTS `schema_migrations`;
/*!40101 SET @saved_cs_client     = @@character_set_client */;
/*!40101 SET character_set_client = utf8 */;
CREATE TABLE `schema_migrations` (
  `version` varchar(255) NOT NULL,
  PRIMARY KEY (`version`)
) ENGINE=InnoDB DEFAULT CHARSET=utf8;
/*!40101 SET character_set_client = @saved_cs_client */;

--
-- Dumping data for table `schema_migrations`
--

LOCK TABLES `schema_migrations` WRITE;
/*!40000 ALTER TABLE `schema_migrations` DISABLE KEYS */;
INSERT INTO `schema_migrations` VALUES ('20181125150022'),('20181205030857'),('20181205035634'),('20181206235806'),('20181207001245'),('20181207005912'),('20181207010426'),('20181207010454'),('20181214214033'),('20181219181228'),('20190117061927'),('20190117071007');
/*!40000 ALTER TABLE `schema_migrations` ENABLE KEYS */;
UNLOCK TABLES;

--
-- Table structure for table `seats`
--

DROP TABLE IF EXISTS `seats`;
/*!40101 SET @saved_cs_client     = @@character_set_client */;
/*!40101 SET character_set_client = utf8 */;
CREATE TABLE `seats` (
  `id` bigint(20) NOT NULL AUTO_INCREMENT,
  `project_id` bigint(20) NOT NULL,
  `code` varchar(10) NOT NULL,
  `status` int(11) NOT NULL DEFAULT '1',
  `assignment_date` date DEFAULT NULL,
  `map_id` bigint(20) NOT NULL,
  `html_id` varchar(255) NOT NULL,
  `fixed` tinyint(1) NOT NULL DEFAULT '0',
  `created_at` datetime NOT NULL,
  `updated_at` datetime NOT NULL,
  PRIMARY KEY (`id`),
  KEY `fk_rails_93e3b7506d` (`project_id`),
  KEY `fk_rails_f35d21dd46` (`map_id`),
  CONSTRAINT `fk_rails_93e3b7506d` FOREIGN KEY (`project_id`) REFERENCES `projects` (`id`),
  CONSTRAINT `fk_rails_f35d21dd46` FOREIGN KEY (`map_id`) REFERENCES `maps` (`id`)
) ENGINE=InnoDB AUTO_INCREMENT=1521 DEFAULT CHARSET=utf8;
/*!40101 SET character_set_client = @saved_cs_client */;

--
-- Dumping data for table `seats`
--

LOCK TABLES `seats` WRITE;
/*!40000 ALTER TABLE `seats` DISABLE KEYS */;
INSERT INTO `seats` VALUES (1131,5,'1',3,'2019-02-14',15,'1_4',1,'2018-12-26 14:33:13','2019-02-14 23:09:24'),(1132,5,'2',3,'2019-02-14',15,'1_5',1,'2018-12-26 14:33:17','2019-02-14 23:09:24'),(1133,5,'3',3,'2019-02-14',15,'1_7',1,'2018-12-26 14:33:23','2019-02-14 23:09:24'),(1134,5,'4',3,'2019-02-14',15,'1_8',1,'2018-12-26 14:33:26','2019-02-14 23:09:24'),(1135,5,'13',1,NULL,15,'4_2',1,'2018-12-26 14:34:18','2019-02-07 22:26:09'),(1136,5,'14',1,'2019-02-11',15,'5_2',1,'2018-12-26 14:37:24','2019-02-11 13:06:45'),(1137,5,'15',1,NULL,15,'6_2',1,'2018-12-26 14:37:29','2019-02-07 23:06:27'),(1138,5,'16',1,NULL,15,'7_2',1,'2018-12-26 14:37:34','2019-02-07 17:06:29'),(1139,5,'17',1,NULL,15,'8_2',1,'2018-12-26 14:37:38','2019-02-07 22:26:17'),(1140,5,'18',3,'2019-02-14',15,'9_2',1,'2018-12-26 14:37:44','2019-02-14 23:09:24'),(1141,5,'19',3,'2019-02-14',15,'10_2',1,'2018-12-26 14:37:49','2019-02-14 23:09:24'),(1142,5,'20',3,'2019-02-14',15,'11_2',1,'2018-12-26 14:37:53','2019-02-14 23:09:24'),(1143,5,'21',3,'2019-02-14',15,'11_3',1,'2018-12-26 14:38:03','2019-02-14 23:09:24'),(1144,5,'22',3,'2019-02-14',15,'10_3',1,'2018-12-26 14:38:06','2019-02-14 23:09:24'),(1145,5,'23',3,'2019-02-14',15,'9_3',1,'2018-12-26 14:38:10','2019-02-14 23:09:24'),(1146,5,'24',1,NULL,15,'8_3',1,'2018-12-26 14:38:13','2019-01-17 22:40:06'),(1147,5,'25',3,'2019-02-14',15,'7_3',1,'2018-12-26 14:38:18','2019-02-14 23:09:24'),(1148,5,'26',3,'2019-02-14',15,'6_3',1,'2018-12-26 14:38:21','2019-02-14 23:09:24'),(1149,5,'27',3,'2019-02-14',15,'5_3',1,'2018-12-26 14:38:25','2019-02-14 23:09:24'),(1150,5,'28',3,'2019-02-14',15,'4_3',1,'2018-12-26 14:38:31','2019-02-14 23:09:24'),(1151,5,'29',3,'2019-02-14',15,'3_5',1,'2018-12-26 14:38:37','2019-02-14 23:09:24'),(1152,5,'30',3,'2019-02-14',15,'4_5',1,'2018-12-26 14:38:41','2019-02-14 23:09:24'),(1153,5,'31',1,NULL,15,'7_5',0,'2018-12-26 14:38:46','2018-12-26 14:38:46'),(1154,5,'32',1,NULL,15,'8_5',0,'2018-12-26 14:38:49','2018-12-26 14:38:49'),(1155,5,'33',1,NULL,15,'9_5',0,'2018-12-26 14:38:53','2018-12-26 14:38:53'),(1156,5,'34',1,NULL,15,'10_5',0,'2018-12-26 14:38:56','2018-12-26 14:38:56'),(1157,5,'35',1,NULL,15,'11_5',0,'2018-12-26 14:39:00','2018-12-26 14:39:00'),(1158,5,'42',1,NULL,15,'3_6',0,'2018-12-26 14:39:08','2018-12-26 14:39:08'),(1159,5,'41',1,NULL,15,'4_6',1,'2018-12-26 14:39:12','2019-01-11 19:22:50'),(1160,5,'40',1,NULL,15,'7_6',0,'2018-12-26 14:39:19','2018-12-26 14:39:19'),(1161,5,'39',1,NULL,15,'8_6',0,'2018-12-26 14:39:31','2018-12-26 14:39:31'),(1162,5,'38',1,NULL,15,'9_6',0,'2018-12-26 14:39:38','2018-12-26 14:39:38'),(1163,5,'37',1,NULL,15,'10_6',0,'2018-12-26 14:39:43','2018-12-26 14:39:43'),(1164,5,'36',1,NULL,15,'11_6',0,'2018-12-26 14:39:48','2018-12-26 14:39:48'),(1165,5,'43',1,NULL,15,'3_8',0,'2018-12-26 14:39:53','2018-12-26 14:39:53'),(1166,5,'44',1,NULL,15,'3_9',0,'2018-12-26 14:39:57','2018-12-26 14:39:57'),(1167,4,'5',1,'2019-02-15',14,'1_4',0,'2018-12-26 14:40:11','2019-02-15 12:48:22'),(1168,4,'6',1,'2019-02-15',14,'1_5',0,'2018-12-26 14:40:15','2019-02-15 13:19:07'),(1169,4,'7',1,'2019-02-15',14,'1_7',1,'2018-12-26 14:40:18','2019-02-15 12:47:58'),(1170,4,'8',1,'2019-02-15',14,'1_8',0,'2018-12-26 14:40:25','2019-02-15 13:28:54'),(1171,4,'45',3,'2019-02-14',14,'3_5',1,'2018-12-26 14:40:32','2019-02-14 23:09:24'),(1172,4,'46',3,'2019-02-14',14,'4_5',1,'2018-12-26 14:40:36','2019-02-14 23:09:24'),(1173,4,'47',1,NULL,14,'5_5',0,'2018-12-26 14:40:42','2018-12-26 14:40:42'),(1174,4,'48',1,'2019-02-15',14,'6_5',0,'2018-12-26 14:40:47','2019-02-15 13:42:44'),(1175,4,'52',1,'2019-02-15',14,'3_6',0,'2018-12-26 14:40:53','2019-02-15 14:52:10'),(1176,4,'49',1,'2019-02-15',14,'6_6',1,'2018-12-26 14:40:56','2019-02-15 13:16:57'),(1177,4,'50',1,'2019-02-15',14,'5_6',0,'2018-12-26 14:41:00','2019-02-15 14:18:19'),(1178,4,'51',1,NULL,14,'4_6',0,'2018-12-26 14:41:04','2018-12-26 14:41:04'),(1179,4,'53',1,'2019-02-15',14,'3_8',0,'2018-12-26 14:41:14','2019-02-15 13:00:00'),(1180,4,'54',1,'2018-12-26',14,'4_8',0,'2018-12-26 14:41:19','2018-12-26 20:20:26'),(1181,4,'55',1,NULL,14,'5_8',0,'2018-12-26 14:41:22','2019-02-13 14:42:07'),(1182,4,'56',1,NULL,14,'6_8',0,'2018-12-26 14:41:25','2018-12-26 14:41:25'),(1183,4,'57',1,'2019-02-15',14,'7_8',0,'2018-12-26 14:41:30','2019-02-15 15:11:00'),(1184,4,'58',1,'2019-02-14',14,'8_8',0,'2018-12-26 14:41:34','2019-02-14 17:14:16'),(1185,4,'63',1,'2019-02-14',14,'8_9',0,'2018-12-26 14:41:48','2019-02-14 17:12:46'),(1186,4,'64',1,'2019-02-15',14,'7_9',0,'2018-12-26 14:41:54','2019-02-15 15:12:09'),(1187,4,'65',1,NULL,14,'6_9',0,'2018-12-26 14:41:57','2018-12-26 14:41:57'),(1188,4,'66',1,NULL,14,'5_9',0,'2018-12-26 14:42:01','2019-01-24 23:35:34'),(1189,4,'67',1,'2019-02-15',14,'4_9',0,'2018-12-26 14:42:04','2019-02-15 14:56:36'),(1190,4,'68',1,'2019-02-15',14,'3_9',0,'2018-12-26 14:42:09','2019-02-15 14:18:48'),(1191,4,'69',1,'2019-01-24',14,'4_12',0,'2018-12-26 14:42:19','2019-01-24 23:34:28'),(1192,4,'70',1,NULL,14,'5_12',0,'2018-12-26 14:42:24','2018-12-26 14:42:24'),(1193,4,'71',1,NULL,14,'6_12',0,'2018-12-26 14:42:30','2018-12-26 14:42:30'),(1194,4,'72',1,NULL,14,'7_12',0,'2018-12-26 14:42:38','2018-12-26 14:42:38'),(1195,4,'73',1,NULL,14,'8_12',0,'2018-12-26 14:42:42','2018-12-26 14:42:42'),(1196,4,'74',1,NULL,14,'9_12',0,'2018-12-26 14:42:46','2018-12-26 14:42:46'),(1197,4,'75',1,'2019-02-15',14,'10_12',1,'2018-12-26 14:42:49','2019-02-15 14:24:53'),(1198,4,'76',1,NULL,14,'11_12',1,'2018-12-26 14:42:52','2019-02-08 13:23:37'),(1199,4,'77',1,'2019-02-12',14,'11_13',0,'2018-12-26 14:43:03','2019-02-12 21:38:54'),(1200,4,'78',1,NULL,14,'10_13',1,'2018-12-26 14:43:08','2019-02-08 13:23:51'),(1201,4,'79',1,'2019-02-08',14,'9_13',0,'2018-12-26 14:43:11','2019-02-08 13:27:13'),(1202,4,'80',1,NULL,14,'8_13',0,'2018-12-26 14:43:14','2018-12-26 14:43:14'),(1203,4,'81',1,NULL,14,'7_13',0,'2018-12-26 14:43:17','2018-12-26 14:43:17'),(1204,4,'82',3,'2019-02-14',14,'6_13',1,'2018-12-26 14:43:21','2019-02-14 23:09:24'),(1205,4,'83',3,'2019-02-14',14,'5_13',1,'2018-12-26 14:43:25','2019-02-14 23:09:24'),(1206,4,'84',3,'2019-02-14',14,'4_13',1,'2018-12-26 14:43:29','2019-02-14 23:09:24'),(1207,11,'9',1,'2019-02-15',18,'1_4',1,'2018-12-26 14:45:29','2019-02-15 12:44:33'),(1208,11,'10',1,'2019-02-15',18,'1_5',0,'2018-12-26 14:45:33','2019-02-15 12:46:03'),(1209,11,'11',1,'2019-02-15',18,'1_7',0,'2018-12-26 14:45:35','2019-02-15 12:30:53'),(1210,11,'12',1,'2019-02-15',18,'1_8',0,'2018-12-26 14:45:38','2019-02-15 12:19:59'),(1211,11,'85',1,'2019-02-15',18,'3_2',0,'2018-12-26 14:45:49','2019-02-15 14:21:09'),(1212,11,'86',1,'2019-02-15',18,'3_3',0,'2018-12-26 14:45:53','2019-02-15 12:53:24'),(1213,11,'87',1,'2019-02-14',18,'3_4',0,'2018-12-26 14:45:57','2019-02-14 13:14:11'),(1214,11,'88',1,'2019-02-15',18,'3_5',0,'2018-12-26 14:45:59','2019-02-15 16:12:47'),(1215,11,'89',1,'2019-02-15',18,'3_6',0,'2018-12-26 14:46:02','2019-02-15 13:15:20'),(1216,11,'90',1,'2019-02-15',18,'3_7',0,'2018-12-26 14:46:05','2019-02-15 12:40:05'),(1217,11,'91',1,'2019-02-15',18,'3_8',0,'2018-12-26 14:46:11','2019-02-15 12:02:06'),(1218,11,'92',1,'2019-02-15',18,'4_8',0,'2018-12-26 14:46:28','2019-02-15 12:23:14'),(1219,11,'93',1,'2019-02-15',18,'4_7',0,'2018-12-26 14:46:32','2019-02-15 12:39:35'),(1220,11,'94',1,'2019-02-15',18,'4_3',0,'2018-12-26 14:46:36','2019-02-15 12:09:16'),(1221,11,'95',1,'2019-02-15',18,'4_2',0,'2018-12-26 14:46:40','2019-02-15 12:40:47'),(1222,11,'96',1,'2019-02-15',18,'6_2',0,'2018-12-26 14:46:46','2019-02-15 12:55:54'),(1223,11,'105',1,'2019-02-15',18,'7_2',0,'2018-12-26 14:46:51','2019-02-15 13:49:56'),(1224,11,'106',1,'2019-02-15',18,'9_2',0,'2018-12-26 14:46:59','2019-02-15 13:01:05'),(1225,11,'119',1,'2019-02-15',18,'10_2',0,'2018-12-26 14:47:04','2019-02-15 12:34:32'),(1226,11,'97',1,'2019-02-15',18,'6_3',0,'2018-12-26 14:47:29','2019-02-15 12:43:24'),(1227,11,'98',1,'2019-02-15',18,'6_4',0,'2018-12-26 14:47:33','2019-02-15 12:41:15'),(1228,11,'99',1,'2019-02-15',18,'6_7',0,'2018-12-26 14:47:37','2019-02-15 13:12:04'),(1229,11,'100',1,'2019-02-15',18,'6_8',0,'2018-12-26 14:47:43','2019-02-15 13:05:30'),(1230,11,'101',1,'2019-02-15',18,'7_8',0,'2018-12-26 14:47:47','2019-02-15 13:13:50'),(1231,11,'102',1,'2019-02-15',18,'7_7',0,'2018-12-26 14:47:52','2019-02-15 12:50:19'),(1232,11,'103',1,'2019-02-13',18,'7_4',0,'2018-12-26 14:47:57','2019-02-13 13:07:45'),(1233,11,'104',1,'2019-02-12',18,'7_3',0,'2018-12-26 14:48:02','2019-02-12 13:56:39'),(1234,11,'107',1,'2019-02-15',18,'9_3',1,'2018-12-26 14:48:08','2019-02-15 13:50:34'),(1235,11,'108',1,'2019-02-13',18,'9_4',0,'2018-12-26 14:48:13','2019-02-13 13:19:05'),(1236,11,'109',1,NULL,18,'9_5',1,'2018-12-26 14:48:17','2019-02-08 15:05:21'),(1237,11,'110',1,'2019-02-15',18,'9_6',0,'2018-12-26 14:48:20','2019-02-15 13:30:58'),(1238,11,'111',1,'2019-02-15',18,'9_7',0,'2018-12-26 14:48:23','2019-02-15 13:20:03'),(1239,11,'112',1,'2019-02-15',18,'9_8',0,'2018-12-26 14:48:26','2019-02-15 13:14:16'),(1240,11,'113',1,'2019-02-15',18,'10_8',0,'2018-12-26 14:48:30','2019-02-15 12:30:15'),(1241,11,'114',1,'2019-02-12',18,'10_7',0,'2018-12-26 14:48:34','2019-02-12 13:08:30'),(1242,11,'115',1,NULL,18,'10_6',0,'2018-12-26 14:48:37','2019-02-12 13:18:55'),(1243,11,'116',1,NULL,18,'10_5',1,'2018-12-26 14:48:42','2019-02-14 13:41:09'),(1244,11,'117',1,'2019-02-15',18,'10_4',0,'2018-12-26 14:48:46','2019-02-15 13:47:59'),(1245,11,'118',1,'2019-02-15',18,'10_3',0,'2018-12-26 14:48:51','2019-02-15 13:23:14'),(1246,2,'59',1,'2019-02-15',12,'2_53',1,'2018-12-26 14:57:29','2019-02-15 13:16:29'),(1247,2,'62',1,'2019-02-12',12,'2_54',1,'2018-12-26 14:57:33','2019-02-12 13:28:19'),(1248,2,'60',3,'2019-02-14',12,'3_53',1,'2018-12-26 14:57:38','2019-02-14 23:09:27'),(1249,2,'61',3,'2019-02-14',12,'3_54',1,'2018-12-26 14:57:42','2019-02-14 23:09:27'),(1250,2,'179',3,'2019-02-14',12,'5_43',1,'2018-12-26 14:58:11','2019-02-14 23:09:26'),(1251,2,'178',3,'2019-02-14',12,'6_43',1,'2018-12-26 14:58:17','2019-02-14 23:09:26'),(1252,2,'177',3,'2019-02-14',12,'9_43',1,'2018-12-26 14:58:24','2019-02-14 23:09:26'),(1253,2,'174',3,'2019-02-14',12,'5_44',1,'2018-12-26 14:58:29','2019-02-14 23:09:26'),(1254,2,'175',3,'2019-02-14',12,'6_44',1,'2018-12-26 14:58:36','2019-02-14 23:09:26'),(1255,2,'176',3,'2019-02-14',12,'9_44',1,'2018-12-26 14:58:41','2019-02-14 23:09:26'),(1256,2,'169',1,'2019-02-15',12,'9_46',1,'2018-12-26 14:58:52','2019-02-15 15:50:50'),(1257,2,'170',3,'2019-02-14',12,'8_46',1,'2018-12-26 14:58:57','2019-02-14 23:09:26'),(1258,2,'171',3,'2019-02-14',12,'7_46',1,'2018-12-26 14:59:02','2019-02-14 23:09:26'),(1259,2,'172',3,'2019-02-14',12,'6_46',1,'2018-12-26 14:59:08','2019-02-14 23:09:26'),(1260,2,'173',3,'2019-02-14',12,'5_46',1,'2018-12-26 14:59:13','2019-02-14 23:09:26'),(1261,2,'168',3,'2019-02-14',12,'9_47',1,'2018-12-26 14:59:20','2019-02-14 23:09:26'),(1262,2,'167',3,'2019-02-14',12,'8_47',1,'2018-12-26 14:59:32','2019-02-14 23:09:26'),(1263,2,'166',3,'2019-02-14',12,'7_47',1,'2018-12-26 14:59:39','2019-02-14 23:09:26'),(1264,2,'165',3,'2019-02-14',12,'6_47',1,'2018-12-26 14:59:46','2019-02-14 23:09:26'),(1265,2,'164',3,'2019-02-14',12,'5_47',1,'2018-12-26 14:59:56','2019-02-14 23:09:26'),(1266,2,'156',3,'2019-02-14',12,'5_50',1,'2018-12-26 15:00:06','2019-02-14 23:09:26'),(1267,2,'157',3,'2019-02-14',12,'6_50',1,'2018-12-26 15:00:10','2019-02-14 23:09:26'),(1268,2,'158',3,'2019-02-14',12,'9_50',1,'2018-12-26 15:00:16','2019-02-14 23:09:26'),(1269,2,'159',3,'2019-02-14',12,'10_50',1,'2018-12-26 15:00:22','2019-02-14 23:09:26'),(1270,2,'160',3,'2019-02-14',12,'10_49',1,'2018-12-26 15:00:28','2019-02-14 23:09:26'),(1271,2,'161',3,'2019-02-14',12,'9_49',1,'2018-12-26 15:00:33','2019-02-14 23:09:26'),(1272,2,'162',3,'2019-02-14',12,'6_49',1,'2018-12-26 15:00:39','2019-02-14 23:09:26'),(1273,2,'163',3,'2019-02-14',12,'5_49',1,'2018-12-26 15:00:48','2019-02-14 23:09:26'),(1274,2,'148',3,'2019-02-14',12,'5_53',1,'2018-12-26 15:01:05','2019-02-14 23:09:26'),(1275,2,'149',3,'2019-02-14',12,'6_53',1,'2018-12-26 15:01:09','2019-02-14 23:09:26'),(1276,2,'150',3,'2019-02-14',12,'7_53',1,'2018-12-26 15:01:14','2019-02-14 23:09:26'),(1277,2,'151',3,'2019-02-14',12,'8_53',1,'2018-12-26 15:01:19','2019-02-14 23:09:26'),(1278,2,'152',3,'2019-02-14',12,'8_52',1,'2018-12-26 15:01:24','2019-02-14 23:09:26'),(1279,2,'153',3,'2019-02-14',12,'7_52',1,'2018-12-26 15:01:27','2019-02-14 23:09:26'),(1280,2,'154',3,'2019-02-14',12,'6_52',1,'2018-12-26 15:01:31','2019-02-14 23:09:26'),(1281,2,'155',3,'2019-02-14',12,'5_52',1,'2018-12-26 15:01:35','2019-02-14 23:09:26'),(1282,2,'140',3,'2019-02-14',12,'5_56',1,'2018-12-26 15:01:47','2019-02-14 23:09:26'),(1283,2,'141',3,'2019-02-14',12,'6_56',1,'2018-12-26 15:01:52','2019-02-14 23:09:26'),(1284,2,'142',3,'2019-02-14',12,'7_56',1,'2018-12-26 15:01:58','2019-02-14 23:09:26'),(1285,2,'143',3,'2019-02-14',12,'8_56',1,'2018-12-26 15:02:03','2019-02-14 23:09:26'),(1286,2,'144',3,'2019-02-14',12,'8_55',1,'2018-12-26 15:02:09','2019-02-14 23:09:26'),(1287,2,'145',3,'2019-02-14',12,'7_55',1,'2018-12-26 15:02:16','2019-02-14 23:09:26'),(1288,2,'146',3,'2019-02-14',12,'6_55',1,'2018-12-26 15:02:22','2019-02-14 23:09:26'),(1289,2,'147',3,'2019-02-14',12,'5_55',1,'2018-12-26 15:02:32','2019-02-14 23:09:26'),(1290,2,'128',3,'2019-02-14',12,'5_59',1,'2018-12-26 15:02:45','2019-02-14 23:09:25'),(1291,2,'129',3,'2019-02-14',12,'6_59',1,'2018-12-26 15:02:50','2019-02-14 23:09:25'),(1292,2,'130',3,'2019-02-14',12,'7_59',1,'2018-12-26 15:02:55','2019-02-14 23:09:26'),(1293,2,'131',1,NULL,12,'8_59',1,'2018-12-26 15:02:59','2019-02-07 22:25:39'),(1294,2,'132',1,NULL,12,'9_59',1,'2018-12-26 15:03:06','2019-01-17 22:40:08'),(1295,2,'133',3,'2019-02-14',12,'10_59',1,'2018-12-26 15:03:10','2019-02-14 23:09:26'),(1296,2,'134',3,'2019-02-14',12,'10_58',1,'2018-12-26 15:03:17','2019-02-14 23:09:26'),(1297,2,'135',3,'2019-02-14',12,'9_58',1,'2018-12-26 15:03:22','2019-02-14 23:09:26'),(1298,2,'136',3,'2019-02-14',12,'8_58',1,'2018-12-26 15:03:26','2019-02-14 23:09:26'),(1299,2,'137',3,'2019-02-14',12,'7_58',1,'2018-12-26 15:03:30','2019-02-14 23:09:26'),(1300,2,'138',3,'2019-02-14',12,'6_58',1,'2018-12-26 15:03:34','2019-02-14 23:09:26'),(1301,2,'139',3,'2019-02-14',12,'5_58',1,'2018-12-26 15:03:45','2019-02-14 23:09:26'),(1302,2,'127',3,'2019-02-14',12,'5_61',1,'2018-12-26 15:04:13','2019-02-14 23:09:25'),(1303,2,'126',3,'2019-02-14',12,'6_61',1,'2018-12-26 15:04:17','2019-02-14 23:09:25'),(1304,2,'125',3,'2019-02-14',12,'9_61',1,'2018-12-26 15:05:05','2019-02-14 23:09:25'),(1305,2,'124',3,'2019-02-14',12,'10_61',1,'2018-12-26 15:05:12','2019-02-14 23:09:25'),(1306,2,'123',3,'2019-02-14',12,'10_62',1,'2018-12-26 15:05:20','2019-02-14 23:09:25'),(1307,2,'122',3,'2019-02-14',12,'9_62',1,'2018-12-26 15:05:24','2019-02-14 23:09:25'),(1308,2,'121',3,'2019-02-14',12,'6_62',1,'2018-12-26 15:05:29','2019-02-14 23:09:25'),(1309,2,'120',3,'2019-02-14',12,'5_62',1,'2018-12-26 15:05:33','2019-02-14 23:09:25'),(1310,2,'180',3,'2019-02-14',12,'5_41',1,'2018-12-26 15:06:19','2019-02-14 23:09:26'),(1311,2,'181',3,'2019-02-14',12,'6_41',1,'2018-12-26 15:06:23','2019-02-14 23:09:26'),(1312,2,'182',3,'2019-02-14',12,'7_41',1,'2018-12-26 15:06:27','2019-02-14 23:09:26'),(1313,2,'183',3,'2019-02-14',12,'8_41',1,'2018-12-26 15:06:32','2019-02-14 23:09:26'),(1314,2,'184',3,'2019-02-14',12,'8_40',1,'2018-12-26 15:06:39','2019-02-14 23:09:26'),(1315,2,'185',3,'2019-02-14',12,'7_40',1,'2018-12-26 15:06:44','2019-02-14 23:09:26'),(1316,2,'186',3,'2019-02-14',12,'6_40',1,'2018-12-26 15:06:50','2019-02-14 23:09:26'),(1317,2,'187',3,'2019-02-14',12,'5_40',1,'2018-12-26 15:06:54','2019-02-14 23:09:26'),(1318,2,'188',1,'2019-02-15',12,'5_38',1,'2018-12-26 15:06:59','2019-02-15 11:30:17'),(1319,2,'197',3,'2019-02-14',12,'5_37',1,'2018-12-26 15:07:07','2019-02-14 23:09:26'),(1320,2,'198',3,'2019-02-14',12,'5_35',1,'2018-12-26 15:07:15','2019-02-14 23:09:26'),(1321,2,'205',3,'2019-02-14',12,'5_34',1,'2018-12-26 15:07:21','2019-02-14 23:09:26'),(1322,2,'206',3,'2019-02-14',12,'5_32',1,'2018-12-26 15:07:28','2019-02-14 23:09:26'),(1323,2,'211',3,'2019-02-14',12,'5_31',1,'2018-12-26 15:07:35','2019-02-14 23:09:26'),(1324,2,'212',3,'2019-02-14',12,'5_29',1,'2018-12-26 15:07:51','2019-02-14 23:09:26'),(1325,2,'220',3,'2019-02-14',12,'5_28',1,'2018-12-26 15:07:58','2019-02-14 23:09:26'),(1326,2,'221',3,'2019-02-14',12,'5_26',1,'2018-12-26 15:08:02','2019-02-14 23:09:26'),(1327,2,'230',3,'2019-02-14',12,'5_25',1,'2018-12-26 15:08:08','2019-02-14 23:09:26'),(1328,2,'231',3,'2019-02-14',12,'5_23',1,'2018-12-26 15:08:12','2019-02-14 23:09:26'),(1329,2,'236',3,'2019-02-14',12,'5_22',1,'2018-12-26 15:08:18','2019-02-14 23:09:26'),(1330,2,'237',1,'2019-02-14',12,'5_20',0,'2018-12-26 15:08:23','2019-02-14 20:44:23'),(1331,2,'246',3,'2019-02-14',12,'5_19',1,'2018-12-26 15:08:29','2019-02-14 23:09:26'),(1332,2,'247',3,'2019-02-14',12,'5_17',1,'2018-12-26 15:08:34','2019-02-14 23:09:26'),(1333,2,'255',1,'2019-02-12',12,'5_16',1,'2018-12-26 15:08:41','2019-02-12 12:52:36'),(1334,2,'256',1,'2019-02-11',12,'5_14',1,'2018-12-26 15:08:45','2019-02-11 11:47:13'),(1335,2,'261',1,NULL,12,'5_13',0,'2018-12-26 15:08:51','2018-12-26 15:08:51'),(1336,2,'189',1,'2019-02-08',12,'6_38',0,'2018-12-26 15:09:00','2019-02-08 12:04:26'),(1337,2,'190',1,NULL,12,'7_38',0,'2018-12-26 15:09:05','2018-12-26 15:09:05'),(1338,2,'191',1,NULL,12,'8_38',0,'2018-12-26 15:09:09','2018-12-26 15:09:09'),(1339,2,'192',1,NULL,12,'9_38',0,'2018-12-26 15:09:13','2018-12-26 15:09:13'),(1340,2,'193',1,NULL,12,'9_37',0,'2018-12-26 15:09:19','2018-12-26 15:09:19'),(1341,2,'194',1,NULL,12,'8_37',0,'2018-12-26 15:09:24','2018-12-26 15:09:24'),(1342,2,'195',1,NULL,12,'7_37',0,'2018-12-26 15:09:27','2018-12-26 15:09:27'),(1343,2,'196',1,'2019-02-12',12,'6_37',0,'2018-12-26 15:09:36','2019-02-12 18:20:40'),(1344,2,'199',1,'2019-02-15',12,'6_35',0,'2018-12-26 15:09:42','2019-02-15 12:16:24'),(1345,2,'200',1,'2019-02-11',12,'7_35',0,'2018-12-26 15:09:46','2019-02-11 13:22:28'),(1346,2,'201',1,'2019-02-14',12,'8_35',0,'2018-12-26 15:09:50','2019-02-14 13:40:47'),(1347,2,'202',1,NULL,12,'8_34',0,'2018-12-26 15:09:57','2018-12-26 15:09:57'),(1348,2,'203',1,'2019-02-08',12,'7_34',0,'2018-12-26 15:10:02','2019-02-08 17:34:08'),(1349,2,'204',1,'2019-02-13',12,'6_34',0,'2018-12-26 15:10:06','2019-02-13 19:20:05'),(1350,2,'207',1,NULL,12,'8_32',0,'2018-12-26 15:10:12','2018-12-26 15:10:12'),(1351,2,'208',1,'2019-02-13',12,'9_32',0,'2018-12-26 15:10:16','2019-02-13 11:41:35'),(1352,2,'209',1,NULL,12,'9_31',0,'2018-12-26 15:10:20','2019-02-15 19:21:40'),(1353,2,'210',1,NULL,12,'8_31',0,'2018-12-26 15:10:24','2019-02-08 14:34:32'),(1354,2,'213',1,'2019-02-12',12,'6_29',1,'2018-12-26 15:10:28','2019-02-12 13:06:31'),(1355,2,'214',1,'2019-02-15',12,'7_29',1,'2018-12-26 15:10:32','2019-02-15 15:45:46'),(1356,2,'215',1,'2019-02-15',12,'8_29',0,'2018-12-26 15:10:36','2019-02-15 15:45:06'),(1357,2,'216',1,'2019-02-15',12,'9_29',0,'2018-12-26 15:10:40','2019-02-15 13:56:47'),(1358,2,'217',1,'2019-02-14',12,'8_28',1,'2018-12-26 15:10:46','2019-02-14 13:35:03'),(1359,2,'218',1,'2019-02-15',12,'7_28',1,'2018-12-26 15:11:03','2019-02-15 12:32:22'),(1360,2,'219',1,'2019-02-15',12,'6_28',1,'2018-12-26 15:11:07','2019-02-15 12:21:14'),(1361,2,'222',1,'2019-02-14',12,'6_26',0,'2018-12-26 15:11:14','2019-02-14 12:55:36'),(1362,2,'223',1,'2019-02-08',12,'7_26',0,'2018-12-26 15:11:26','2019-02-08 14:14:49'),(1363,2,'224',1,'2019-02-15',12,'8_26',0,'2018-12-26 15:29:17','2019-02-15 13:14:58'),(1364,2,'225',1,'2019-02-15',12,'9_26',0,'2018-12-26 15:29:21','2019-02-15 12:43:48'),(1365,2,'226',1,'2019-02-15',12,'9_25',0,'2018-12-26 15:29:25','2019-02-15 12:14:06'),(1366,2,'227',1,'2019-02-15',12,'8_25',1,'2018-12-26 15:29:29','2019-02-15 16:42:35'),(1367,2,'228',1,'2019-02-11',12,'7_25',0,'2018-12-26 15:29:33','2019-02-11 13:04:16'),(1368,2,'229',1,'2019-02-11',12,'6_25',1,'2018-12-26 15:29:37','2019-02-11 12:37:26'),(1369,2,'232',1,'2019-02-08',12,'6_23',0,'2018-12-26 15:29:43','2019-02-08 14:21:16'),(1370,2,'233',3,'2019-02-14',12,'9_23',1,'2018-12-26 15:30:03','2019-02-14 23:09:26'),(1371,2,'234',3,'2019-02-14',12,'9_22',1,'2018-12-26 15:30:24','2019-02-14 23:09:26'),(1372,2,'235',1,'2019-02-15',12,'6_22',0,'2018-12-26 15:30:28','2019-02-15 17:50:43'),(1373,2,'238',1,'2019-02-08',12,'6_20',0,'2018-12-26 15:32:27','2019-02-08 14:23:28'),(1374,2,'239',1,'2019-02-08',12,'7_20',0,'2018-12-26 15:32:31','2019-02-08 13:51:39'),(1375,2,'240',1,'2019-02-13',12,'8_20',0,'2018-12-26 15:32:35','2019-02-13 13:14:34'),(1376,2,'241',3,'2019-02-14',12,'9_20',1,'2018-12-26 15:32:39','2019-02-14 23:09:26'),(1377,2,'242',1,NULL,12,'9_19',0,'2018-12-26 15:32:45','2019-02-12 13:24:25'),(1378,2,'243',1,'2019-02-12',12,'8_19',1,'2018-12-26 15:32:49','2019-02-12 13:00:55'),(1379,2,'244',1,'2019-02-15',12,'7_19',0,'2018-12-26 15:32:52','2019-02-15 16:36:53'),(1380,2,'245',1,NULL,12,'6_19',0,'2018-12-26 15:32:59','2018-12-26 15:32:59'),(1381,2,'248',1,'2019-02-11',12,'6_17',0,'2018-12-26 15:33:04','2019-02-11 13:30:54'),(1382,2,'249',1,NULL,12,'7_17',0,'2018-12-26 15:33:07','2019-02-08 17:52:00'),(1383,2,'250',1,'2019-02-08',12,'8_17',0,'2018-12-26 15:33:16','2019-02-08 17:51:23'),(1384,2,'251',1,NULL,12,'9_16',0,'2018-12-26 15:33:22','2019-02-13 13:18:04'),(1385,2,'252',1,'2019-02-08',12,'8_16',0,'2018-12-26 15:33:27','2019-02-08 17:56:50'),(1386,2,'253',1,'2019-02-15',12,'7_16',0,'2018-12-26 15:33:30','2019-02-15 13:12:33'),(1387,2,'254',1,'2019-02-15',12,'6_16',0,'2018-12-26 15:33:34','2019-02-15 13:30:28'),(1388,2,'257',1,'2019-02-08',12,'8_14',0,'2018-12-26 15:33:40','2019-02-08 17:57:34'),(1389,2,'258',1,'2019-02-08',12,'9_14',0,'2018-12-26 15:33:44','2019-02-08 14:20:26'),(1390,2,'259',1,'2019-02-08',12,'9_13',0,'2018-12-26 15:33:48','2019-02-08 22:17:47'),(1391,2,'260',1,'2019-02-08',12,'8_13',0,'2018-12-26 15:33:54','2019-02-08 17:58:20'),(1392,2,'277',1,'2019-02-11',12,'3_7',0,'2018-12-26 15:34:10','2019-02-11 13:16:43'),(1393,2,'278',1,NULL,12,'3_6',0,'2018-12-26 15:34:15','2018-12-26 15:34:15'),(1394,2,'279',1,'2019-02-14',12,'3_5',0,'2018-12-26 15:34:20','2019-02-14 12:09:22'),(1395,2,'280',1,'2019-02-15',12,'3_4',0,'2018-12-26 15:34:24','2019-02-15 19:22:00'),(1396,2,'281',1,'2019-02-13',12,'3_3',0,'2018-12-26 15:34:28','2019-02-13 13:16:21'),(1397,2,'282',1,'2019-02-15',12,'3_2',0,'2018-12-26 15:34:32','2019-02-15 13:47:08'),(1398,2,'283',1,'2019-02-15',12,'2_2',0,'2018-12-26 15:34:38','2019-02-15 12:38:27'),(1399,2,'284',1,'2019-02-15',12,'2_3',0,'2018-12-26 15:34:43','2019-02-15 13:25:07'),(1400,2,'285',1,'2019-02-14',12,'2_4',0,'2018-12-26 15:34:47','2019-02-14 14:36:41'),(1401,2,'286',1,NULL,12,'2_6',0,'2018-12-26 15:34:51','2019-02-08 14:35:58'),(1402,2,'287',1,NULL,12,'2_7',0,'2018-12-26 15:34:56','2018-12-26 15:34:56'),(1403,1,'262',1,'2019-02-15',5,'5_3',0,'2018-12-26 15:35:14','2019-02-15 12:25:10'),(1404,1,'263',3,'2019-02-14',5,'5_2',1,'2018-12-26 15:35:19','2019-02-14 23:09:25'),(1405,1,'264',3,'2019-02-14',5,'5_1',1,'2018-12-26 15:35:26','2019-02-14 23:09:25'),(1406,1,'265',1,'2019-02-15',5,'4_1',0,'2018-12-26 15:35:31','2019-02-15 11:55:17'),(1407,1,'266',1,'2019-02-15',5,'4_2',0,'2018-12-26 15:35:36','2019-02-15 12:51:35'),(1408,1,'267',1,'2019-02-15',5,'4_3',0,'2018-12-26 15:35:40','2019-02-15 13:22:50'),(1409,1,'268',3,'2019-02-14',5,'4_4',1,'2018-12-26 15:35:46','2019-02-14 23:09:25'),(1410,1,'269',1,'2019-02-15',5,'2_6',0,'2018-12-26 15:35:52','2019-02-15 13:20:22'),(1411,1,'270',1,'2019-02-15',5,'2_5',0,'2018-12-26 15:35:57','2019-02-15 11:54:27'),(1412,1,'271',1,'2019-02-15',5,'2_4',0,'2018-12-26 15:36:03','2019-02-15 11:55:35'),(1413,1,'272',1,'2019-02-15',5,'2_3',0,'2018-12-26 15:36:10','2019-02-15 11:54:51'),(1414,1,'276',1,'2019-02-15',5,'1_6',0,'2018-12-26 15:36:16','2019-02-15 14:10:21'),(1415,1,'275',1,'2019-02-15',5,'1_5',0,'2018-12-26 15:36:29','2019-02-15 13:04:49'),(1416,1,'274',1,'2019-02-15',5,'1_4',0,'2018-12-26 15:36:33','2019-02-15 13:27:49'),(1417,1,'273',1,'2019-02-15',5,'1_3',0,'2018-12-26 15:36:37','2019-02-15 12:53:56'),(1418,3,'288',1,NULL,13,'31_8',1,'2018-12-26 15:38:20','2019-01-17 22:40:06'),(1419,3,'289',1,NULL,13,'31_7',1,'2018-12-26 15:38:24','2019-01-17 22:40:06'),(1420,3,'290',1,NULL,13,'31_6',1,'2018-12-26 15:38:27','2019-01-17 22:40:06'),(1421,3,'291',1,NULL,13,'31_5',1,'2018-12-26 15:38:31','2019-01-17 22:40:07'),(1422,3,'292',1,NULL,13,'31_4',1,'2018-12-26 15:38:35','2019-01-17 22:40:07'),(1423,3,'293',1,NULL,13,'31_3',1,'2018-12-26 15:38:39','2019-01-17 22:40:07'),(1424,3,'294',1,NULL,13,'31_2',1,'2018-12-26 15:38:45','2019-01-17 22:40:07'),(1425,3,'295',1,NULL,13,'30_2',1,'2018-12-26 15:38:52','2019-01-17 22:40:07'),(1426,3,'296',1,NULL,13,'30_3',1,'2018-12-26 15:38:57','2019-01-17 22:40:07'),(1427,3,'297',1,NULL,13,'30_4',1,'2018-12-26 15:39:02','2019-01-17 22:40:07'),(1428,3,'298',1,NULL,13,'30_5',1,'2018-12-26 15:39:08','2019-01-17 22:40:07'),(1429,3,'299',1,NULL,13,'30_6',1,'2018-12-26 15:39:13','2019-01-17 22:40:07'),(1430,3,'300',1,NULL,13,'30_7',1,'2018-12-26 15:39:16','2019-01-17 22:40:07'),(1431,3,'301',1,NULL,13,'30_8',1,'2018-12-26 15:39:21','2019-01-17 22:40:07'),(1432,3,'302',1,NULL,13,'28_8',1,'2018-12-26 15:39:27','2019-01-17 22:40:07'),(1433,3,'311',1,NULL,13,'27_8',1,'2018-12-26 15:39:32','2019-01-17 22:40:07'),(1434,3,'312',3,'2019-02-14',13,'25_8',1,'2018-12-26 15:39:37','2019-02-14 23:09:25'),(1435,3,'321',3,'2019-02-14',13,'24_8',1,'2018-12-26 15:39:42','2019-02-14 23:09:25'),(1436,3,'320',3,'2019-02-14',13,'24_7',1,'2018-12-26 15:39:50','2019-02-14 23:09:25'),(1437,3,'319',3,'2019-02-14',13,'24_4',1,'2018-12-26 15:39:54','2019-02-14 23:09:25'),(1438,3,'318',1,NULL,13,'24_3',1,'2018-12-26 15:40:01','2019-01-17 22:40:07'),(1439,3,'317',3,'2019-02-14',13,'24_2',1,'2018-12-26 15:40:06','2019-02-14 23:09:25'),(1440,3,'316',3,'2019-02-14',13,'25_2',1,'2018-12-26 15:40:09','2019-02-14 23:09:25'),(1441,3,'315',3,'2019-02-14',13,'25_3',1,'2018-12-26 15:40:15','2019-02-14 23:09:25'),(1442,3,'314',1,NULL,13,'25_4',1,'2018-12-26 15:40:24','2019-01-17 22:40:07'),(1443,3,'313',3,'2019-02-14',13,'25_7',1,'2018-12-26 15:40:28','2019-02-14 23:09:25'),(1444,3,'310',1,NULL,13,'27_7',1,'2018-12-26 15:40:35','2019-01-17 22:40:07'),(1445,3,'309',1,NULL,13,'27_6',1,'2018-12-26 15:40:39','2019-01-17 22:40:07'),(1446,3,'308',1,NULL,13,'27_3',1,'2018-12-26 15:40:43','2019-01-17 22:40:07'),(1447,3,'307',1,NULL,13,'27_2',1,'2018-12-26 15:40:48','2019-01-17 22:40:07'),(1448,3,'306',1,NULL,13,'28_2',1,'2018-12-26 15:40:51','2019-01-17 22:40:07'),(1449,3,'305',1,NULL,13,'28_3',1,'2018-12-26 15:40:55','2019-01-17 22:40:07'),(1450,3,'304',1,NULL,13,'28_6',1,'2018-12-26 15:41:00','2019-01-17 22:40:07'),(1451,3,'303',1,NULL,13,'28_7',1,'2018-12-26 15:41:04','2019-01-17 22:40:07'),(1452,3,'330',1,NULL,13,'15_8',1,'2018-12-26 15:41:38','2019-01-17 22:40:07'),(1453,3,'337',3,'2019-02-14',13,'14_8',1,'2018-12-26 15:41:49','2019-02-14 23:09:25'),(1454,3,'338',3,'2019-02-14',13,'12_8',1,'2018-12-26 15:41:55','2019-02-14 23:09:25'),(1455,3,'351',3,'2019-02-14',13,'11_8',1,'2018-12-26 15:42:00','2019-02-14 23:09:25'),(1456,3,'352',1,NULL,13,'9_8',1,'2018-12-26 15:42:05','2019-01-17 22:40:07'),(1457,3,'359',3,'2019-02-14',13,'8_8',1,'2018-12-26 15:42:12','2019-02-14 23:09:25'),(1458,3,'360',1,NULL,13,'6_8',1,'2018-12-26 15:42:18','2019-01-17 22:40:07'),(1459,3,'373',1,NULL,13,'5_8',1,'2018-12-26 15:42:24','2019-01-17 22:40:07'),(1460,3,'374',3,'2019-02-14',13,'3_8',1,'2018-12-26 15:42:31','2019-02-14 23:09:25'),(1461,3,'381',3,'2019-02-14',13,'2_8',1,'2018-12-26 15:42:36','2019-02-14 23:09:25'),(1462,3,'331',1,NULL,13,'15_7',1,'2018-12-26 15:44:50','2019-01-17 22:40:07'),(1463,3,'332',1,NULL,13,'15_6',1,'2018-12-26 15:44:53','2019-01-17 22:40:07'),(1464,3,'333',1,NULL,13,'15_5',1,'2018-12-26 15:44:56','2019-01-17 22:40:07'),(1465,3,'334',3,'2019-02-14',13,'14_5',1,'2018-12-26 15:44:59','2019-02-14 23:09:25'),(1466,3,'335',3,'2019-02-14',13,'14_6',1,'2018-12-26 15:45:05','2019-02-14 23:09:25'),(1467,3,'336',1,NULL,13,'14_7',1,'2018-12-26 15:45:09','2019-01-17 22:40:07'),(1468,3,'339',3,'2019-02-14',13,'12_7',1,'2018-12-26 15:45:13','2019-02-14 23:09:25'),(1469,3,'340',3,'2019-02-14',13,'12_6',1,'2018-12-26 15:45:18','2019-02-14 23:09:25'),(1470,3,'341',3,'2019-02-14',13,'12_5',1,'2018-12-26 15:45:22','2019-02-14 23:09:25'),(1471,3,'342',3,'2019-02-14',13,'12_4',1,'2018-12-26 15:45:27','2019-02-14 23:09:25'),(1472,3,'343',1,NULL,13,'12_3',1,'2018-12-26 15:45:31','2019-01-17 22:40:07'),(1473,3,'344',3,'2019-02-14',13,'12_2',1,'2018-12-26 15:45:35','2019-02-14 23:09:25'),(1474,3,'345',3,'2019-02-14',13,'11_2',1,'2018-12-26 15:45:39','2019-02-14 23:09:25'),(1475,3,'346',3,'2019-02-14',13,'11_3',1,'2018-12-26 15:45:46','2019-02-14 23:09:25'),(1476,3,'348',3,'2019-02-14',13,'11_5',1,'2018-12-26 15:45:51','2019-02-14 23:09:25'),(1477,3,'347',3,'2019-02-14',13,'11_4',1,'2018-12-26 15:46:01','2019-02-14 23:09:25'),(1478,3,'349',3,'2019-02-14',13,'11_6',1,'2018-12-26 15:46:09','2019-02-14 23:09:25'),(1479,3,'350',3,'2019-02-14',13,'11_7',1,'2018-12-26 15:46:13','2019-02-14 23:09:25'),(1480,3,'353',3,'2019-02-14',13,'9_7',1,'2018-12-26 15:46:18','2019-02-14 23:09:25'),(1481,3,'354',3,'2019-02-14',13,'9_6',1,'2018-12-26 15:46:22','2019-02-14 23:09:25'),(1482,3,'355',3,'2019-02-14',13,'9_5',1,'2018-12-26 15:46:26','2019-02-14 23:09:25'),(1483,3,'356',1,NULL,13,'9_4',0,'2018-12-26 15:46:30','2018-12-26 15:46:30'),(1484,3,'357',3,'2019-02-14',13,'8_6',1,'2018-12-26 15:46:37','2019-02-14 23:09:25'),(1485,3,'358',1,NULL,13,'8_7',0,'2018-12-26 15:46:41','2018-12-26 15:46:41'),(1486,3,'361',3,'2019-02-14',13,'6_7',1,'2018-12-26 15:46:46','2019-02-14 23:09:25'),(1487,3,'362',1,NULL,13,'6_6',1,'2018-12-26 15:46:50','2019-01-26 00:06:21'),(1488,3,'363',3,'2019-02-14',13,'6_5',1,'2018-12-26 15:46:55','2019-02-14 23:09:25'),(1489,3,'364',3,'2019-02-14',13,'6_4',1,'2018-12-26 15:46:59','2019-02-14 23:09:25'),(1490,3,'365',3,'2019-02-14',13,'6_3',1,'2018-12-26 15:47:03','2019-02-14 23:09:25'),(1491,3,'366',1,NULL,13,'6_2',1,'2018-12-26 15:47:07','2019-02-07 17:06:30'),(1492,3,'367',3,'2019-02-14',13,'5_2',1,'2018-12-26 15:47:12','2019-02-14 23:09:25'),(1493,3,'368',3,'2019-02-14',13,'5_3',1,'2018-12-26 15:47:16','2019-02-14 23:09:25'),(1494,3,'369',3,'2019-02-14',13,'5_4',1,'2018-12-26 15:47:22','2019-02-14 23:09:25'),(1495,3,'370',3,'2019-02-14',13,'5_5',1,'2018-12-26 15:47:26','2019-02-14 23:09:25'),(1496,3,'372',1,NULL,13,'5_7',0,'2018-12-26 15:47:32','2018-12-26 15:47:42'),(1497,3,'371',3,'2019-02-14',13,'5_6',1,'2018-12-26 15:47:48','2019-02-14 23:09:25'),(1498,3,'375',3,'2019-02-14',13,'3_7',1,'2018-12-26 15:47:55','2019-02-14 23:09:25'),(1499,3,'376',3,'2019-02-14',13,'3_4',1,'2018-12-26 15:48:01','2019-02-14 23:09:25'),(1500,3,'377',3,'2019-02-14',13,'3_3',1,'2018-12-26 15:48:05','2019-02-14 23:09:25'),(1501,3,'378',3,'2019-02-14',13,'2_3',1,'2018-12-26 15:48:10','2019-02-14 23:09:25'),(1502,3,'379',3,'2019-02-14',13,'2_4',1,'2018-12-26 15:48:14','2019-02-14 23:09:25'),(1503,3,'380',3,'2019-02-14',13,'2_7',1,'2018-12-26 15:48:18','2019-02-14 23:09:25'),(1504,6,'328',1,'2019-02-13',17,'2_2',0,'2018-12-26 15:49:21','2019-02-13 16:30:41'),(1505,6,'329',1,'2019-02-08',17,'2_3',0,'2018-12-26 15:49:25','2019-02-08 17:50:27'),(1506,6,'327',1,NULL,17,'3_2',0,'2018-12-26 15:49:30','2019-02-08 22:56:24'),(1507,6,'326',1,NULL,17,'3_3',0,'2018-12-26 15:49:36','2018-12-26 15:49:36'),(1508,6,'325',1,NULL,17,'5_3',0,'2018-12-26 15:49:42','2018-12-26 15:49:42'),(1509,6,'322',1,'2019-02-13',17,'6_3',0,'2018-12-26 15:49:47','2019-02-13 16:31:25'),(1510,6,'323',1,'2019-02-08',17,'6_2',0,'2018-12-26 15:49:52','2019-02-08 17:53:10'),(1511,6,'324',1,'2019-02-08',17,'5_2',0,'2018-12-26 15:49:57','2019-02-08 22:56:40'),(1512,7,'382',1,'2019-02-11',16,'1_2',0,'2018-12-26 15:51:18','2019-02-11 13:23:27'),(1513,7,'386',1,'2019-02-08',16,'3_2',0,'2018-12-26 15:51:26','2019-02-08 12:51:41'),(1514,7,'387',1,'2019-02-08',16,'3_3',0,'2018-12-26 15:51:32','2019-02-08 12:45:07'),(1515,7,'389',1,'2019-02-08',16,'4_2',0,'2018-12-26 15:51:39','2019-02-08 13:10:32'),(1516,7,'388',1,'2019-02-11',16,'4_3',0,'2018-12-26 15:51:47','2019-02-11 13:28:13'),(1517,7,'390',1,NULL,16,'6_2',1,'2018-12-26 15:51:53','2019-01-25 17:25:34'),(1518,7,'391',1,NULL,16,'6_3',1,'2018-12-26 15:51:58','2019-01-25 17:25:39'),(1519,7,'392',1,NULL,16,'6_4',1,'2018-12-26 15:52:05','2019-01-25 17:25:45'),(1520,7,'393',1,NULL,16,'6_5',1,'2018-12-26 15:52:17','2019-01-25 17:25:50');
/*!40000 ALTER TABLE `seats` ENABLE KEYS */;
UNLOCK TABLES;

--
-- Table structure for table `sessions`
--

DROP TABLE IF EXISTS `sessions`;
/*!40101 SET @saved_cs_client     = @@character_set_client */;
/*!40101 SET character_set_client = utf8 */;
CREATE TABLE `sessions` (
  `id` bigint(20) NOT NULL AUTO_INCREMENT,
  `session_id` varchar(255) NOT NULL,
  `data` text,
  `created_at` datetime NOT NULL,
  `updated_at` datetime NOT NULL,
  PRIMARY KEY (`id`),
  UNIQUE KEY `index_sessions_on_session_id` (`session_id`),
  KEY `index_sessions_on_updated_at` (`updated_at`)
) ENGINE=InnoDB AUTO_INCREMENT=1593 DEFAULT CHARSET=utf8;
/*!40101 SET character_set_client = @saved_cs_client */;

--
-- Dumping data for table `sessions`
--

LOCK TABLES `sessions` WRITE;
/*!40000 ALTER TABLE `sessions` DISABLE KEYS */;
INSERT INTO `sessions` VALUES (4,'ed8b7b347fdef6de5fc10b5c0a489086','BAh7BkkiEF9jc3JmX3Rva2VuBjoGRUZJIjFuMldrb2lYbXdaN0lSNXdYUHUr\nSDFJYmNTNFg0QlR2QXVvOU9kMituSjQwPQY7AEY=\n','2019-01-17 13:27:35','2019-01-17 13:27:35'),(7,'75855555d94c2f4bca7b61d36254f276','BAh7BkkiEF9jc3JmX3Rva2VuBjoGRUZJIjFKTFhNTFpiZHJjVS9tWEJqeitD\nWExXVDErb3RrWEhkNzg5Vkxhb3VzUnFRPQY7AEY=\n','2019-01-17 17:49:32','2019-01-17 17:49:32'),(9,'48881d76c8bdecb264b5d0ab8aed6e09','BAh7B0kiE3VzZXJfcmV0dXJuX3RvBjoGRVRJIhAvZ2VuZXJhbG1hcAY7AFRJ\nIgpmbGFzaAY7AFR7B0kiDGRpc2NhcmQGOwBUWwBJIgxmbGFzaGVzBjsAVHsG\nSSIKYWxlcnQGOwBGSSI2WW91IG5lZWQgdG8gc2lnbiBpbiBvciBzaWduIHVw\nIGJlZm9yZSBjb250aW51aW5nLgY7AFQ=\n','2019-01-17 17:50:15','2019-01-17 17:50:15'),(10,'822fe256988e8c6bfc525ef83f7dc9bc','BAh7BkkiEF9jc3JmX3Rva2VuBjoGRUZJIjF0RWh2am5ISFBtN0tyUncrSXd4\nTFZDRStxdzRDNW5HNCtFQVJERU9BcHU0PQY7AEY=\n','2019-01-17 17:50:15','2019-01-17 17:50:15'),(12,'7fc0db48b4c6ec1c76a53283d454cc9d','BAh7BkkiEF9jc3JmX3Rva2VuBjoGRUZJIjFqZ3ZWUmRSTkJRU21sSjMxd1Nt\nUEFVWDFHZkNRR2RWKzQ4MjVKNVBoamd3PQY7AEY=\n','2019-01-17 17:50:56','2019-01-17 17:50:56'),(14,'5f74fcd50177f86a3f3adf4d95b81c12','BAh7B0kiE3VzZXJfcmV0dXJuX3RvBjoGRVRJIhAvZ2VuZXJhbG1hcAY7AFRJ\nIgpmbGFzaAY7AFR7B0kiDGRpc2NhcmQGOwBUWwBJIgxmbGFzaGVzBjsAVHsG\nSSIKYWxlcnQGOwBGSSI2WW91IG5lZWQgdG8gc2lnbiBpbiBvciBzaWduIHVw\nIGJlZm9yZSBjb250aW51aW5nLgY7AFQ=\n','2019-01-17 17:53:40','2019-01-17 17:53:40'),(15,'2ebfc66fa7096ee7949b66a00f799a4e','BAh7BkkiEF9jc3JmX3Rva2VuBjoGRUZJIjFpYWFiNjYrak1VVjFKSDVuNmVX\nK01FdGNEVnFIWGlDS01RRjdsS1I1My9rPQY7AEY=\n','2019-01-17 17:53:40','2019-01-17 17:53:40'),(19,'0c5cfbd9000f1b98b8ca387f5de90b37','BAh7BkkiEF9jc3JmX3Rva2VuBjoGRUZJIjExd2dRWER0bEtMekJiZTRUNjNZ\nS3owRlIxdFEzRnRrWFdCd3RtaGtXc0ZrPQY7AEY=\n','2019-01-17 17:56:38','2019-01-17 17:56:38'),(22,'afb6941049805c60b428a290125ef779','BAh7BkkiEF9jc3JmX3Rva2VuBjoGRUZJIjE4N2xTMWYzc1lvbGtKYmFtdXZK\nWk01dnZLTFBrWEhKWlhRS0d4Tzk3RFZZPQY7AEY=\n','2019-01-17 17:57:28','2019-01-17 17:57:28'),(25,'6bf9f962cb2bb5e399ad8482455d4d31','BAh7BkkiEF9jc3JmX3Rva2VuBjoGRUZJIjFISXN2R01DeWIzcmdXMFVyRVFt\nancvK3FVeXpPSS85R1hqWStNekpaQlFrPQY7AEY=\n','2019-01-17 18:00:39','2019-01-17 18:00:39'),(30,'f516c6bf907d5af4434712d99f6ac997','BAh7BkkiEF9jc3JmX3Rva2VuBjoGRUZJIjF3YU5KWk0xV0YwY0IyZlZ4NUxO\nR0xpTkRoSXNDWDdUMERNWk5OUlBjc3lrPQY7AEY=\n','2019-01-17 18:03:16','2019-01-17 18:03:16'),(32,'dd5ef638a9a7729d4669d8ba179edc1c','BAh7B0kiE3VzZXJfcmV0dXJuX3RvBjoGRVRJIhAvZ2VuZXJhbG1hcAY7AFRJ\nIgpmbGFzaAY7AFR7B0kiDGRpc2NhcmQGOwBUWwBJIgxmbGFzaGVzBjsAVHsG\nSSIKYWxlcnQGOwBGSSI2WW91IG5lZWQgdG8gc2lnbiBpbiBvciBzaWduIHVw\nIGJlZm9yZSBjb250aW51aW5nLgY7AFQ=\n','2019-01-17 18:04:28','2019-01-17 18:04:28'),(33,'1be6a96478b2bc4b354f43298820a575','BAh7BkkiEF9jc3JmX3Rva2VuBjoGRUZJIjFFOFQrbjhBeDJZNGlkYkRwVWlj\nTmttS0g5VjI1WS9oK2k2Q0pMZ1dpOHFjPQY7AEY=\n','2019-01-17 18:04:28','2019-01-17 18:04:28'),(34,'c7c27657ca288bc6df3303d41c4b61b0','BAh7BkkiEF9jc3JmX3Rva2VuBjoGRUZJIjE2MVp6TS9mMGM4d1NIWjNKOXVv\nTklidFVJOFN1UERzU1pEcWxlZWduVUxRPQY7AEY=\n','2019-01-17 18:58:08','2019-01-17 18:58:08'),(35,'1e79e34662e89b24c9860cad0d366201','BAh7BkkiEF9jc3JmX3Rva2VuBjoGRUZJIjFFc0JHVnpFQUZSUWMwKzAzNi9Y\nNW1tRnVDYTY2cUtJbXl2WHA5RktBT0RrPQY7AEY=\n','2019-01-17 18:58:08','2019-01-17 18:58:08'),(47,'889edbff5cc1e59c30285e6bc2c7fd43','BAh7BkkiEF9jc3JmX3Rva2VuBjoGRUZJIjFyTEp6eGtyckNidm9CZ0pJRzU4\neEgzekhXY3Zoc2xJdnZnRUxrWXZyR2hrPQY7AEY=\n','2019-01-17 20:27:21','2019-01-17 20:27:21'),(48,'0ea6218f26498d411c935121cd1a0f91','BAh7BkkiEF9jc3JmX3Rva2VuBjoGRUZJIjFHaEdHemd3UE5yYzkwQXEzRnY1\nT2hWOGw0aksyVmp0QmdFMzRvWWl1cVZNPQY7AEY=\n','2019-01-17 20:28:06','2019-01-17 20:28:06'),(69,'07c0ca4b2046c6af4020ad55b1622790','BAh7CEkiGXdhcmRlbi51c2VyLnVzZXIua2V5BjoGRVRbB1sGaQZJIiIkMmEk\nMTEkSm5vUjlVd0Q4TjNFSHZPU0xlV05KTwY7AFRJIgtsb2NhbGUGOwBGOgdl\nbkkiEF9jc3JmX3Rva2VuBjsARkkiMVdUNUhiZTJCbmFrUk9WWUNJZmx3TGwr\nWTFKR1hoKzk1dFVGRndzbnZPdTQ9BjsARg==\n','2019-01-17 22:17:20','2019-01-17 22:40:09'),(76,'c388754ba9b713d8ba84a15539b0aea0','BAh7BkkiEF9jc3JmX3Rva2VuBjoGRUZJIjFrK2xueXVQL0pUMnlJUHR2Zndq\nTWhDYUhVS0pvOHBxdURySU5FSHYrVnNvPQY7AEY=\n','2019-01-17 23:48:03','2019-01-17 23:48:03'),(78,'056741891f804750beb0791834699048','BAh7CEkiGXdhcmRlbi51c2VyLnVzZXIua2V5BjoGRVRbB1sGaQZJIiIkMmEk\nMTEkSm5vUjlVd0Q4TjNFSHZPU0xlV05KTwY7AFRJIgtsb2NhbGUGOwBGOgdl\nbkkiEF9jc3JmX3Rva2VuBjsARkkiMU9pNytBOW43T3F6Z1pZNDBicWZVT2hL\nbncxWGlicThrYW1sU2NnOHNVUG89BjsARg==\n','2019-01-18 16:49:01','2019-01-18 16:49:01'),(80,'5b461c80812df422dfc39b84bdc25041','BAh7CkkiGXdhcmRlbi51c2VyLnVzZXIua2V5BjoGRVRbB1sGaWZJIiIkMmEk\nMTEkMWp3WmFGbkhzRHJmRklXbjZCWUJTZQY7AFRJIgtsb2NhbGUGOwBGOgdl\nbkkiEGVtcGxveWVlX2lkBjsARmllSSIPcHJvamVjdF9pZAY7AEZpBkkiEF9j\nc3JmX3Rva2VuBjsARkkiMUNyOFl4b2tXQzZsdDRhd1QvK0o3VWdaT2ZZNGhR\nSHBsTlNxT1hjRlpZazg9BjsARg==\n','2019-01-18 21:25:11','2019-01-18 21:26:59'),(86,'3aeae59fb57fc35fffe81446d3861eca','BAh7CkkiGXdhcmRlbi51c2VyLnVzZXIua2V5BjoGRVRbB1sGaWZJIiIkMmEk\nMTEkMWp3WmFGbkhzRHJmRklXbjZCWUJTZQY7AFRJIgtsb2NhbGUGOwBGOgdl\nc0kiEGVtcGxveWVlX2lkBjsARmllSSIPcHJvamVjdF9pZAY7AEZpBkkiEF9j\nc3JmX3Rva2VuBjsARkkiMXk4QTVzTzZoOGxWcFJsTjh2K0xUR2d2cGtFc2s2\nNXdSYmZmNUlReU5kQ3c9BjsARg==\n','2019-01-18 21:29:51','2019-01-18 21:29:51'),(90,'b368c52fdc3652edca91d26b7ed3d533','BAh7CEkiGXdhcmRlbi51c2VyLnVzZXIua2V5BjoGRVRbB1sGaQZJIiIkMmEk\nMTEkSm5vUjlVd0Q4TjNFSHZPU0xlV05KTwY7AFRJIgtsb2NhbGUGOwBGOgdl\nc0kiEF9jc3JmX3Rva2VuBjsARkkiMUpWeDI1RjBZd3RXcTdoMWludyt3QkUx\na2NCVHlCdzZodVM0aXdWaXpTWk09BjsARg==\n','2019-01-23 23:05:28','2019-01-23 23:05:28'),(91,'4d4f3c9380c201908d3581fcc4c904e1','BAh7BkkiEF9jc3JmX3Rva2VuBjoGRUZJIjExRjBzNUZEOWJYd1NkWHZaeWF6\nTENKMnFudVlpU09NV2lObVhpcUhFbW1RPQY7AEY=\n','2019-01-24 21:27:39','2019-01-24 21:27:39'),(127,'6b3d72281078ff6224623d9ca2114992','BAh7BkkiEF9jc3JmX3Rva2VuBjoGRUZJIjFndnREVUxFYkRXLzVPekQ2OExW\nMWQ1elFhMENydjdzZ1dydFh2c3ptS3FVPQY7AEY=\n','2019-01-24 23:46:03','2019-01-24 23:46:03'),(137,'f1ca643b2178f3c34785be5d6d3e3b70','BAh7BkkiEF9jc3JmX3Rva2VuBjoGRUZJIjFKaUtjOVdWRkt5SHNmVEV6UnlU\nbGlGUVNsT0FkZ3lOcWdyczdsMXBNU3k0PQY7AEY=\n','2019-01-25 13:04:57','2019-01-25 13:04:57'),(164,'eed5afa777ac82d14ad9dbb825489eae','BAh7BkkiEF9jc3JmX3Rva2VuBjoGRUZJIjFuVk5SL2RqdVdJampYb0VBY0Zx\nVGd2K2p5dlF4OEJTZnVyeVFNS29DWHhzPQY7AEY=\n','2019-01-26 00:39:06','2019-01-26 00:39:06'),(171,'feaa51db257288f75b331fe514aee1ba','BAh7BkkiEF9jc3JmX3Rva2VuBjoGRUZJIjFQYUlMYW9FZXR3UjBsVHB4YWVr\nM21pZytBMUp5dmhuczJzMm1nQ2NvTjFFPQY7AEY=\n','2019-01-26 01:31:37','2019-01-26 01:31:37'),(172,'0f5cc59c4111a9f33d8aa74f8bf2e3c1','BAh7BkkiEF9jc3JmX3Rva2VuBjoGRUZJIjFpZmU0d3g2ZURESU9qRHJHbzV4\nRUtESVRIUzJidTVmaWJ0TUxLbURIb2VZPQY7AEY=\n','2019-01-30 15:36:32','2019-01-30 15:36:33'),(175,'fd5c348a2d8c89edbec89bb8f862f6ec','BAh7BkkiEF9jc3JmX3Rva2VuBjoGRUZJIjEzdUVNRkVpbHRuY1ZGQ0I0c1hl\nVVowcTNzZjUraE5scENOM0RuUFU2NzhVPQY7AEY=\n','2019-01-30 15:40:13','2019-01-30 15:40:13'),(176,'c865f28765fc792a84209c2578d679f4','BAh7BkkiEF9jc3JmX3Rva2VuBjoGRUZJIjFWK29DandoZUZsODFJTHVwRGFr\nNlpVZ21CZ1hyR0JtU0pPLzJNbmJONUQ0PQY7AEY=\n','2019-01-31 20:18:51','2019-01-31 20:18:51'),(179,'d06673abecf2f00844f7ad3f3345705a','BAh7BkkiEF9jc3JmX3Rva2VuBjoGRUZJIjE4d01OQlpTUW0wdHF4b3VKNzky\nUnczWnJIQ2lDRE1uMXRBREFBNTR4c2pjPQY7AEY=\n','2019-02-01 16:33:21','2019-02-01 16:33:21'),(180,'ae9d2b4dd7f56084584ff4ccf1514ade','BAh7BkkiEF9jc3JmX3Rva2VuBjoGRUZJIjFLYkNMdE5KNTkyUXNTS1AzQWpI\nQ2ppY0Z3R0RLQ0VPYjgrVzliaVlNUmxZPQY7AEY=\n','2019-02-01 17:30:00','2019-02-01 17:30:00'),(183,'282db1513d84bdfdf7c19baf21ea38e3','BAh7BkkiEF9jc3JmX3Rva2VuBjoGRUZJIjFIckFEYUhlOFJFbTNxT2ozbTR1\nRkRmOXlibU5mK1psbHdPTHdacDY1TUlvPQY7AEY=\n','2019-02-05 23:21:10','2019-02-05 23:21:11'),(194,'f5f8a43b8e9f7b8e9f8f66dbf32883d9','BAh7BkkiEF9jc3JmX3Rva2VuBjoGRUZJIjFVdEdUNkJNVjdKdW5OWmorbXJv\nbGRFTmtwZHp5UzRxRXpaTnZ5dFdjNUE0PQY7AEY=\n','2019-02-07 13:56:58','2019-02-07 13:56:58'),(197,'14a771f532789fbd4b62217ee9766aba','BAh7CEkiGXdhcmRlbi51c2VyLnVzZXIua2V5BjoGRVRbB1sGaQZJIiIkMmEk\nMTEkSm5vUjlVd0Q4TjNFSHZPU0xlV05KTwY7AFRJIgtsb2NhbGUGOwBGOgdl\nc0kiEF9jc3JmX3Rva2VuBjsARkkiMTJra1lsbU94ZXczbG9iVjJIQmREYTFN\nRUZnY0RnaUFqTGhUZ0szT21nUDg9BjsARg==\n','2019-02-07 17:05:30','2019-02-07 17:45:10'),(198,'41fa7985b5d2ce426224f48b42c46c57','BAh7BkkiEF9jc3JmX3Rva2VuBjoGRUZJIjFpTXJPaWVya05NbU94RUpRbEFV\nUS91QjA3WW5adHZqOEh1Z3BpU1c4WGpFPQY7AEY=\n','2019-02-07 20:43:04','2019-02-07 20:43:04'),(200,'80377132cbb283abd88a68fad252d626','BAh7CEkiGXdhcmRlbi51c2VyLnVzZXIua2V5BjoGRVRbB1sGaQZJIiIkMmEk\nMTEkSm5vUjlVd0Q4TjNFSHZPU0xlV05KTwY7AFRJIgtsb2NhbGUGOwBGOgdl\nc0kiEF9jc3JmX3Rva2VuBjsARkkiMUdqbDJUeDdtQXN0aGxSVm9QR2pXakNG\nR0Y5MzBkaDJCeE4wUFhJRHlTY1k9BjsARg==\n','2019-02-07 22:06:09','2019-02-07 23:06:30'),(201,'2738c2a85d4588723860340f1fb14033','BAh7BkkiEF9jc3JmX3Rva2VuBjoGRUZJIjF4THpMVU9lTkZSVGFxQ1pQNFdJ\neUk5czN5c3ljZis1WXVid0tRUUZuSzJBPQY7AEY=\n','2019-02-07 22:45:36','2019-02-07 22:45:36'),(202,'3f85d257d9c235bc11ed3f0a2e5c7bed','BAh7BkkiEF9jc3JmX3Rva2VuBjoGRUZJIjFvaHgvMDdPcExUbTdaZFRNcUVT\nN1pVdklCRjNFb29JOWY2aWt6SUlpN09jPQY7AEY=\n','2019-02-07 22:46:27','2019-02-07 22:46:27'),(711,'9441166ffa6d3eb0f2a7b078414e836f','BAh7BkkiEF9jc3JmX3Rva2VuBjoGRUZJIjFlTjFNZW4zR0RoVlU0Ym9QUGlG\nMlpzb1ZvbGFyMXkxZE1yUS8xZDRLMUJFPQY7AEY=\n','2019-02-09 00:38:24','2019-02-09 00:38:24'),(857,'064d1ca0b819c3c1245552881ff3115f','BAh7BkkiEF9jc3JmX3Rva2VuBjoGRUZJIjEzTlY4RU85SHNIMER1RzNMNUZ4\nSW1RbVAzeFd4bFJCVUFidHRmeEZlSURzPQY7AEY=\n','2019-02-11 14:05:20','2019-02-11 14:05:20'),(879,'bfa5ff87bc7e01c0e8fdc24bcc06b28a','BAh7BkkiEF9jc3JmX3Rva2VuBjoGRUZJIjEvYjJNajdRdEpPL3RVeFpXeUZI\neTFIUUtCTEdFTVJ0VEVZRm91S0lwK2hvPQY7AEY=\n','2019-02-11 20:32:01','2019-02-11 20:32:01'),(886,'ea0536fc5fee986abbd0b3f5c4d11ac9','BAh7BkkiEF9jc3JmX3Rva2VuBjoGRUZJIjF5bjFyL2JCNG1OOVhOOEk0Q1J0\nRlduSE44U3ZOV1V3dDdvOUNRb3J6RzhJPQY7AEY=\n','2019-02-11 23:43:48','2019-02-11 23:43:48'),(1059,'4071c90ef6485598e9cf2b09cc2ad5af','BAh7BkkiEF9jc3JmX3Rva2VuBjoGRUZJIjFOUGZuOEZ1dWVVR3g1dDVGRWRj\nc2h6RzFKVHJDcGNMWm5YMTducDdIbFRVPQY7AEY=\n','2019-02-12 14:19:45','2019-02-12 14:19:45'),(1548,'34d776318d1a5f003d5cd6f6dcea0bd9','BAh7BkkiEF9jc3JmX3Rva2VuBjoGRUZJIjEwMEJvZi9PdDB0RDFMNEJoejJI\nZUVscVJQLzBYcjFNQWw1UlgwODgyVmR3PQY7AEY=\n','2019-02-15 14:10:23','2019-02-15 14:10:23'),(1567,'a53a36eaa77757b7fa8d304a35f9c140','BAh7BkkiEF9jc3JmX3Rva2VuBjoGRUZJIjF5Y1ZtWjhKcTUvS0R3MkhwS0Fk\nY0pGc1NoUUYvZ2p4Ymg4V1V6M3Ztckt3PQY7AEY=\n','2019-02-15 15:31:22','2019-02-15 15:31:22'),(1568,'36dab9ef4202074eb71f517c3bc1ecef','BAh7BkkiEF9jc3JmX3Rva2VuBjoGRUZJIjF3MU9LZlpkUjNya1ViTGFrY1l1\nVXkrR3c2NUhJVkdGN2FYWWdiSGRTWWZjPQY7AEY=\n','2019-02-15 15:31:22','2019-02-15 15:31:22'),(1584,'e36ecc86fb724cdc788105c0dc8be9e3','BAh7CUkiE3VzZXJfcmV0dXJuX3RvBjoGRVRJIhMvbG9hZGVtcGxveWVlcwY7\nAFRJIhl3YXJkZW4udXNlci51c2VyLmtleQY7AFRbB1sGaQZJIiIkMmEkMTEk\nSm5vUjlVd0Q4TjNFSHZPU0xlV05KTwY7AFRJIgtsb2NhbGUGOwBGOgdlbkki\nEF9jc3JmX3Rva2VuBjsARkkiMUpCTzd1WitZd0txSUcvSERneHBHcmJqc1ND\nUnY3dk80ZzNtSTZyOWx3MnM9BjsARg==\n','2019-02-15 17:33:17','2019-02-15 17:33:17'),(1591,'421506c6f3f2ee8b37e8027f7dc21239','BAh7BkkiEF9jc3JmX3Rva2VuBjoGRUZJIjFUQ0d1VldEeDVrdGExQkRFOU9y\nWm1mbEgydE9POUxKSXpHcUUxZEFBMG9ZPQY7AEY=\n','2019-02-15 19:22:04','2019-02-15 19:22:04'),(1592,'dc5da58408a1d5e2cb49cca0eb8fb2d0','BAh7CUkiE3VzZXJfcmV0dXJuX3RvBjoGRVRJIhkvcmVwb3J0cy9hc3NpZ25t\nZW50cwY7AFRJIhl3YXJkZW4udXNlci51c2VyLmtleQY7AFRbB1sGaQZJIiIk\nMmEkMTEkSm5vUjlVd0Q4TjNFSHZPU0xlV05KTwY7AFRJIgtsb2NhbGUGOwBG\nOgdlbkkiEF9jc3JmX3Rva2VuBjsARkkiMWJKRVFDZDNoU1E4TDZlR05RcnRz\nakthLzZkamNUQnlxMmFJcUlsQS9GVDg9BjsARg==\n','2019-02-15 19:25:49','2019-02-15 19:25:49');
/*!40000 ALTER TABLE `sessions` ENABLE KEYS */;
UNLOCK TABLES;

--
-- Table structure for table `users`
--

DROP TABLE IF EXISTS `users`;
/*!40101 SET @saved_cs_client     = @@character_set_client */;
/*!40101 SET character_set_client = utf8 */;
CREATE TABLE `users` (
  `id` bigint(20) NOT NULL AUTO_INCREMENT,
  `employee_number` varchar(255) DEFAULT NULL,
  `password_digest` varchar(255) DEFAULT NULL,
  `created_at` datetime NOT NULL,
  `updated_at` datetime NOT NULL,
  `username` varchar(255) NOT NULL DEFAULT '',
  `encrypted_password` varchar(255) NOT NULL DEFAULT '',
  `reset_password_token` varchar(255) DEFAULT NULL,
  `reset_password_sent_at` datetime DEFAULT NULL,
  `remember_created_at` datetime DEFAULT NULL,
  `sign_in_count` int(11) NOT NULL DEFAULT '0',
  `current_sign_in_at` datetime DEFAULT NULL,
  `last_sign_in_at` datetime DEFAULT NULL,
  `current_sign_in_ip` varchar(255) DEFAULT NULL,
  `last_sign_in_ip` varchar(255) DEFAULT NULL,
  PRIMARY KEY (`id`),
  UNIQUE KEY `index_users_on_username` (`username`),
  UNIQUE KEY `index_users_on_employee_number` (`employee_number`),
  UNIQUE KEY `index_users_on_reset_password_token` (`reset_password_token`)
) ENGINE=InnoDB AUTO_INCREMENT=941 DEFAULT CHARSET=utf8;
/*!40101 SET character_set_client = @saved_cs_client */;

--
-- Dumping data for table `users`
--

LOCK TABLES `users` WRITE;
/*!40000 ALTER TABLE `users` DISABLE KEYS */;
INSERT INTO `users` VALUES (1,NULL,NULL,'2018-12-11 17:33:19','2019-02-15 19:25:49','admin','$2a$11$JnoR9UwD8N3EHvOSLeWNJOMcKbl4BS595fUaroAhxX7oEJPLSXjey',NULL,NULL,NULL,104,'2019-02-15 19:25:49','2019-02-15 17:33:17','10.101.84.108','10.101.84.108'),(2,NULL,NULL,'2018-12-11 17:33:19','2019-01-26 00:30:01','1111111','$2a$11$uLJYsgboIbWkaBoWFf8ey.KzI1L/teya6hNzXBT5v3vNMP.7gHJQu',NULL,NULL,NULL,0,'2018-12-14 22:23:51','2018-12-14 22:21:34','10.101.84.81','10.101.84.81'),(3,NULL,NULL,'2018-12-11 17:33:19','2019-01-26 00:30:02','2222222','$2a$11$P/LobGxhXrDjFGf9gZWDm.WIN/JMFUi.vR7jNEixiDqfKBvmLOiKm',NULL,NULL,NULL,0,NULL,NULL,NULL,NULL),(4,NULL,NULL,'2018-12-11 17:33:19','2019-01-26 00:30:02','3333333','$2a$11$QGKr9B6uv.lFh/FIW7hAhev9wtBwOf.kiRTTkiRFfwJiTlO9UQNbu',NULL,NULL,NULL,0,NULL,NULL,NULL,NULL),(5,NULL,NULL,'2018-12-11 17:33:19','2019-01-26 00:30:02','4444444','$2a$11$1Hiwd/fVXMJVRkygKHkxeeEhWWqcaKC0kYBMtPm91vNClCXaEGYMu',NULL,NULL,NULL,0,NULL,NULL,NULL,NULL),(91,NULL,NULL,'2018-12-11 17:46:40','2019-01-26 00:38:34','823773','$2a$11$w1GWdViTfJIaJbSdg/oF2Of562nt326uXUqLEiO9TH9P5NMoxPZGm',NULL,NULL,NULL,4,'2019-01-26 00:38:33','2019-01-26 00:38:24','10.101.84.88','10.101.84.88'),(92,NULL,NULL,'2018-12-11 17:46:40','2019-01-26 00:30:02','891541','$2a$11$WZ4sfWdVo.IKEgQkB5YZDe/xj45L/qnzXQk5d4QL8COE5dUnhIFdy',NULL,NULL,NULL,2,'2019-01-17 22:14:17','2019-01-17 22:12:59','10.101.128.96','10.101.128.96'),(93,NULL,NULL,'2018-12-11 17:46:40','2019-02-12 13:00:04','1220234','$2a$11$8L5KCtZ4HjA5zxWaGJUxKuTvKNtujDDJMN7u4hMU.FLolQV9jOgOK',NULL,NULL,NULL,2,'2019-02-12 13:00:04','2019-02-08 13:57:49','10.104.154.23','10.104.154.23'),(94,NULL,NULL,'2018-12-11 17:46:40','2019-02-15 16:36:33','1563056','$2a$11$0ocQqdukTQ.8LKDDEO64rOSZPNB2J2Mgb9RKoXYsB00oFbXqSQVQy',NULL,NULL,NULL,6,'2019-02-15 16:36:33','2019-02-13 13:43:07','10.104.154.23','10.104.154.23'),(95,NULL,NULL,'2018-12-11 17:46:40','2019-01-26 00:30:03','1537117','$2a$11$gNk8IW7xnwHztiyzCjF12.eym.e/4D1CXM1OnF44/677.wvKd7WAK',NULL,NULL,NULL,0,'2018-12-19 20:25:22','2018-12-19 20:03:42','10.101.84.84','10.101.84.84'),(96,NULL,NULL,'2018-12-11 17:47:21','2019-01-26 00:30:03','1048222','$2a$11$6cfBjyKpvFx/HX6t.8q9uOdrTE8zRGf5TOTs.DJnBnxNMJVxFxHaW',NULL,NULL,NULL,4,'2019-01-25 22:53:12','2019-01-25 12:39:44','10.104.155.141','10.104.154.32'),(97,NULL,NULL,'2018-12-11 17:47:21','2019-02-15 12:25:00','1304238','$2a$11$gR.80Ql9MmQffbk.xHnHkel1U0VWLCq9LVfjxT75gyGZkvKO4Bz/y',NULL,NULL,NULL,16,'2019-02-15 12:25:00','2019-02-14 12:42:32','10.104.154.23','10.104.154.23'),(98,NULL,NULL,'2018-12-11 17:47:21','2019-02-15 12:53:44','1384198','$2a$11$oi9tzZKBHyrgTFx1js/p5eB3mszn3sOmZwIU6c2J6gGTN/bnEx1IK',NULL,NULL,NULL,23,'2019-02-15 12:53:44','2019-02-15 12:51:48','10.104.154.23','10.104.154.23'),(99,NULL,NULL,'2018-12-11 17:47:21','2019-02-11 13:33:20','741605','$2a$11$KAK7cq9VUwKfjSPQZvLGuedwH5aT48F.qo5eC5PALNlzXzxG607Uy',NULL,NULL,NULL,4,'2019-02-11 13:33:20','2019-02-08 13:14:59','10.104.154.23','10.104.154.23'),(100,NULL,NULL,'2018-12-11 17:47:21','2019-02-08 12:05:56','1571452','$2a$11$vwM9l926KUwiUj6dBUrGAuoxaR0BwyX4AJPdib3T1F9owFg.DJo4e',NULL,NULL,NULL,4,'2019-02-08 12:05:56','2019-02-08 11:58:03','10.104.154.23','10.104.154.23'),(101,NULL,NULL,'2018-12-11 17:47:21','2019-02-15 12:51:13','1560763','$2a$11$UIvb3/UBLX6d2yzrKfrEw.VEbjNSLBbVhgbU.duOKXqya5WqNnpo6',NULL,NULL,NULL,9,'2019-02-15 12:51:13','2019-02-14 12:54:42','10.104.154.23','10.104.154.23'),(102,NULL,NULL,'2018-12-11 17:47:22','2019-01-26 00:30:04','1562211','$2a$11$OkVx3rVgqgIF3eEbNx3Rd.23EAZgySX15zXU3u6y7xs/6RE525ydm',NULL,NULL,NULL,2,'2019-01-11 21:04:46','2018-12-26 20:47:14','10.101.84.253','10.101.155.131'),(103,NULL,NULL,'2018-12-11 17:47:22','2019-01-26 00:30:04','1419749','$2a$11$hVSLPiRYoglX5idqMc4RsuJFZkjCCvccGTqZRlztm/QYltEcDbCjG',NULL,NULL,NULL,0,NULL,NULL,NULL,NULL),(104,NULL,NULL,'2018-12-11 17:47:22','2019-02-08 14:24:22','858973','$2a$11$cRKQyBXLMDv1cQto9j4T.ORf9bDxWGtSaSaQtk0kT7raYX0hYUXg2',NULL,NULL,NULL,1,'2019-02-08 14:24:19','2018-12-19 18:29:17','10.104.154.28','10.101.84.84'),(105,NULL,NULL,'2018-12-11 17:47:22','2019-02-15 11:54:41','1454083','$2a$11$BlZBfiFVpcaHz/qzL19SjuiNa7buV0lY1hU4mdDdPZhUFe0G.UA0u',NULL,NULL,NULL,6,'2019-02-15 11:54:40','2019-02-14 12:01:43','10.104.154.23','10.104.154.23'),(106,NULL,NULL,'2018-12-11 17:47:22','2019-02-15 13:05:57','1455711','$2a$11$yZNrML61IN1nqMrI82DqdeP0g2LaypHJwT3.xwMHNqPxyJYAlcNGS',NULL,NULL,NULL,13,'2019-02-15 13:05:57','2019-02-15 11:54:19','10.104.154.23','10.104.154.23'),(107,NULL,NULL,'2018-12-11 17:47:22','2019-01-26 00:30:05','1460041','$2a$11$Yq8WzjGZ1GRNi8ZslFl2veA/LoJAXI.oel9Xg7VR4Nf2NEK.aZ5Xu',NULL,NULL,NULL,7,'2019-01-17 20:27:00','2019-01-17 20:26:13','10.101.84.117','10.101.84.117'),(108,NULL,NULL,'2018-12-11 17:47:23','2019-01-26 00:30:05','1560764','$2a$11$jE5OduRhMQ85jG7shMaLjOuqzRVaZ8D2i0PqsSsfSjhaqj3cX3WFy',NULL,NULL,NULL,0,NULL,NULL,NULL,NULL),(109,NULL,NULL,'2018-12-11 17:47:23','2019-01-26 00:30:05','1450706','$2a$11$J711hmrc5PIrpDc8yoo18ee8sR6davEVFp8U1jzPUXFUxYFBaWsyS',NULL,NULL,NULL,0,NULL,NULL,NULL,NULL),(110,NULL,NULL,'2018-12-11 17:47:23','2019-02-08 14:51:53','1436448','$2a$11$UjJoBLGXIe1FpnHD1btIse5h9vEmQNFW95EwOMXEBkUkwwHKJV4NO',NULL,NULL,NULL,2,'2019-02-08 14:51:48','2019-01-25 18:29:07','10.104.154.23','10.104.155.141'),(111,NULL,NULL,'2018-12-13 16:19:42','2019-01-26 00:30:05','1343849','$2a$11$dj.UL/O93xpYKFfkYmoNKubOdnp2cWfb8JHeRLMbqn/0z95dBWVaO',NULL,NULL,NULL,7,'2018-12-26 20:46:58','2018-12-26 20:28:17','10.101.155.131','10.101.155.131'),(112,NULL,NULL,'2018-12-13 16:19:42','2019-01-26 00:30:05','1343984','$2a$11$1JqvTFrDqsIzoHIiUoYDFuAdxohXEB0E8NaWRCOy8sp6Aspv.0AdC',NULL,NULL,NULL,0,NULL,NULL,NULL,NULL),(113,NULL,NULL,'2018-12-13 16:19:42','2019-01-26 00:30:05','1462600','$2a$11$NAum.XyMjZJPfZPgYTdjTuqbxylqf/dK8i5F3nIYDXhFDxpvbBb.G',NULL,NULL,NULL,2,'2019-01-11 19:29:21','2019-01-11 19:27:04','10.101.128.96','10.101.128.96'),(114,NULL,NULL,'2018-12-13 16:19:42','2019-01-26 00:30:06','1528626','$2a$11$uszJj3Z7WouPyE91kmRszOBbYDgJ9PYp1EWn6K5nU3Qh3KkRtt3Ve',NULL,NULL,NULL,0,NULL,NULL,NULL,NULL),(115,NULL,NULL,'2018-12-13 16:19:43','2019-02-14 17:13:17','794526','$2a$11$9ol71/oOkbRA8y0/kAOmOekykPSo6ZCHVbOaH/h4NNVD.SjuS5Oei',NULL,NULL,NULL,3,'2019-02-14 17:13:13','2019-01-24 23:34:09','10.104.154.23','10.104.155.141'),(116,NULL,NULL,'2018-12-13 16:19:43','2019-01-26 00:30:06','1263223','$2a$11$PM4k4RAag.cdXOM7JJ6rheo9rrPs1/X7tq543hajCXRs0azGEk49a',NULL,NULL,NULL,5,'2019-01-24 23:33:29','2019-01-14 19:27:28','10.104.155.141','10.101.128.96'),(117,NULL,NULL,'2018-12-13 16:19:43','2019-01-26 00:30:06','1452222','$2a$11$NIx37WmrWVH/TgsJ3quASuDdK0b0zLvs35Y4.GtPRArV9vNabrjgm',NULL,NULL,NULL,1,'2019-01-14 17:58:07','2019-01-14 17:58:07','10.101.128.96','10.101.128.96'),(118,NULL,NULL,'2018-12-13 16:19:43','2019-01-26 00:30:06','1434181','$2a$11$qRNx6Zn1gH4H//ozN2WYouDwNL5xNz52O2KyAx1bkm60bq34zpI5e',NULL,NULL,NULL,0,NULL,NULL,NULL,NULL),(129,NULL,NULL,'2018-12-19 20:03:17','2019-02-15 13:15:08','852989','$2a$11$nfjD4/t85.801PvkDqcLROWurSFJHG1J8PUMRqj97ZNDVxvV0ofUu',NULL,NULL,NULL,9,'2019-02-15 13:15:08','2019-02-14 12:43:17','10.104.154.23','10.104.154.23'),(130,NULL,NULL,'2018-12-19 20:03:17','2019-01-26 00:30:06','862448','$2a$11$TK/tpR2qpB6EfbIW4w70g.1dBcpzNHSk0Q.sj66Mxu/zga/ZvkbtW',NULL,NULL,NULL,0,NULL,NULL,NULL,NULL),(484,NULL,NULL,'2018-12-26 17:06:37','2019-02-08 13:00:19','489034','$2a$11$8R9Tw7jZnHNTjSwDE5PZH.cQA.G1zGHXRS9v.zwAKa5/nLSY.uAZu',NULL,NULL,NULL,4,'2019-02-08 13:00:16','2019-01-24 23:35:50','10.104.154.23','10.104.155.141'),(485,NULL,NULL,'2018-12-26 17:06:37','2019-02-08 13:15:53','1329301','$2a$11$E./QwOWylyf6MQayhcg1i.iEWOO6WYrmpi3LJZUyYBKGpohf9EWZq',NULL,NULL,NULL,1,'2019-02-08 13:15:52','2019-02-08 13:15:52','10.104.154.23','10.104.154.23'),(486,NULL,NULL,'2018-12-26 17:06:37','2019-01-26 00:30:07','469124','$2a$11$4qG0XEBif7mksGlFIPliKe9oWXmPjtHbRlCHuv..J8FIzED8WFc.S',NULL,NULL,NULL,2,'2019-01-24 23:38:02','2018-12-26 20:16:58','10.104.155.141','10.101.155.131'),(487,NULL,NULL,'2018-12-26 17:06:37','2019-02-14 17:12:10','794527','$2a$11$NR0Sa4pNfwqMqLPyalSUeuQooHKB7FyV4.r/HhIHRQz912plDVTEW',NULL,NULL,NULL,2,'2019-02-14 17:12:05','2019-01-16 17:28:10','10.104.154.23','10.101.128.96'),(488,NULL,NULL,'2018-12-26 17:06:37','2019-01-26 00:30:07','806948','$2a$11$1LSLJdkw/mSXCtc.0M4gnu730xh4U3xTFYvUg9leKsScUHRMrDw2.',NULL,NULL,NULL,0,NULL,NULL,NULL,NULL),(489,NULL,NULL,'2018-12-26 17:06:37','2019-02-15 12:48:14','794552','$2a$11$EirfE0pJmIOvSSAIvEuj7u0xdW/zE2UmH9jsqqjHba7axh8/E.0NW',NULL,NULL,NULL,2,'2019-02-15 12:48:14','2019-02-14 17:13:50','10.104.154.23','10.104.154.23'),(490,NULL,NULL,'2018-12-26 17:06:38','2019-02-15 13:18:50','1408363','$2a$11$ABsvW6.J/zr3flfrj4t5L.RGy.vlOZcvcQQ8Gdi8GifAVeGmCM6Yq',NULL,NULL,NULL,6,'2019-02-15 13:18:50','2019-02-14 13:30:48','10.104.154.23','10.104.154.23'),(491,NULL,NULL,'2018-12-26 17:06:38','2019-01-26 00:30:08','687964','$2a$11$mOwDLeKcP0gHMt8cJcV2Ie3UuZhEBX/u3zLADsoEcg2OIcG/qKyd6',NULL,NULL,NULL,0,NULL,NULL,NULL,NULL),(492,NULL,NULL,'2018-12-26 17:06:38','2019-02-15 13:42:18','1314493','$2a$11$fnRMfqGJHu67EKP1RdqQRO.p.xXDbEvUGgeIbVSrgrs4LdgLD3rJy',NULL,NULL,NULL,7,'2019-02-15 13:42:18','2019-02-14 13:24:58','10.104.154.23','10.104.154.23'),(493,NULL,NULL,'2018-12-26 17:06:38','2019-02-15 14:51:32','818510','$2a$11$U9SkdKSklfq2wOjLzleOdOUW2XWp53Aa69/TYnSwjy4MnOCkoAnHm',NULL,NULL,NULL,4,'2019-02-15 14:51:32','2019-02-14 13:35:25','10.104.154.23','10.104.154.23'),(494,NULL,NULL,'2018-12-26 17:06:38','2019-01-26 00:30:08','968368','$2a$11$cc4OvCw5RIyIlKErozpA5e/dMxjQ0L43iRXkdCxtzJkDWUUbixXk2',NULL,NULL,NULL,0,NULL,NULL,NULL,NULL),(495,NULL,NULL,'2018-12-26 17:06:38','2019-02-11 13:02:24','1460038','$2a$11$ie8MGk2OGbZhn6SsL7Adp.KEehq9kmJfGnv6wQUboMARSJGe09sf.',NULL,NULL,NULL,2,'2019-02-11 13:02:24','2019-02-08 13:17:29','10.104.154.23','10.104.154.23'),(496,NULL,NULL,'2018-12-26 17:06:39','2019-02-15 14:18:42','855749','$2a$11$rWqYd.wtoD7y9PLAKwfUPuUyc770S.w9lezOLzx9Rg7nTZGBZoGke',NULL,NULL,NULL,8,'2019-02-15 14:18:42','2019-02-14 13:50:07','10.104.154.23','10.104.154.23'),(497,NULL,NULL,'2018-12-26 17:06:39','2019-02-15 13:50:12','1562248','$2a$11$R.XzlN842MB1l6Q9iLsDVO2lnOr/ZNjMkx6T9YoquQQrZrCmvEisu',NULL,NULL,NULL,5,'2019-02-15 13:50:12','2019-02-13 13:42:18','10.104.154.23','10.104.154.23'),(498,NULL,NULL,'2018-12-26 17:06:39','2019-01-26 00:30:09','570837','$2a$11$Kk.kX/0fVykEMmmwLuOI2uKaaHJn0sXIyevpv0ITyLza3YBmN0SGS',NULL,NULL,NULL,0,NULL,NULL,NULL,NULL),(499,NULL,NULL,'2018-12-26 17:06:39','2019-01-26 00:30:09','1056073','$2a$11$5/t3bq7UyuHH4IYusJVwn.lJnIjXyCQpSyz9jkfVoUMd9rMFTl6QO',NULL,NULL,NULL,0,NULL,NULL,NULL,NULL),(500,NULL,NULL,'2018-12-26 17:06:39','2019-01-26 00:30:09','834152','$2a$11$aa36tqQGokVyR.z5hGErTuPaDWyzICsl3qtdVnE6vcP87aSjCRRL2',NULL,NULL,NULL,0,NULL,NULL,NULL,NULL),(501,NULL,NULL,'2018-12-26 17:06:39','2019-01-26 00:30:09','1220917','$2a$11$9L5bpmwuI4hIFnFBwDlfD.SAC9K2MzUQ4zVWH4jmMSCiJ/Zmu61Q6',NULL,NULL,NULL,0,NULL,NULL,NULL,NULL),(502,NULL,NULL,'2018-12-26 17:06:40','2019-01-26 00:30:09','823778','$2a$11$OKtPYNJ8FAhT3QsrnslZguYcqPS2iH0MzsX/nsk.aMO0sgh2zfl4C',NULL,NULL,NULL,0,NULL,NULL,NULL,NULL),(503,NULL,NULL,'2018-12-26 17:06:40','2019-02-11 13:06:10','1562244','$2a$11$E1TrbtjOoBt3IS9a/qd8gOvA8v72clVRP.giNfVGHgZsMRFlUTjkS',NULL,NULL,NULL,2,'2019-02-11 13:06:10','2019-02-08 13:05:06','10.104.155.145','10.104.154.23'),(504,NULL,NULL,'2018-12-26 17:06:40','2019-02-15 14:56:12','889797','$2a$11$5jrdwd44nvGDyeBKlN55zujL/T0LoaGgED9RD.rsH5S84qhniXimm',NULL,NULL,NULL,4,'2019-02-15 14:56:12','2019-02-12 14:30:50','10.104.154.23','10.104.154.23'),(505,NULL,NULL,'2018-12-26 17:06:40','2019-02-15 16:12:22','816959','$2a$11$OZXa7Nb75IJJWCknuca5o.2OG.OdYNlaXzKtxbZ2DFkrI3uc2HCFq',NULL,NULL,NULL,5,'2019-02-15 16:12:22','2019-02-14 13:07:48','10.104.154.23','10.104.154.23'),(506,NULL,NULL,'2018-12-26 17:06:40','2019-01-26 00:30:10','729059','$2a$11$dDJbifdvWZ2P6yGpX9nfGuSeQVX8osvNumA60wIpF7PqEF6c9EML.',NULL,NULL,NULL,1,'2019-01-17 17:53:33','2019-01-17 17:53:33','10.101.84.253','10.101.84.253'),(507,NULL,NULL,'2018-12-26 17:06:40','2019-02-15 14:24:14','591082','$2a$11$C7TaaWJWGLCMtb4vBb2E..z5hEdiMngHSMUmztojaYsE2B9ekWOwW',NULL,NULL,NULL,1,'2019-02-15 14:24:06','2019-02-15 14:24:06','10.104.154.23','10.104.154.23'),(508,NULL,NULL,'2018-12-26 17:06:41','2019-01-26 00:30:10','739977','$2a$11$P2Rf3ZR4Wx3PtfdwYAhmEuA9EHO6SVS3y6fko2gmRDRqsw76deoQu',NULL,NULL,NULL,0,NULL,NULL,NULL,NULL),(509,NULL,NULL,'2018-12-26 17:06:41','2019-01-26 00:30:10','815839','$2a$11$JSGuYrm3Y5BH646YQwuBDOu22FHoUf5be/5RGwxviZbnPWBatMmfe',NULL,NULL,NULL,0,NULL,NULL,NULL,NULL),(510,NULL,NULL,'2018-12-26 17:06:41','2019-01-26 00:30:11','754651','$2a$11$zGRKD5W0HbBGAgfVXph8E.rWZvljlLkrCbAgF7A5IHCtMAqRvVY8K',NULL,NULL,NULL,0,NULL,NULL,NULL,NULL),(511,NULL,NULL,'2018-12-26 17:06:41','2019-01-26 00:30:11','1260491','$2a$11$RxELPjtD8SLE7MvqufnT6e.qfGS03Tpk1cb9oEy3fA/4nBDXH3LRu',NULL,NULL,NULL,0,NULL,NULL,NULL,NULL),(512,NULL,NULL,'2018-12-26 17:06:41','2019-01-26 00:30:11','151781','$2a$11$w8LeuPsUBZwlVT0ikQmFw.DyrpgLyoeZ99XMvzFyFr4DAb816/Ety',NULL,NULL,NULL,0,NULL,NULL,NULL,NULL),(513,NULL,NULL,'2018-12-26 17:06:41','2019-01-26 00:30:11','882879','$2a$11$chDAZrVzLUx85a6.7sbDFeaRoE40BWm0iv.5sXmGhqmqErgf1KSDO',NULL,NULL,NULL,0,NULL,NULL,NULL,NULL),(514,NULL,NULL,'2018-12-26 17:06:41','2019-02-14 13:40:06','1460483','$2a$11$gsn4OSBBfRpcddlu.OflI.tWtKUEKCUZwtU.P2S4H1N2UwttbTqka',NULL,NULL,NULL,5,'2019-02-14 13:40:06','2019-02-14 13:10:36','10.104.155.145','10.104.154.23'),(515,NULL,NULL,'2018-12-26 17:06:42','2019-02-15 13:30:46','1567462','$2a$11$TlD2VMsNKvid6kXDZJU9F.6v1lx5l0jg5C7OSQYjOpHVb1VDqJUM.',NULL,NULL,NULL,7,'2019-02-15 13:30:46','2019-02-14 13:03:16','10.104.154.23','10.104.154.23'),(516,NULL,NULL,'2018-12-26 17:06:42','2019-01-26 00:30:12','1268240','$2a$11$/BRvpn0IL7tWkhOJT8TipO0CQFSX4QVdf/0fUaIHdND3egtAHQxYe',NULL,NULL,NULL,0,NULL,NULL,NULL,NULL),(517,NULL,NULL,'2018-12-26 17:06:42','2019-01-26 00:30:12','1206853','$2a$11$3cBbFUIeIwZSSdvjYb/lr.o73Mo/zGkPCohLt9zk2cNQJn/ZUsu6G',NULL,NULL,NULL,0,NULL,NULL,NULL,NULL),(518,NULL,NULL,'2018-12-26 17:06:42','2019-02-15 12:47:34','807779','$2a$11$Ae3VrRQV78aAAHMwtoSj8eZnU6PAWQJRJ1Pn.jEW9llU39.UMPfwC',NULL,NULL,NULL,3,'2019-02-15 12:47:34','2019-02-12 12:32:54','10.104.154.23','10.104.154.23'),(519,NULL,NULL,'2018-12-26 17:06:42','2019-02-08 13:45:22','1571451','$2a$11$vXytpNQR5iWIgTvHH5FAAuEsaZsnNC8qZg4ZCLMskgt5R9f5OEyTu',NULL,NULL,NULL,2,'2019-02-08 13:45:20','2019-01-14 17:53:30','10.104.154.23','10.101.128.96'),(520,NULL,NULL,'2018-12-26 17:06:42','2019-01-26 00:30:12','1565980','$2a$11$d3urqbHrQM926ttmwfPPOuO4wyGr6zjTK6N8X0T1icfWgMLsK2W7W',NULL,NULL,NULL,1,'2019-01-16 17:51:29','2019-01-16 17:51:29','10.101.128.96','10.101.128.96'),(521,NULL,NULL,'2018-12-26 17:06:43','2019-01-26 00:30:12','1547499','$2a$11$e8bqkvRXmcTT6tSCNBziweJ26SOlO21G1SI6HhfvD8OCSV9d67Raq',NULL,NULL,NULL,0,NULL,NULL,NULL,NULL),(522,NULL,NULL,'2018-12-26 17:06:43','2019-02-08 12:38:20','1460040','$2a$11$tlWNBFMgHLen7Uz91tRMWulMvLsxBPPo3jyex3rhwArns.P4piW8i',NULL,NULL,NULL,1,'2019-02-08 12:38:18','2019-02-08 12:38:18','10.104.154.23','10.104.154.23'),(523,NULL,NULL,'2018-12-26 17:06:43','2019-01-26 00:30:13','1584935','$2a$11$EznEGGZU0UoTYWvPwp99Ou2j0TFLZauvTUrm1zPH.7XWBNMT80AXK',NULL,NULL,NULL,0,NULL,NULL,NULL,NULL),(524,NULL,NULL,'2018-12-26 17:06:43','2019-01-26 00:30:13','1579228','$2a$11$jS6dOPnM7i0Ku20qCqE7VOM4JEBmkg9gjGGT9Xjx1Ns9wcx/q.2HW',NULL,NULL,NULL,0,NULL,NULL,NULL,NULL),(525,NULL,NULL,'2018-12-26 17:06:43','2019-01-26 00:30:13','1607535','$2a$11$WV48ySngIw7n.trwrF5YlukV2Grc2kAGVkKTXdeV2QcbeoDZ/odVC',NULL,NULL,NULL,0,NULL,NULL,NULL,NULL),(526,NULL,NULL,'2018-12-26 17:06:43','2019-01-26 00:30:13','1607560','$2a$11$14ZIEh7txKJVXfRNq8/pAeDCGSubUrol5NIdwaXi7TE9TJmhtm2i2',NULL,NULL,NULL,0,NULL,NULL,NULL,NULL),(527,NULL,NULL,'2018-12-26 17:06:44','2019-01-26 00:30:13','1607041','$2a$11$GVHRvAGALF5LJJhdgIX0NuVOlHn5VNllZPDSALwMCY.3drL7xfLkW',NULL,NULL,NULL,0,NULL,NULL,NULL,NULL),(528,NULL,NULL,'2018-12-26 17:06:44','2019-01-26 00:30:13','1457560','$2a$11$xsAkupiaU9C72N/h4d9/uOPNQiXDNKgr0RDrpElAxtH2qkY8C3mt6',NULL,NULL,NULL,0,NULL,NULL,NULL,NULL),(529,NULL,NULL,'2018-12-26 17:06:44','2019-01-26 00:30:13','1457475','$2a$11$nD.uZz20dO7ngL6UyvEha.6V4rZUOemYsILJO/igHq9nqA871CXNK',NULL,NULL,NULL,0,NULL,NULL,NULL,NULL),(530,NULL,NULL,'2018-12-26 17:06:44','2019-01-26 00:30:14','745616','$2a$11$qaCm7ha9k2EradiY/dx5/.0/zTig6rgxG9msnyE/DT0Q9a.68qn5.',NULL,NULL,NULL,0,NULL,NULL,NULL,NULL),(531,NULL,NULL,'2018-12-26 17:06:44','2019-01-26 00:30:14','1567464','$2a$11$znZgX1h/QUiQS8JFF9EG0u35jRGAT0wXHTlKp9BJrOyf48dDR2Aqu',NULL,NULL,NULL,1,'2019-01-25 18:27:38','2019-01-25 18:27:38','10.104.155.141','10.104.155.141'),(532,NULL,NULL,'2018-12-26 17:06:44','2019-01-26 00:30:14','1564950','$2a$11$NewR6TI2j3uf68bAlJo4meRMB/iD.1G2NRK5Wb1YtUIEsMeQIvyVq',NULL,NULL,NULL,0,NULL,NULL,NULL,NULL),(533,NULL,NULL,'2018-12-26 17:06:45','2019-01-26 00:30:14','1457493','$2a$11$C//xHHc4Fz7tj4BdO/DtXe78B8vAyfgJ6iN2KvjhiGb4E7fraiHre',NULL,NULL,NULL,0,NULL,NULL,NULL,NULL),(534,NULL,NULL,'2018-12-26 17:06:45','2019-01-26 00:30:14','1457492','$2a$11$33Hc0DfH3nWTzEYZi/gXoedzWkn5qfDZtuVzyycx/nUboO1DfR3uu',NULL,NULL,NULL,0,NULL,NULL,NULL,NULL),(535,NULL,NULL,'2018-12-26 17:06:45','2019-01-26 00:30:14','1572638','$2a$11$xBDiZ2cBMsktd8/Fd95v2OJmUHqYQNx8jxyAWt1642mEurGOnmxQ6',NULL,NULL,NULL,0,NULL,NULL,NULL,NULL),(536,NULL,NULL,'2018-12-26 17:06:45','2019-01-26 00:30:15','1577102','$2a$11$J6EqMHbT8HKFeeVvct/75exbTTyfkVOb9TM3ybqk5plrM6Nkt1qLi',NULL,NULL,NULL,0,NULL,NULL,NULL,NULL),(537,NULL,NULL,'2018-12-26 17:06:45','2019-01-26 00:30:15','1614956','$2a$11$OA4LX/yXLDQaEGOP.Ne/c.9gyTWtIatS5b0y1SI6hchyuOQSWCvlK',NULL,NULL,NULL,0,NULL,NULL,NULL,NULL),(538,NULL,NULL,'2018-12-26 17:06:45','2019-01-26 00:30:15','1565931','$2a$11$PKgfnyA3xIyPp3zmiMm4w.VbtdMBW5pNhO7hApp12gYl6z59dPKRK',NULL,NULL,NULL,0,NULL,NULL,NULL,NULL),(539,NULL,NULL,'2018-12-26 17:06:46','2019-01-26 01:30:13','1461223','$2a$11$V.mb790KQQlVog5mQWiB2eFz25Qx483MR2CRPjZgKP0KYvVGOxmye',NULL,NULL,NULL,3,'2019-01-26 01:30:08','2019-01-24 23:01:49','10.104.155.141','10.104.154.32'),(540,NULL,NULL,'2018-12-26 17:06:46','2019-01-26 00:30:15','1389483','$2a$11$JKvc6SiMmZDT7RaIyXFUaeAjeB1MqHUW6NFjHnGMhOam7go0UmxYm',NULL,NULL,NULL,0,NULL,NULL,NULL,NULL),(541,NULL,NULL,'2018-12-26 17:06:46','2019-02-08 13:36:11','1528627','$2a$11$QuLm5Df2JLTwlSfmnLO4NOehJ4oWQ0GY3pRmWRuEj3oEleNQ60QG2',NULL,NULL,NULL,1,'2019-02-08 13:36:09','2019-02-08 13:36:09','10.104.154.23','10.104.154.23'),(542,NULL,NULL,'2018-12-26 17:06:46','2019-01-26 00:30:15','1528630','$2a$11$SzlMcbLL2NuanoVqRCMHYeZidz4.EBOPXNvkbyK0NwJMJB5Qy.UxW',NULL,NULL,NULL,0,NULL,NULL,NULL,NULL),(543,NULL,NULL,'2018-12-26 17:06:46','2019-02-08 13:13:31','1545829','$2a$11$2NxZlqznQI8gQ8uUU2RpBegLU01/76DwM7uhXGBBvJGDBeNgoPrHW',NULL,NULL,NULL,3,'2019-02-08 13:13:31','2019-01-26 01:30:45','10.104.154.23','10.104.155.141'),(544,NULL,NULL,'2018-12-26 17:06:46','2019-02-08 13:45:52','1572810','$2a$11$9HAkxx1Sak1I2KVgwIVEkuI4xdnOxRTCmP40knIQpSKcFahVMC.lu',NULL,NULL,NULL,2,'2019-02-08 13:45:51','2019-01-17 22:11:18','10.104.154.23','10.101.128.96'),(545,NULL,NULL,'2018-12-26 17:06:47','2019-02-11 13:06:19','1628021','$2a$11$hZHKa4/jmZ4mIjqzQagZH.TGVLCTgjMZCZE2liQOKvTqIunV1T5RG',NULL,NULL,NULL,3,'2019-02-11 13:06:17','2019-02-08 13:37:52','10.104.154.23','10.104.154.23'),(546,NULL,NULL,'2018-12-26 17:06:47','2019-01-26 00:30:16','1577560','$2a$11$T3tv16DQuXSz1HkMAAth7.sIcHaWU1YncTU7V1y5dbMy8YXP.zqN.',NULL,NULL,NULL,0,NULL,NULL,NULL,NULL),(547,NULL,NULL,'2018-12-26 17:06:47','2019-01-26 00:30:16','1528418','$2a$11$zFzjxiAzsFU7DU2Tg9mhEOByNk9hwHJ9jphCLoLMzolIqSxx4uV1O',NULL,NULL,NULL,0,NULL,NULL,NULL,NULL),(548,NULL,NULL,'2018-12-26 17:06:47','2019-01-26 00:30:16','1463391','$2a$11$wK/3UZE/Sm0lwb2ckKXEx.JaS0LtTfQ0zZZVsBs6KoyvU1MoNrFPC',NULL,NULL,NULL,0,NULL,NULL,NULL,NULL),(549,NULL,NULL,'2018-12-26 17:06:47','2019-01-26 00:30:17','1533111','$2a$11$TOmmPngGv.58tkBxgBYUGuvQXFYrcEux8zSUTaMDOdqP.60k7qgvG',NULL,NULL,NULL,0,NULL,NULL,NULL,NULL),(550,NULL,NULL,'2018-12-26 17:06:47','2019-01-26 00:30:17','1461224','$2a$11$oNLDKdMkrPlVMD/JYpiNwuXZLACqPEYCs5bW/Oezz1.L5lO/uGOS6',NULL,NULL,NULL,0,NULL,NULL,NULL,NULL),(551,NULL,NULL,'2018-12-26 17:06:48','2019-02-08 19:10:14','1537095','$2a$11$3cEhAvqvFXiB3OvqXQ14Yu8DQxvwcJlkMzIsuN4NxP67kwpeCf81S',NULL,NULL,NULL,1,'2019-02-08 19:10:08','2019-02-08 19:10:08','10.104.154.23','10.104.154.23'),(552,NULL,NULL,'2018-12-26 17:06:48','2019-01-26 00:30:17','784186','$2a$11$pDEL2e.PcIgFEzqr89QQP.Bmd0eCzuO2ExptJUaAVMt4LLMHJ4zYu',NULL,NULL,NULL,0,NULL,NULL,NULL,NULL),(553,NULL,NULL,'2018-12-26 17:06:48','2019-01-26 00:30:17','326219','$2a$11$A1zCH01oUnGq5FUZ9wDJcu.7xYN3VqOuLY5BLj91beMMTg6xoFDFq',NULL,NULL,NULL,1,'2019-01-14 17:55:39','2019-01-14 17:55:39','10.101.128.96','10.101.128.96'),(554,NULL,NULL,'2018-12-26 17:06:48','2019-01-26 00:30:17','798983','$2a$11$XUbcCRg9Vlzq4VZ9rb9K0uAfMDf9wwEruSVlTUKK9Nr3kDn.vycH6',NULL,NULL,NULL,0,NULL,NULL,NULL,NULL),(555,NULL,NULL,'2018-12-26 17:06:48','2019-01-26 00:30:17','1521971','$2a$11$TnDkDh5thv2y3sSGi8t3Mukzc1a2o0u.QwrO.NZF1hlE.tz/FouCS',NULL,NULL,NULL,0,NULL,NULL,NULL,NULL),(556,NULL,NULL,'2018-12-26 17:06:48','2019-02-08 12:51:15','794531','$2a$11$uav.9ssRBMuSLsHNb7GL1OiQYr4RBg9e3BSmHHHNTRTb1OLdYCBQK',NULL,NULL,NULL,1,'2019-02-08 12:51:13','2019-02-08 12:51:13','10.104.154.23','10.104.154.23'),(557,NULL,NULL,'2018-12-26 17:06:48','2019-02-11 13:23:15','857048','$2a$11$8vnAB2/eMVKwqOvm5wZ3HOCU8S2IbcbU8b2sgmJGzfcv.yJtHWWSi',NULL,NULL,NULL,2,'2019-02-11 13:23:15','2019-02-08 12:50:27','10.104.154.23','10.104.154.23'),(558,NULL,NULL,'2018-12-26 17:06:49','2019-02-11 13:27:49','483328','$2a$11$iRT0viPQEla.YQQXDLcjdOZTeFt2jo33Wt44Jg9olQEGELntwfyxy',NULL,NULL,NULL,2,'2019-02-11 13:27:49','2019-02-08 12:46:08','10.104.154.23','10.104.154.23'),(559,NULL,NULL,'2018-12-26 17:06:49','2019-02-08 12:44:48','814855','$2a$11$fNIS60DTiJ3ksDNEhcrwpePEkKe/mLDyEL54c.HvMx/KmCAEeV3TW',NULL,NULL,NULL,1,'2019-02-08 12:44:45','2019-02-08 12:44:45','10.104.154.23','10.104.154.23'),(560,NULL,NULL,'2018-12-26 17:06:49','2019-02-08 13:10:12','1220989','$2a$11$DUDXNT5qkhYpI0GNleHD/OQrN/II76C/PHLnMoJhtrzZaQSlb94/G',NULL,NULL,NULL,1,'2019-02-08 13:10:09','2019-02-08 13:10:09','10.104.154.23','10.104.154.23'),(561,NULL,NULL,'2018-12-26 17:06:49','2019-02-08 22:55:55','687577','$2a$11$wg5rxLKrg4JzYRHFDZ.6HeDJUn/FU24OIe3CZCNmWHtUCXPMMYWJS',NULL,NULL,NULL,4,'2019-02-08 22:55:55','2019-02-08 13:36:37','10.104.154.23','10.104.154.23'),(562,NULL,NULL,'2018-12-26 17:06:49','2019-01-26 00:30:19','540419','$2a$11$KGDwcp5Pl2Zr/K/NVPiZgOKv01nwjb03ZnS9p8VUckrEAeDSMWKTq',NULL,NULL,NULL,0,NULL,NULL,NULL,NULL),(563,NULL,NULL,'2018-12-26 17:06:49','2019-01-26 00:30:19','1398396','$2a$11$jwV3Sl7QbOrL/lo4YYn/k.YnNgW15f.Y9uaEN8eORRc7OUSGQESUm',NULL,NULL,NULL,0,NULL,NULL,NULL,NULL),(564,NULL,NULL,'2018-12-26 17:06:50','2019-02-08 17:49:38','1582652','$2a$11$KAvrp823zQpCIe.KdMfP4eOcADjXnC8t/q6X/CUQiFQQVGjQKQH4m',NULL,NULL,NULL,1,'2019-02-08 17:49:34','2019-02-08 17:49:34','10.104.154.23','10.104.154.23'),(565,NULL,NULL,'2018-12-26 17:06:50','2019-01-26 00:30:19','860126','$2a$11$NqU1avdObS1akkzmcmpJEuRmc4iYoZbPAXqVFl/DgZ1nrafvd.J0y',NULL,NULL,NULL,1,'2019-01-17 18:03:45','2019-01-17 18:03:45','10.101.84.253','10.101.84.253'),(566,NULL,NULL,'2018-12-26 17:06:50','2019-02-13 16:30:04','1456371','$2a$11$qnNlceezKMHTfviT7QEPguqVNJua0qtRtTWfQPMAztY66sVvJslwO',NULL,NULL,NULL,3,'2019-02-13 16:30:04','2019-02-11 12:59:56','10.104.154.23','10.104.154.23'),(567,NULL,NULL,'2018-12-26 17:06:50','2019-02-13 16:31:11','1562242','$2a$11$DP2veaGIVszmmLfb4TuVxehgRoXeM5QvNnOYvdpcJjPesidBgoTG.',NULL,NULL,NULL,2,'2019-02-13 16:31:11','2019-02-08 17:52:48','10.104.154.23','10.104.154.23'),(568,NULL,NULL,'2018-12-26 17:06:50','2019-01-26 00:30:19','768996','$2a$11$h.AKU3BECnm8bNaEEPFK3uUi/STLvMgDVisQqJn.To85Zw2EgzRi6',NULL,NULL,NULL,0,NULL,NULL,NULL,NULL),(569,NULL,NULL,'2018-12-26 17:06:50','2019-01-26 00:30:20','1460520','$2a$11$KzhykcmxJOFJOB3BGNBnSuwPPTh7qPL5bQVv8iIW8w36yp60urL9i',NULL,NULL,NULL,0,NULL,NULL,NULL,NULL),(570,NULL,NULL,'2018-12-26 17:06:51','2019-01-26 00:30:20','717137','$2a$11$4GVsTNXIEQYTF5ZEGiU4qujczYHrYiWyEf6CFQ9kNwybAaYApaIWS',NULL,NULL,NULL,0,NULL,NULL,NULL,NULL),(571,NULL,NULL,'2018-12-26 17:06:51','2019-01-26 00:30:20','1386661','$2a$11$yohe5R4Wxq4vswx/oInTBe8AVRSPVCoTPumV971EBnNvZBJ7PuVB.',NULL,NULL,NULL,0,NULL,NULL,NULL,NULL),(572,NULL,NULL,'2018-12-26 17:06:51','2019-01-26 00:30:20','1065189','$2a$11$j1IRSEXjUOPqXDwI9Vr5OeJHNWBiW5tMvndjxjH.xkymvKnXyTEJ2',NULL,NULL,NULL,0,NULL,NULL,NULL,NULL),(573,NULL,NULL,'2018-12-26 17:06:51','2019-01-26 00:30:20','823781','$2a$11$OlJp8jY1vx1gbGuZ8yj3HOxDnKz29bp7jKlcD0tt4FXchrDsZq8be',NULL,NULL,NULL,0,NULL,NULL,NULL,NULL),(574,NULL,NULL,'2018-12-26 17:06:51','2019-01-26 00:30:20','1263222','$2a$11$fltRTF28j7k2jAE2eG1f1et2AfdErz5C2pS8AQmOJaUHEXP8.OAcK',NULL,NULL,NULL,0,NULL,NULL,NULL,NULL),(575,NULL,NULL,'2018-12-26 17:06:51','2019-01-26 00:30:21','779300','$2a$11$j3ugy/KyeZ9wVGPDxegnDeKYR3xrcScUgblMr3lZqiWhsyNtmuHVG',NULL,NULL,NULL,0,NULL,NULL,NULL,NULL),(576,NULL,NULL,'2018-12-26 17:06:52','2019-01-26 00:30:21','792313','$2a$11$Wso15gusFbd7.MtcPGp4YO5pxsI./LFVfbG.PgcC8lph/EZXhs8ta',NULL,NULL,NULL,0,NULL,NULL,NULL,NULL),(577,NULL,NULL,'2018-12-26 17:06:52','2019-01-26 00:30:21','815548','$2a$11$uo2FctELoj4o4v9uf9no9elbw3o9IW/N3Xk3HBde3V/z5GdcKho3i',NULL,NULL,NULL,0,NULL,NULL,NULL,NULL),(578,NULL,NULL,'2018-12-26 17:06:52','2019-01-26 00:30:21','908039','$2a$11$HEKgxuDMNVAQzBtM6D7r1uOfeXBK9U81Fav/AUZv579CAcSDYrkvq',NULL,NULL,NULL,0,NULL,NULL,NULL,NULL),(579,NULL,NULL,'2018-12-26 17:06:52','2019-01-26 00:30:21','1224626','$2a$11$5MIXG42IhCp5DEJnX0yQlOZpIYhr0A3mtW6F.eeBAT2wL8yhPGR8q',NULL,NULL,NULL,0,NULL,NULL,NULL,NULL),(580,NULL,NULL,'2018-12-26 17:06:52','2019-01-26 00:30:21','1226255','$2a$11$2vsml/FPe1R4EsSjWthoReJMhqogCUGg7Ee5OtYEnjzPMQDGtoPI6',NULL,NULL,NULL,0,NULL,NULL,NULL,NULL),(581,NULL,NULL,'2018-12-26 17:06:52','2019-01-26 00:30:21','1247142','$2a$11$shzhUGyK0qzZhohDloFvN..XjD8QL6YPEUb0y1J0orIRBOCDD/WGW',NULL,NULL,NULL,0,NULL,NULL,NULL,NULL),(582,NULL,NULL,'2018-12-26 17:06:53','2019-01-26 00:30:22','1301547','$2a$11$PaYv/vCj00/CGjEbj343rOnamSLslIntCcujEHjFn42SRmW2hioji',NULL,NULL,NULL,0,NULL,NULL,NULL,NULL),(583,NULL,NULL,'2018-12-26 17:06:53','2019-01-26 00:30:22','1315286','$2a$11$FXb47FlIe5MVT3FNtiEhaOhDtCqrJsyYlaJ6PjM6iNh7PooOjki2e',NULL,NULL,NULL,0,NULL,NULL,NULL,NULL),(584,NULL,NULL,'2018-12-26 17:06:53','2019-01-26 00:30:22','1321945','$2a$11$EyyQ8KiMJBqaqiZadyw6OO2iQBHIshISYkLskwTDt3ABosY9Ydx/S',NULL,NULL,NULL,0,NULL,NULL,NULL,NULL),(585,NULL,NULL,'2018-12-26 17:06:53','2019-01-26 00:30:22','1392312','$2a$11$X9HncqiPEAjnZsc11oX3xubUZ5KKEdJiQXMu0xRj0uqyCEdMRprCK',NULL,NULL,NULL,0,NULL,NULL,NULL,NULL),(586,NULL,NULL,'2018-12-26 17:06:53','2019-01-26 00:30:22','1412230','$2a$11$KhQDwWKmfj.RoMK2PB0CfelB.job3LM2SthiiqFSJMVmk/mjzZnmq',NULL,NULL,NULL,0,NULL,NULL,NULL,NULL),(587,NULL,NULL,'2018-12-26 17:06:53','2019-01-26 00:30:22','1414210','$2a$11$PKPRnDSy03XIQD.k6ps/6upweqqMW1MEcMiJSdnRkGHaMUnH0dqZy',NULL,NULL,NULL,0,NULL,NULL,NULL,NULL),(588,NULL,NULL,'2018-12-26 17:06:54','2019-01-26 00:30:23','1419185','$2a$11$R20gZF.BEThQ5D4lTu1LHOCo5YMwBd0mRbPM5GGFIo25L5rcAhi4y',NULL,NULL,NULL,0,NULL,NULL,NULL,NULL),(589,NULL,NULL,'2018-12-26 17:06:54','2019-01-26 00:30:23','1419187','$2a$11$6bi6lsdEbcFNtek0b6sVu.twyC00apcYO9BZCj0ZAP/mUDrBH5C.y',NULL,NULL,NULL,0,NULL,NULL,NULL,NULL),(590,NULL,NULL,'2018-12-26 17:06:54','2019-01-26 00:30:23','1419188','$2a$11$gBnqBcpoy/bX/WAyDwDs0uqM9Z4r7yQBL7dtpA9l/YRwaJvr/mI6u',NULL,NULL,NULL,0,NULL,NULL,NULL,NULL),(591,NULL,NULL,'2018-12-26 17:06:54','2019-01-26 00:30:23','1419198','$2a$11$ZA4uLL9gjRYQueATrCK.KefZVIvTC0E7DC5sqM0cSa7jX8LYXDjH2',NULL,NULL,NULL,0,NULL,NULL,NULL,NULL),(592,NULL,NULL,'2018-12-26 17:06:54','2019-01-26 00:30:23','1419202','$2a$11$/fFtNSJ6tJxbmSicyjHy5uH./xlf0DFKmdHs6YD63TgNVUJWfj91m',NULL,NULL,NULL,0,NULL,NULL,NULL,NULL),(593,NULL,NULL,'2018-12-26 17:06:54','2019-01-26 00:30:23','1428836','$2a$11$mL5WNBcN42/VVi7SyzE0NOETRginh4nOpxmJTOW1k3IGupsAT5Xlm',NULL,NULL,NULL,0,NULL,NULL,NULL,NULL),(594,NULL,NULL,'2018-12-26 17:06:55','2019-01-26 00:30:23','1452212','$2a$11$qg8YbMOAJnQ3hF6RCa8cG.yim8Ykvdl18LnW00NwG.LGQuX5WG.ne',NULL,NULL,NULL,0,NULL,NULL,NULL,NULL),(595,NULL,NULL,'2018-12-26 17:06:55','2019-01-26 00:30:24','1457470','$2a$11$6L.MkZzDUADWEslMRCMbnOoiyRxzCIC6VMb/q2bsBVKks8D2yeDca',NULL,NULL,NULL,0,NULL,NULL,NULL,NULL),(596,NULL,NULL,'2018-12-26 17:06:55','2019-01-26 00:30:24','1457474','$2a$11$6rzIC99lHQvnNbkCdJshp.nkHbRRtXCE6SpsbSiIxQmkhrDvJLe4y',NULL,NULL,NULL,0,NULL,NULL,NULL,NULL),(597,NULL,NULL,'2018-12-26 17:06:55','2019-01-26 00:30:24','1457554','$2a$11$8BFBCy/FXOQOe7JlmviLuOS8.cne/9F6IR3zOpzKGYGfX/zNFf2/.',NULL,NULL,NULL,0,NULL,NULL,NULL,NULL),(598,NULL,NULL,'2018-12-26 17:06:55','2019-01-26 00:30:24','1463090','$2a$11$uMKaBjYWnXQIi1.ZMYVdXO41OuNLh37rGCMaPCJcGyXQ52CUPft0y',NULL,NULL,NULL,0,NULL,NULL,NULL,NULL),(599,NULL,NULL,'2018-12-26 17:06:55','2019-01-26 00:30:24','1464347','$2a$11$MaFFIqQGNJB8nnWbrd1KLeG5/1VK3zxdSO2LqeqFPEtgD6sc7.M4O',NULL,NULL,NULL,0,NULL,NULL,NULL,NULL),(600,NULL,NULL,'2018-12-26 17:06:56','2019-01-26 00:30:24','1523788','$2a$11$mE1okN9V9eZ21btPfnkkQ.oP5st0CjkHmWEj6C0Z2OqamePWzQpo.',NULL,NULL,NULL,0,NULL,NULL,NULL,NULL),(601,NULL,NULL,'2018-12-26 17:06:56','2019-01-26 00:30:24','1553346','$2a$11$rre/6JV1JjwNsTuZzvmvM.p/Q1PSzBzytLJy.XDfkvJcAJze06UwO',NULL,NULL,NULL,0,NULL,NULL,NULL,NULL),(602,NULL,NULL,'2018-12-26 17:06:56','2019-01-26 00:30:25','1555404','$2a$11$Jsl2J1LV1Rb58NfCIfl.xeEiqupQ6Yw6Jj9389Mc7WnCpusJQC86m',NULL,NULL,NULL,0,NULL,NULL,NULL,NULL),(603,NULL,NULL,'2018-12-26 17:06:56','2019-01-26 00:30:25','1599744','$2a$11$HtJdtU6.2dGvWHRQ1mJhAurUYsQL258GI3bPf1dV/lQJjZWqNSW9K',NULL,NULL,NULL,0,NULL,NULL,NULL,NULL),(604,NULL,NULL,'2018-12-26 17:06:56','2019-01-26 00:30:25','1591910','$2a$11$cA1/kXFVy6Zg0FE2iiedzud1gg5Q6/LL9O9uBhwVwhQ6VRbAsQyAK',NULL,NULL,NULL,0,NULL,NULL,NULL,NULL),(605,NULL,NULL,'2018-12-26 17:06:56','2019-01-26 00:30:25','1618533','$2a$11$1GYWpwY6iQzE1tKVo/LDA.S5c/U3pV2Wm3IRqbf5ondO8hVnaJZhy',NULL,NULL,NULL,0,NULL,NULL,NULL,NULL),(606,NULL,NULL,'2018-12-26 17:06:57','2019-01-26 00:30:25','1619697','$2a$11$IZM7ca.fBQmdcEuke8Kiyuan9FRL48HQaOiDgw.tdhtReiMbWcfmK',NULL,NULL,NULL,0,NULL,NULL,NULL,NULL),(607,NULL,NULL,'2018-12-26 17:06:57','2019-01-26 00:30:25','1419184','$2a$11$St7NZf8s2jAuUw.x33mIfem3U5dQKYvauz8FXmyuFFa1C.MkAKeH2',NULL,NULL,NULL,0,NULL,NULL,NULL,NULL),(608,NULL,NULL,'2018-12-26 17:06:57','2019-01-26 00:30:26','1419194','$2a$11$kQ67Jf7clwiOv7dgK2nE6uPiv37GpWcrEwjvnk2YKu/kJlfBBJD.a',NULL,NULL,NULL,0,NULL,NULL,NULL,NULL),(609,NULL,NULL,'2018-12-26 17:06:57','2019-01-26 00:30:26','799784','$2a$11$0GBGoRIiyZOWjpTz2I51Ceqn.UoNW/Rb3qfhT65TSqu.KFplZY3Su',NULL,NULL,NULL,0,NULL,NULL,NULL,NULL),(610,NULL,NULL,'2018-12-26 17:06:57','2019-01-26 00:30:26','977104','$2a$11$z5Wfc/b9MJUNAbwHyN.6T.eFN6ECAtUjxaeEHkpsNkjJFVn.aM/JG',NULL,NULL,NULL,0,NULL,NULL,NULL,NULL),(611,NULL,NULL,'2018-12-26 17:06:57','2019-01-26 00:30:26','1374631','$2a$11$/co57n5Ue4XHpM9iI2FlI.m7UvbzQ2HnLjgVUNizPMuQcnPJ88Bd2',NULL,NULL,NULL,0,NULL,NULL,NULL,NULL),(612,NULL,NULL,'2018-12-26 17:06:58','2019-01-26 00:30:26','1412237','$2a$11$yArh9utgofc4dLiM6TLGX.IjbiXvhWTD7GFFFe4Hwx4.j8vkVDdEW',NULL,NULL,NULL,0,NULL,NULL,NULL,NULL),(613,NULL,NULL,'2018-12-26 17:06:58','2019-01-26 00:30:26','1425168','$2a$11$9gMW1FA90chc3Ng/p7qKLOC.GUPluSwoAv/4uoukwaIuc.vIJ8CfS',NULL,NULL,NULL,0,NULL,NULL,NULL,NULL),(614,NULL,NULL,'2018-12-26 17:06:58','2019-01-26 00:30:27','1421533','$2a$11$iEndw06zsznBXkbjiExO5eqWeaGDXyIZ8eai3LNT7TZPlfEY4BugW',NULL,NULL,NULL,0,NULL,NULL,NULL,NULL),(615,NULL,NULL,'2018-12-26 17:06:58','2019-01-26 00:30:27','1099510','$2a$11$JgNNVBXoy1OGjRb0KVTcPu/4/oh99m/i1ESdk0HPggJs/PiCGJrDm',NULL,NULL,NULL,0,NULL,NULL,NULL,NULL),(616,NULL,NULL,'2018-12-26 17:06:58','2019-01-26 00:30:27','1454408','$2a$11$xXHZ1rohDzLO/xtU7brrAuMt0of.Ydokj2cbybNBiq4X1cOepDaG.',NULL,NULL,NULL,0,NULL,NULL,NULL,NULL),(617,NULL,NULL,'2018-12-26 17:06:58','2019-01-26 00:30:27','1340400','$2a$11$6pxQw4tKJhZpbRn67wEFquVQGPDyWQ3EZN3evG9uBqnYeZcrWkitC',NULL,NULL,NULL,0,NULL,NULL,NULL,NULL),(618,NULL,NULL,'2018-12-26 17:06:59','2019-01-26 00:30:27','806512','$2a$11$TNJ1wPIktMtCyEwtvtQ93OKnD5KiIGtG7WKHmaMTGmIjxl6gBoB1K',NULL,NULL,NULL,0,NULL,NULL,NULL,NULL),(619,NULL,NULL,'2018-12-26 17:06:59','2019-01-26 00:30:27','1457452','$2a$11$ht4E7wez0OZkVwT.cMUq7eUJaNEZoeOJs7kGjQ3647Gc9abvU0hC6',NULL,NULL,NULL,0,NULL,NULL,NULL,NULL),(620,NULL,NULL,'2018-12-26 17:06:59','2019-01-26 00:30:27','1463021','$2a$11$KdMJIvdFJPbBE8p7quqMCObV0pbQSa3aodRPZywL3lTVe7LwBITyu',NULL,NULL,NULL,0,NULL,NULL,NULL,NULL),(621,NULL,NULL,'2018-12-26 17:06:59','2019-01-26 00:30:28','1463026','$2a$11$Uf0Uv5WbQf0M0V3KLHFKFe6RLyL3QiVsvnxfY2NL5Rud5TU1M4fxi',NULL,NULL,NULL,0,NULL,NULL,NULL,NULL),(622,NULL,NULL,'2018-12-26 17:06:59','2019-01-26 00:30:28','1460466','$2a$11$GXvrzCFS5N08sRWi0.5CNeplOD2pekHCb74DLapfSvVi07MN3lYqu',NULL,NULL,NULL,0,NULL,NULL,NULL,NULL),(623,NULL,NULL,'2018-12-26 17:06:59','2019-01-26 00:30:28','1404156','$2a$11$wJwgtGqtLuZi.6MMRJO.UeMiWTaOV.UEDVeNsqRPNvyGhppV/8f16',NULL,NULL,NULL,0,NULL,NULL,NULL,NULL),(624,NULL,NULL,'2018-12-26 17:07:00','2019-01-26 00:30:28','799756','$2a$11$EFAqyiVB/1o3suwI.aEL0u.vWYeSXZ20Ta7y4oJmdkG25HbUIdjdW',NULL,NULL,NULL,0,NULL,NULL,NULL,NULL),(625,NULL,NULL,'2018-12-26 17:07:00','2019-01-26 00:30:28','366395','$2a$11$fAVpFv0PLul5ftY.N.OqpuP4mrQTkLWVjxRThVsmbpIkpL1kmLCG6',NULL,NULL,NULL,0,NULL,NULL,NULL,NULL),(626,NULL,NULL,'2018-12-26 17:07:00','2019-01-26 00:30:28','1301548','$2a$11$BfW3TrStuTzkoEWFA8rul.oKcsp8nAkhUlYps54qTBfMMrS0MFBB2',NULL,NULL,NULL,0,NULL,NULL,NULL,NULL),(627,NULL,NULL,'2018-12-26 17:07:00','2019-01-26 00:30:29','397713','$2a$11$1/7FJEd3ZUebmshwj/saY.72FdhPFB22SZZRKKUat5emhGUFIwSvC',NULL,NULL,NULL,0,NULL,NULL,NULL,NULL),(628,NULL,NULL,'2018-12-26 17:07:00','2019-01-26 00:30:29','1554318','$2a$11$8mQe5vhydpoH7V27J.4dJu9hZOtNTmFkHjn9tCZZzyMml005y9mUS',NULL,NULL,NULL,0,NULL,NULL,NULL,NULL),(629,NULL,NULL,'2018-12-26 17:07:00','2019-01-26 00:30:29','1419191','$2a$11$7lhQ4P7dwrUgIt31M9.Hse4tkJlsQmsgQs6giwFfWcusJq1cmUr7q',NULL,NULL,NULL,0,NULL,NULL,NULL,NULL),(630,NULL,NULL,'2018-12-26 17:07:01','2019-01-26 00:30:29','849767','$2a$11$qeCoSdzrWYdYyr71CxZvkuRprT152DZdGBCk2slGTPKNSPQvCFL86',NULL,NULL,NULL,0,NULL,NULL,NULL,NULL),(631,NULL,NULL,'2018-12-26 17:07:01','2019-01-26 00:30:29','1114213','$2a$11$cYdKrNvNrfamkmOI7gQ7WOle4WLUMwyquAQ36WyUoaj3zp35lXlKe',NULL,NULL,NULL,0,NULL,NULL,NULL,NULL),(632,NULL,NULL,'2018-12-26 17:07:01','2019-01-26 00:30:29','1444136','$2a$11$x47iFlT/3mLfqpBxGrVrCu4eVZ6hu9UmWhrWQ9oO5Zz0K8oA0JL9e',NULL,NULL,NULL,0,NULL,NULL,NULL,NULL),(633,NULL,NULL,'2018-12-26 17:07:01','2019-01-26 00:30:29','1619423','$2a$11$c35m5cwg7T1WRY4uKCjwB.DXmXa7aLHMUOQfq/ocooB4AEsoMo826',NULL,NULL,NULL,0,NULL,NULL,NULL,NULL),(634,NULL,NULL,'2018-12-26 17:07:01','2019-01-26 00:30:30','1619426','$2a$11$/GrRAqqHLxpBoPCjWrpt8uokolhQiRsevD7tpho5CUei7XpGaQa4m',NULL,NULL,NULL,0,NULL,NULL,NULL,NULL),(635,NULL,NULL,'2018-12-26 17:07:01','2019-01-26 00:30:30','1619409','$2a$11$Fb/b/hWTs1C6JsHxLebicOTj5Yyopj594UU3hx2LYAARxFIzNJlCe',NULL,NULL,NULL,0,NULL,NULL,NULL,NULL),(636,NULL,NULL,'2018-12-26 17:07:02','2019-01-26 00:30:30','1619421','$2a$11$7TGe5unnErpvwWxSVAzwDO/B7W.PTZEJnK3/HMwUSQQsyTWDziTSy',NULL,NULL,NULL,0,NULL,NULL,NULL,NULL),(637,NULL,NULL,'2018-12-26 17:07:02','2019-01-26 00:30:30','1619424','$2a$11$R6wEEuJfXSersKQquTVXNeI2UjCWc7YOG6TolqpH7gSmzdLtBn.4y',NULL,NULL,NULL,0,NULL,NULL,NULL,NULL),(638,NULL,NULL,'2018-12-26 17:07:02','2019-01-26 00:30:30','1619411','$2a$11$2HxBMOUot.ocaEwYSw2mvOA/6TtmgkciSjXJslwTu4kRGjx3f7QfK',NULL,NULL,NULL,0,NULL,NULL,NULL,NULL),(639,NULL,NULL,'2018-12-26 17:07:02','2019-01-26 00:30:30','1619428','$2a$11$IBcyyaHejEZbyebpdp4nKOtMO5cxtIoxMQnm08zsihB84G04uijXK',NULL,NULL,NULL,0,NULL,NULL,NULL,NULL),(640,NULL,NULL,'2018-12-26 17:07:02','2019-01-26 00:30:31','1619413','$2a$11$EfsA8oPbGDF.gPjpuNjCw.f/SwTKto5QonyCq/vBVmFRDxso6/2pa',NULL,NULL,NULL,0,NULL,NULL,NULL,NULL),(641,NULL,NULL,'2018-12-26 17:07:02','2019-01-26 00:30:31','1619427','$2a$11$LyadrXQB87EuvAY0gJetlePRoiu0dopYcHH8hPqvptbsIekIv7pz6',NULL,NULL,NULL,0,NULL,NULL,NULL,NULL),(642,NULL,NULL,'2018-12-26 17:07:03','2019-01-26 00:30:31','1619412','$2a$11$LLHnPKqvTLqIYWw4FIXg7e8MhuoS7Wacc2IPck1ReQYY5IqvkODem',NULL,NULL,NULL,0,NULL,NULL,NULL,NULL),(643,NULL,NULL,'2018-12-26 17:07:03','2019-01-26 00:30:31','1619417','$2a$11$WSUBu/vaKQ0Lg/UXT1Scw./XfLRXG30UcwUXEQLNXZwVLecfPltce',NULL,NULL,NULL,0,NULL,NULL,NULL,NULL),(644,NULL,NULL,'2018-12-26 17:07:03','2019-01-26 00:30:31','1619416','$2a$11$b1bjxbWAlvn.He1mLzVVj.IrPCY0z5Q.Tmxl3ewMjrg5TjeDrd5mS',NULL,NULL,NULL,0,NULL,NULL,NULL,NULL),(645,NULL,NULL,'2018-12-26 17:07:03','2019-01-26 00:30:31','1619410','$2a$11$x1Z5YPaRde8Uusi6WfEage0AxHCseYes9dnbLI6NLyk0/LvtSDWx6',NULL,NULL,NULL,0,NULL,NULL,NULL,NULL),(646,NULL,NULL,'2018-12-26 17:07:03','2019-01-26 00:30:31','1619414','$2a$11$ztEbTR5XpZTKor7gYl6luO9TCZOI0u7dN/Jy9kc6Oyt8V1P0Dn0W6',NULL,NULL,NULL,0,NULL,NULL,NULL,NULL),(647,NULL,NULL,'2018-12-26 17:07:03','2019-01-26 00:30:32','1619418','$2a$11$p7fRphQ/P.XmBO4GBtSo2.YqNSlSj7.knjHPB5QOPsoHA7l9X7u8y',NULL,NULL,NULL,0,NULL,NULL,NULL,NULL),(648,NULL,NULL,'2018-12-26 17:07:03','2019-01-26 00:30:32','1619419','$2a$11$T43UTjZq/5Ug8bj5X9ZD3uuDgcRvfoa0dL8w2YVkVO/Xl7NaLAEYW',NULL,NULL,NULL,0,NULL,NULL,NULL,NULL),(649,NULL,NULL,'2018-12-26 17:07:04','2019-01-26 00:30:32','350779','$2a$11$g/yUxaIafROt5dLLqGheeOgXnRA.b7FZfE6QlB057qYOHEnBE9NPO',NULL,NULL,NULL,0,NULL,NULL,NULL,NULL),(650,NULL,NULL,'2018-12-26 17:07:04','2019-01-26 00:30:32','1518607','$2a$11$jphhI/VO8lgsQnA5x2pkCOlIaNHxZ/wSE9rQvxtX45hrG2r7aJDc6',NULL,NULL,NULL,0,NULL,NULL,NULL,NULL),(651,NULL,NULL,'2018-12-26 17:07:04','2019-01-26 00:30:32','1404103','$2a$11$iIk4cDeCIHapvh.OL.kk0.i.H1H.9hW4MbaK6izBWyrAWlSu4XU7y',NULL,NULL,NULL,1,'2019-01-14 18:00:46','2019-01-14 18:00:46','10.101.128.96','10.101.128.96'),(652,NULL,NULL,'2018-12-26 17:07:04','2019-02-15 11:55:10','824847','$2a$11$DVcibMQREgyykSSUkcx9feJZD.EF7/IVOIuf1aosXZMYVU9/uLeSq',NULL,NULL,NULL,7,'2019-02-15 11:55:10','2019-02-14 12:10:53','10.104.154.23','10.104.154.23'),(653,NULL,NULL,'2018-12-26 17:07:04','2019-02-08 14:06:41','1547492','$2a$11$VucQuPTd3/XUNUNF6BHctOHwQo0trU72tBUyF6XQ1pCzM/dOW.ZEe',NULL,NULL,NULL,1,'2019-02-08 14:06:40','2019-02-08 14:06:40','10.104.154.23','10.104.154.23'),(654,NULL,NULL,'2018-12-26 17:07:05','2019-01-26 00:30:33','892872','$2a$11$sqMFFjY2qeMe3taBmjtmoOYERbnnG9P0z3ifeugzSr4M6iCPdX.mu',NULL,NULL,NULL,0,NULL,NULL,NULL,NULL),(655,NULL,NULL,'2018-12-26 17:07:05','2019-01-26 00:30:33','1347281','$2a$11$5VkDqBzIp.UEA.Cj.J2VseecFYkzTaEsGbWRx1QQZJfxhf9C3NBnO',NULL,NULL,NULL,0,NULL,NULL,NULL,NULL),(656,NULL,NULL,'2018-12-26 17:07:05','2019-02-15 13:46:36','1342529','$2a$11$lv7ShSjtwqulKsfa5xZwcuM6ifvxAsdlp3S69z/VRVpASU18sfjCy',NULL,NULL,NULL,2,'2019-02-15 13:46:36','2019-02-08 15:54:07','10.104.154.23','10.104.154.23'),(657,NULL,NULL,'2018-12-26 17:07:05','2019-02-11 21:28:15','1345915','$2a$11$R4u0p8Gi/jwrOv6C01Dyp.9Cib4Iy7QJRZ1f3x6J8hoUs5H45ur5K',NULL,NULL,NULL,1,'2019-02-11 21:28:11','2019-02-11 21:28:11','10.104.154.23','10.104.154.23'),(658,NULL,NULL,'2018-12-26 17:07:05','2019-02-08 15:53:36','1345985','$2a$11$XC1R6MGByWbSSD1C4H/h9edfkk0e8RrLxfqFY9WXMTJOtPAjUMKxC',NULL,NULL,NULL,3,'2019-02-08 15:53:36','2019-02-08 15:52:38','10.104.154.23','10.104.154.23'),(659,NULL,NULL,'2018-12-26 17:07:05','2019-01-26 00:30:33','1346630','$2a$11$NxHoQ2Zr0ELPj7HHBJSVue5WlK5uAOKHhIMjcNnGckELxOj4CJzXO',NULL,NULL,NULL,0,NULL,NULL,NULL,NULL),(660,NULL,NULL,'2018-12-26 17:07:06','2019-02-12 12:47:46','1345996','$2a$11$rfWF4vkzEUXxwX9XqDGGQutri9/111pP2/wwJM2kAgGzpIpCmTDYW',NULL,NULL,NULL,2,'2019-02-12 12:47:46','2019-02-11 21:27:05','10.104.154.23','10.104.154.23'),(661,NULL,NULL,'2018-12-26 17:07:06','2019-02-15 12:38:12','1384494','$2a$11$u8udrlNc8fsFIowdT6gmNOLSZSUl44f.hOQVusKORE8L6ZI7mSa5y',NULL,NULL,NULL,4,'2019-02-15 12:38:12','2019-02-13 13:03:21','10.104.154.23','10.104.154.23'),(662,NULL,NULL,'2018-12-26 17:07:06','2019-02-15 13:17:13','807326','$2a$11$MkP98PUEsm1.I85bQi8xjOU5Y6e/SKKwGfDnXnT5mHuDAmKqRL0/y',NULL,NULL,NULL,6,'2019-02-15 13:17:13','2019-02-15 13:15:47','10.104.154.23','10.104.154.23'),(663,NULL,NULL,'2018-12-26 17:07:06','2019-02-08 14:23:52','1397651','$2a$11$xdIE5NmUXTux3LxTJkvYjeX3brACkJ0qj7wO6yeSCE1pWs3pAd00S',NULL,NULL,NULL,1,'2019-02-08 14:23:50','2019-02-08 14:23:50','10.104.154.23','10.104.154.23'),(664,NULL,NULL,'2018-12-26 17:07:06','2019-02-08 14:03:36','1397649','$2a$11$IR1.pQ/m5k/vE/ckkyakq.FEYOF4Qw76o6SwNDqowQ3Z3qyZwr4Ri',NULL,NULL,NULL,1,'2019-02-08 14:03:35','2019-02-08 14:03:35','10.104.154.23','10.104.154.23'),(665,NULL,NULL,'2018-12-26 17:07:06','2019-02-08 13:59:41','1397641','$2a$11$1vI4pfjN51I4r20nSArUx.3MeaFy9irtNAA4j4j6APsggCXnHQI8O',NULL,NULL,NULL,1,'2019-02-08 13:59:39','2019-02-08 13:59:39','10.104.154.23','10.104.154.23'),(666,NULL,NULL,'2018-12-26 17:07:07','2019-02-15 13:29:38','775444','$2a$11$UUxSqkLvxq569jowGCXbZuybXJtE6B3ltIdbsnnZ3gPVJ8a0ZtGFC',NULL,NULL,NULL,3,'2019-02-15 13:29:38','2019-02-11 13:19:05','10.104.154.23','10.104.154.23'),(667,NULL,NULL,'2018-12-26 17:07:07','2019-02-08 13:35:31','916140','$2a$11$yJh7UjcVthc4TkpncUZaleTmKBRhPRoFJQe6CQHlptBa/l2B5vu/K',NULL,NULL,NULL,1,'2019-02-08 13:35:30','2019-02-08 13:35:30','10.104.154.23','10.104.154.23'),(668,NULL,NULL,'2018-12-26 17:07:07','2019-02-12 13:04:24','1363844','$2a$11$9TwWtoHXzCxWYm2EbKhg4OcS.fH886ay7uayN9Dd9fiC5RmQB5DMK',NULL,NULL,NULL,2,'2019-02-12 13:04:24','2019-02-08 14:24:55','10.104.154.23','10.104.154.23'),(669,NULL,NULL,'2018-12-26 17:07:07','2019-02-08 20:52:17','1389512','$2a$11$hk99425O838EjgCzDbQfeOM2wansjZrJJpXOyTmTxRwtpOmXqLqiy',NULL,NULL,NULL,1,'2019-02-08 20:52:11','2019-02-08 20:52:11','10.104.154.23','10.104.154.23'),(670,NULL,NULL,'2018-12-26 17:07:07','2019-02-08 13:43:07','1455162','$2a$11$LtW4.aW.GJrgPGaTuqPT9.gO.l6ZH4nMX6bp.x3fMIqWysbKZD55W',NULL,NULL,NULL,1,'2019-02-08 13:43:05','2019-02-08 13:43:05','10.104.154.23','10.104.154.23'),(671,NULL,NULL,'2018-12-26 17:07:07','2019-01-26 00:30:35','1582639','$2a$11$YYts6BQ7La0tfBKw9He/ze54cLVIiAwrY6QBppfwQfRX5IjaCndTy',NULL,NULL,NULL,0,NULL,NULL,NULL,NULL),(672,NULL,NULL,'2018-12-26 17:07:08','2019-02-08 14:45:54','1550788','$2a$11$ZvuQ6lCioCHHO9/9xLjZEuE4UQLGtC9Q4yJTNiXvW2M01rv52mncK',NULL,NULL,NULL,1,'2019-02-08 14:45:52','2019-02-08 14:45:52','10.104.154.23','10.104.154.23'),(673,NULL,NULL,'2018-12-26 17:07:08','2019-02-08 14:04:29','1550415','$2a$11$7CNEM5y.MEQjOO5W1byDH.VafARceUR7RiVI.cHwGBuC5ggEjy5V.',NULL,NULL,NULL,1,'2019-02-08 14:04:26','2019-02-08 14:04:26','10.104.154.28','10.104.154.28'),(674,NULL,NULL,'2018-12-26 17:07:08','2019-02-08 14:32:49','1551817','$2a$11$0M9K2rTS4Sx.okvn5V87ZeYP.HFP9/uSeXtw5yIQv/iFjvNvzcWOe',NULL,NULL,NULL,2,'2019-02-08 14:32:49','2019-02-08 14:26:38','10.104.154.23','10.104.154.23'),(675,NULL,NULL,'2018-12-26 17:07:08','2019-02-08 18:46:54','1553868','$2a$11$y2z/8H7zxEEk/WHoHQ7aD.4CW.7Z9N13sAdgS1sQ3HWrMPlMhBsPG',NULL,NULL,NULL,1,'2019-02-08 18:46:48','2019-02-08 18:46:48','10.104.154.23','10.104.154.23'),(676,NULL,NULL,'2018-12-26 17:07:08','2019-02-08 14:27:38','1551818','$2a$11$n.4Bbrt18mK/7UwLb6992ezO7OBxJNjLGyM3Ivm6Yu4Sjh3IqFAOW',NULL,NULL,NULL,1,'2019-02-08 14:27:37','2019-02-08 14:27:37','10.104.154.23','10.104.154.23'),(677,NULL,NULL,'2018-12-26 17:07:08','2019-01-26 00:30:36','1568936','$2a$11$lLCWnbCT8O3lQXhZ5zWiFuOJBxOhPuawP1PSkK6XyCuV1P.b5m5.y',NULL,NULL,NULL,0,NULL,NULL,NULL,NULL),(678,NULL,NULL,'2018-12-26 17:07:09','2019-02-08 14:25:59','1560761','$2a$11$O2c0fgkpN.pwk4wuOJcu1ut3zfHZiHi6WrD8oPBuhXStj2yb0B27q',NULL,NULL,NULL,1,'2019-02-08 14:25:58','2019-02-08 14:25:58','10.104.154.23','10.104.154.23'),(679,NULL,NULL,'2018-12-26 17:07:09','2019-01-26 00:30:37','1562307','$2a$11$f5zoFCzzdMaS4UDtXLnhQengtisZjy1ADj7Fx.D8g3qXJdyXzYjU6',NULL,NULL,NULL,0,NULL,NULL,NULL,NULL),(680,NULL,NULL,'2018-12-26 17:07:09','2019-02-08 14:17:22','513968','$2a$11$ZXnBd2D1D4wLF18Iew71uOmX7M8RVMaB.8aUzyXubPOlQ7rLPyh32',NULL,NULL,NULL,1,'2019-02-08 14:17:17','2019-02-08 14:17:17','10.104.154.28','10.104.154.28'),(681,NULL,NULL,'2018-12-26 17:07:09','2019-02-08 13:49:34','721584','$2a$11$9oV1.5Cbjx23CT3hpryaE.k8Uobf.PkGgIUuI/nm3Gcvp1nrAa2Jm',NULL,NULL,NULL,1,'2019-02-08 13:49:32','2019-02-08 13:49:32','10.104.154.23','10.104.154.23'),(682,NULL,NULL,'2018-12-26 17:07:09','2019-02-08 14:21:06','723296','$2a$11$7n2hnRG1wLh5ORNDvsHLR.eEBti0TO6gxkvBeywyyCtYDzgLJw9d6',NULL,NULL,NULL,1,'2019-02-08 14:21:03','2019-02-08 14:21:03','10.104.154.28','10.104.154.28'),(683,NULL,NULL,'2018-12-26 17:07:09','2019-02-08 14:18:51','1030311','$2a$11$/PsmJUTkp67lKKXHyxnT9.JHxy56t/LYBpMfI6waGI2BqmjXbZe7O',NULL,NULL,NULL,1,'2019-02-08 14:18:47','2019-02-08 14:18:47','10.104.154.28','10.104.154.28'),(684,NULL,NULL,'2018-12-26 17:07:09','2019-02-15 12:13:53','1359116','$2a$11$qDMEY1/HQUVI0tJs3l4i8uA5WhvOsPfS0EyXGERwDrGIBC2LGo1s.',NULL,NULL,NULL,6,'2019-02-15 12:13:53','2019-02-14 12:46:25','10.104.154.23','10.104.154.23'),(685,NULL,NULL,'2018-12-26 17:07:10','2019-02-08 13:52:08','1387060','$2a$11$UbhNYt6f7V3sSH06SOkkc.r2Wt6xa7hSugqY4kf0s.nhZ0HXUnUtC',NULL,NULL,NULL,1,'2019-02-08 13:52:07','2019-02-08 13:52:07','10.104.154.23','10.104.154.23'),(686,NULL,NULL,'2018-12-26 17:07:10','2019-01-26 00:30:38','1403860','$2a$11$q4xcd1ZY7dfOhZvWDt.VhuJDjjTyDSLsrxgMJxK3ZtI4j3td/N7le',NULL,NULL,NULL,0,NULL,NULL,NULL,NULL),(687,NULL,NULL,'2018-12-26 17:07:10','2019-02-08 14:16:22','1591921','$2a$11$VjM8L6JDBVJUvFZJtNek5OnXwpDptr48zoEFADX9GEPFSXlr4EcjK',NULL,NULL,NULL,1,'2019-02-08 14:16:21','2019-02-08 14:16:21','10.104.154.23','10.104.154.23'),(688,NULL,NULL,'2018-12-26 17:07:10','2019-02-08 13:55:28','1537160','$2a$11$zpW2.aK28.Dr5bFZtdCoB.jzWqz.14XLGV5C06WT6GPcE1lvXReFi',NULL,NULL,NULL,1,'2019-02-08 13:55:27','2019-02-08 13:55:27','10.104.154.23','10.104.154.23'),(689,NULL,NULL,'2018-12-26 17:07:10','2019-01-26 00:30:38','1537980','$2a$11$vX/plpJGozHlc7S6r5q1GOPEsNyLmDJS8jIXinY9g4jAiIHf9aku.',NULL,NULL,NULL,0,NULL,NULL,NULL,NULL),(690,NULL,NULL,'2018-12-26 17:07:10','2019-02-15 13:14:29','1547516','$2a$11$4uimbrO.gBAEmtykDq758etpQ97CTFXOP/olt5ONHUMUvALERZeLC',NULL,NULL,NULL,5,'2019-02-15 13:14:29','2019-02-14 12:55:02','10.104.154.23','10.104.154.23'),(691,NULL,NULL,'2018-12-26 17:07:11','2019-02-08 13:57:25','1577925','$2a$11$HmTxTACAme1MMlesvQJ.i.7.ndOr1q/oM5pl8HtW0u5SUfY.8DYE.',NULL,NULL,NULL,1,'2019-02-08 13:57:24','2019-02-08 13:57:24','10.104.154.23','10.104.154.23'),(692,NULL,NULL,'2018-12-26 17:07:11','2019-01-26 00:30:39','565220','$2a$11$7/a3Rqo1faBNV/gQWLVsJODf1ZZaBmb/0.vSIwFUcpco75RyBJo4.',NULL,NULL,NULL,0,NULL,NULL,NULL,NULL),(693,NULL,NULL,'2018-12-26 17:07:11','2019-02-08 14:14:19','709477','$2a$11$PUKAomuQ1wYrWc70f7K.seNA1i4R23qu4ah/I2HsyYUOXQtjCaOiy',NULL,NULL,NULL,1,'2019-02-08 14:14:15','2019-02-08 14:14:15','10.104.154.28','10.104.154.28'),(694,NULL,NULL,'2018-12-26 17:07:11','2019-02-08 14:18:32','721364','$2a$11$.q/DpT60cRDAWOk0wjyGNeJbzo4RSxG6g5bXQH.vd3Ij.pAfW6qsC',NULL,NULL,NULL,1,'2019-02-08 14:18:30','2019-02-08 14:18:30','10.104.154.23','10.104.154.23'),(695,NULL,NULL,'2018-12-26 17:07:11','2019-02-08 12:02:21','741544','$2a$11$2zAtSYqgtqu894eup41K9.wOUUhuuviDqkzN7UBxlHLNufwPU6wLC',NULL,NULL,NULL,1,'2019-02-08 12:02:15','2019-02-08 12:02:15','10.104.154.23','10.104.154.23'),(696,NULL,NULL,'2018-12-26 17:07:11','2019-02-08 14:41:48','750442','$2a$11$4WhQAHOOFfjqPU3kBbQa7uqTUrCXvJU7er74LHejznaE.d55Zz3gO',NULL,NULL,NULL,1,'2019-02-08 14:41:47','2019-02-08 14:41:47','10.104.154.23','10.104.154.23'),(697,NULL,NULL,'2018-12-26 17:07:12','2019-02-08 14:15:42','780543','$2a$11$9zHaJC8/OWZp4xvUjdMeq.cGhpFLqufhEjq7V9bTj5HXOfZUl.atq',NULL,NULL,NULL,1,'2019-02-08 14:15:37','2019-02-08 14:15:37','10.104.154.28','10.104.154.28'),(698,NULL,NULL,'2018-12-26 17:07:12','2019-02-08 14:05:26','784189','$2a$11$vp4UHmSOs4z7wydEtAH.nOrHk18g8A9Iicb9Nfmncve3ies00pCJC',NULL,NULL,NULL,1,'2019-02-08 14:05:24','2019-02-08 14:05:24','10.104.154.23','10.104.154.23'),(699,NULL,NULL,'2018-12-26 17:07:12','2019-02-08 13:54:06','824033','$2a$11$vpigip299G.zpZMQRnDe2.Hm90VQWJJHLxtsDRsG.ut28JrszXEEa',NULL,NULL,NULL,1,'2019-02-08 13:54:04','2019-02-08 13:54:04','10.104.154.23','10.104.154.23'),(700,NULL,NULL,'2018-12-26 17:07:12','2019-02-08 13:50:03','824850','$2a$11$Q3i.0U3KUej4Y3RSfpvz1.yKaJNQKCM03ZfZMRHld4kfp23B5A3DC',NULL,NULL,NULL,1,'2019-02-08 13:50:02','2019-02-08 13:50:02','10.104.154.23','10.104.154.23'),(701,NULL,NULL,'2018-12-26 17:07:12','2019-01-26 00:30:40','829715','$2a$11$8xLSjvos5b4aBTJEUfa1P.KVZ96r9vzF8axX1L8qjeYlCjsHn0KU.',NULL,NULL,NULL,0,NULL,NULL,NULL,NULL),(702,NULL,NULL,'2018-12-26 17:07:12','2019-01-26 00:30:40','829764','$2a$11$dPYWzUbVtnLuT15Iu1.1Y.tuyH.Dek9W14trpnb7N7.OoE3j0xpU6',NULL,NULL,NULL,0,NULL,NULL,NULL,NULL),(703,NULL,NULL,'2018-12-26 17:07:13','2019-02-08 15:48:02','845164','$2a$11$Vorg4tjuNUYg0Sb2b6V8ZeZEM1TTMZZqjfIGmmnY85PV5Vmdm6hf2',NULL,NULL,NULL,2,'2019-02-08 15:48:02','2019-02-08 13:48:58','10.104.154.23','10.104.154.23'),(704,NULL,NULL,'2018-12-26 17:07:13','2019-02-08 15:49:18','889056','$2a$11$YE2mUVc3kWQ/Bkq0nAqUKe9fclOBgPL6O4XD1JwBpggTUZX3U/5FS',NULL,NULL,NULL,2,'2019-02-08 15:49:18','2019-02-08 13:50:31','10.104.154.23','10.104.154.23'),(705,NULL,NULL,'2018-12-26 17:07:13','2019-02-14 13:40:09','889492','$2a$11$GPJSsKgcpgCLL2hRDW1qju4pBEXNLeZhwHws5c/uv91wJlV5OnDNe',NULL,NULL,NULL,5,'2019-02-14 13:40:09','2019-02-13 13:22:52','10.104.154.23','10.104.154.23'),(706,NULL,NULL,'2018-12-26 17:07:13','2019-02-08 14:27:01','893229','$2a$11$nAiPELAW0H5mVkjgwxOjue7NT0s5uQ8zGYx4.VcoMIqPX5zZs7VLC',NULL,NULL,NULL,1,'2019-02-08 14:27:00','2019-02-08 14:27:00','10.104.154.23','10.104.154.23'),(707,NULL,NULL,'2018-12-26 17:07:13','2019-02-08 13:42:37','894120','$2a$11$.RlA04G/D.G538FhD/dcOuSG8euQTCJRzGm6/p7NjGdXCbuXv44vW',NULL,NULL,NULL,1,'2019-02-08 13:42:35','2019-02-08 13:42:35','10.104.154.23','10.104.154.23'),(708,NULL,NULL,'2018-12-26 17:07:13','2019-02-08 14:01:40','1065193','$2a$11$XjNhmYakAwDX2KfswjBqjOvpcaZ2Mjc8BhwLLjHEbtegI6qz2HFAC',NULL,NULL,NULL,1,'2019-02-08 14:01:38','2019-02-08 14:01:38','10.104.154.23','10.104.154.23'),(709,NULL,NULL,'2018-12-26 17:07:14','2019-02-08 14:06:01','1065222','$2a$11$OVERfdcaRv49Bm8CAYIW0.yYR.inza1KYKEne3bFYH/5DApbR0jR2',NULL,NULL,NULL,3,'2019-02-08 14:06:01','2019-02-08 14:05:29','10.104.154.28','10.104.154.28'),(710,NULL,NULL,'2018-12-26 17:07:14','2019-02-08 13:52:13','1229510','$2a$11$zNpWjC8ofIVQeiZKkx/ZZOydSdRAgQ794Y2XQoROYSiB45PqbN4pK',NULL,NULL,NULL,2,'2019-02-08 13:52:13','2019-02-08 13:50:15','10.104.154.28','10.104.154.28'),(711,NULL,NULL,'2018-12-26 17:07:14','2019-02-15 15:44:50','1263221','$2a$11$Po2qk/V/mDZH1ZmB/k1B..5.a0XM0GcRxDyaQJi6om2IYfhe/YViS',NULL,NULL,NULL,4,'2019-02-15 15:44:50','2019-02-14 12:56:27','10.104.154.23','10.104.154.23'),(712,NULL,NULL,'2018-12-26 17:07:14','2019-01-26 00:30:42','1299182','$2a$11$5I4Pf3rUQl5bky674D311.4mJKMQDbpahtycxLYwPKPOVaHBehGZW',NULL,NULL,NULL,0,NULL,NULL,NULL,NULL),(713,NULL,NULL,'2018-12-26 17:07:14','2019-02-08 14:19:23','1333558','$2a$11$F/4N3.hkRCaQ1N6dUKWYG..Ey/zVgwzd3IGkEwEVoCY..nlhUhvKe',NULL,NULL,NULL,1,'2019-02-08 14:19:21','2019-02-08 14:19:21','10.104.154.23','10.104.154.23'),(714,NULL,NULL,'2018-12-26 17:07:14','2019-02-08 17:51:52','1340396','$2a$11$icMCmAbLcWkix3ByuwpBv.2hMdydOXBisSWXXSLm98GrRRjVRflVK',NULL,NULL,NULL,6,'2019-02-08 17:51:52','2019-02-08 15:18:33','10.104.154.23','10.104.154.23'),(715,NULL,NULL,'2018-12-26 17:07:15','2019-02-08 14:04:17','1345919','$2a$11$gEDSItBHAk63pKbuNGRx9u7/Vou0kZJMVik/wOwqQW4.bKa8ZWKvK',NULL,NULL,NULL,1,'2019-02-08 14:04:15','2019-02-08 14:04:15','10.104.154.23','10.104.154.23'),(716,NULL,NULL,'2018-12-26 17:07:15','2019-02-08 14:00:06','1355578','$2a$11$/alU7nmzS3OYT8ka67BMb.8shGSpEJgoRK3kvbsRGuLZn.dZ4YQ/C',NULL,NULL,NULL,1,'2019-02-08 14:00:04','2019-02-08 14:00:04','10.104.154.23','10.104.154.23'),(717,NULL,NULL,'2018-12-26 17:07:15','2019-02-11 13:28:37','1358093','$2a$11$ni/10iIY4NdcVL.dRpqx8.kywcX8gb0xHOXq2DB/o3p1NFbNRk76i',NULL,NULL,NULL,2,'2019-02-11 13:28:37','2019-02-08 14:15:09','10.104.154.23','10.104.154.23'),(718,NULL,NULL,'2018-12-26 17:07:15','2019-02-14 13:34:15','1358094','$2a$11$92hQqHRnV.FDtShWsWL1Qu4CMFCwhenZY/Dwlx7mthkp8Wy.vtF9m',NULL,NULL,NULL,3,'2019-02-14 13:34:15','2019-02-14 13:31:31','10.104.154.23','10.104.154.23'),(719,NULL,NULL,'2018-12-26 17:07:15','2019-02-15 12:43:36','1358101','$2a$11$RkR.fj1Eq6J15CNNjjnRMuEZo3bGrsick4qVV3U5DLg4t7LUrk2NO',NULL,NULL,NULL,5,'2019-02-15 12:43:36','2019-02-14 13:19:22','10.104.154.23','10.104.154.23'),(720,NULL,NULL,'2018-12-26 17:07:15','2019-02-11 04:14:50','1362041','$2a$11$/8aZxXuA8IVRcdDC5NpVneX5x7X2usi1iGfk/DqM7JAXqZEW8SYgK',NULL,NULL,NULL,1,'2019-02-11 04:14:42','2019-02-11 04:14:42','10.104.154.23','10.104.154.23'),(721,NULL,NULL,'2018-12-26 17:07:16','2019-02-08 14:15:33','1362137','$2a$11$uasZE.BauCovQD9GeSV7teczejWNr0CWyeeGUUK1fxQflDLeWO9AC',NULL,NULL,NULL,1,'2019-02-08 14:15:32','2019-02-08 14:15:32','10.104.154.23','10.104.154.23'),(722,NULL,NULL,'2018-12-26 17:07:16','2019-02-08 13:59:18','1362380','$2a$11$6Xii3bWlbapDSWxjpqZtL.wILqggODH6c7lcROPVGyWJtmfh3HD0C',NULL,NULL,NULL,1,'2019-02-08 13:59:16','2019-02-08 13:59:16','10.104.154.23','10.104.154.23'),(723,NULL,NULL,'2018-12-26 17:07:16','2019-02-08 13:59:52','1363446','$2a$11$6DZqv.q8COBiKN5xllPkduEW1Zj.GqHBkuGoDj20oz1eJws/DsVQe',NULL,NULL,NULL,1,'2019-02-08 13:59:48','2019-02-08 13:59:48','10.104.154.28','10.104.154.28'),(724,NULL,NULL,'2018-12-26 17:07:16','2019-01-26 00:30:43','1364574','$2a$11$Lq5LxdNc/SZ9ZBPfWXABq.EYHGyXfnb7jXbJ4LjNXikFWAXbaTREi',NULL,NULL,NULL,0,NULL,NULL,NULL,NULL),(725,NULL,NULL,'2018-12-26 17:07:16','2019-02-08 14:18:10','1389239','$2a$11$InOisjzLD8lBbNgnQXbw2.7rGvatKrx2xXAQCTVciZ4uAge/rJ9M2',NULL,NULL,NULL,1,'2019-02-08 14:18:08','2019-02-08 14:18:08','10.104.154.23','10.104.154.23'),(726,NULL,NULL,'2018-12-26 17:07:16','2019-02-08 14:17:35','1389242','$2a$11$mHy3ySVaoZvIca6TSKbKWuuUqMbJ..tVBTWdWistNR7Tewm6M/dve',NULL,NULL,NULL,1,'2019-02-08 14:17:31','2019-02-08 14:17:31','10.104.154.23','10.104.154.23'),(727,NULL,NULL,'2018-12-26 17:07:17','2019-02-08 17:58:03','1390924','$2a$11$xsEgdLexMuF1TmpL1TAKVO5C3XyasBX4oNUT/GKtYce2yEOOBa7re',NULL,NULL,NULL,1,'2019-02-08 17:57:59','2019-02-08 17:57:59','10.104.154.23','10.104.154.23'),(728,NULL,NULL,'2018-12-26 17:07:17','2019-02-08 14:25:34','1391045','$2a$11$Yla7JJ8TlXhdwxcKfx7/6u4zkynL0VAfxgpuEjuKJoCG/AAIBK.Ka',NULL,NULL,NULL,1,'2019-02-08 14:25:32','2019-02-08 14:25:32','10.104.154.23','10.104.154.23'),(729,NULL,NULL,'2018-12-26 17:07:17','2019-02-08 13:44:55','1391096','$2a$11$eSW.sHmUygmVGqsZPm/d3uOidgaOHcY2FpHTuYEvQlhII6r0q.GUm',NULL,NULL,NULL,1,'2019-02-08 13:44:54','2019-02-08 13:44:54','10.104.154.23','10.104.154.23'),(730,NULL,NULL,'2018-12-26 17:07:17','2019-02-08 14:38:36','1400542','$2a$11$3pphH/08JeMvv7rKZhUjoeEvwyRnWLC2V1./kD0r9mRLtOAnCEVOy',NULL,NULL,NULL,1,'2019-02-08 14:38:34','2019-02-08 14:38:34','10.104.154.23','10.104.154.23'),(731,NULL,NULL,'2018-12-26 17:07:17','2019-02-08 13:58:31','1404093','$2a$11$diSWVgoVjz5eIhntyxK8nuyexXEEBjmd08uDiglGYFEi3B82sd/cy',NULL,NULL,NULL,1,'2019-02-08 13:58:30','2019-02-08 13:58:30','10.104.154.23','10.104.154.23'),(732,NULL,NULL,'2018-12-26 17:07:17','2019-02-08 17:48:45','1419182','$2a$11$d/dAhNabeUIs5NZ/mFvl6e6cTBrsw0G7DQUtnF0e5g3FUnUc4hjea',NULL,NULL,NULL,1,'2019-02-08 17:48:41','2019-02-08 17:48:41','10.104.154.23','10.104.154.23'),(733,NULL,NULL,'2018-12-26 17:07:17','2019-01-26 00:30:45','1419190','$2a$11$BjvTtjs3kvhOhm3UNsTGH.x/cSaXb5dDPA/51CPpXK2hr/7Zueiu6',NULL,NULL,NULL,0,NULL,NULL,NULL,NULL),(734,NULL,NULL,'2018-12-26 17:07:18','2019-02-08 14:08:44','1419200','$2a$11$zb/u5PFHDhcwND3XsAO9Pe8RELhLcJRNqR89tSY3Y6PzkPqm5lOq.',NULL,NULL,NULL,1,'2019-02-08 14:08:43','2019-02-08 14:08:43','10.104.154.23','10.104.154.23'),(735,NULL,NULL,'2018-12-26 17:07:18','2019-02-08 14:26:11','1455157','$2a$11$O01fSzol0JuGIwGMFlcDj.yCCZ6NKH/nVv.EWD4zhHUOOSFbO4Cq.',NULL,NULL,NULL,1,'2019-02-08 14:26:08','2019-02-08 14:26:08','10.104.154.28','10.104.154.28'),(736,NULL,NULL,'2018-12-26 17:07:18','2019-01-26 00:30:45','1457480','$2a$11$18t24YCUAUPzaG9DbKJcQe030hIo3wyYOsLwuSG.QhKCKyKW1nVMC',NULL,NULL,NULL,0,NULL,NULL,NULL,NULL),(737,NULL,NULL,'2018-12-26 17:07:18','2019-01-26 00:30:45','1457485','$2a$11$RksnyDJddlijUye/GM.Cgu/TrGGMbxESu/gxfjUm/mIfqhyPSAu3a',NULL,NULL,NULL,0,NULL,NULL,NULL,NULL),(738,NULL,NULL,'2018-12-26 17:07:18','2019-01-26 00:30:46','1457563','$2a$11$/Yntx5TwsRlYm8ey4orIbO9moOYLW6.x.3njUlBYE6jCkb7BzmCpK',NULL,NULL,NULL,0,NULL,NULL,NULL,NULL),(739,NULL,NULL,'2018-12-26 17:07:18','2019-02-08 17:50:45','1607587','$2a$11$.cz3H8acVP04y4PrVGUPwOcHFbX5UYiTRPApWPF5nEwWM00ElrPAu',NULL,NULL,NULL,1,'2019-02-08 17:50:42','2019-02-08 17:50:42','10.104.154.23','10.104.154.23'),(740,NULL,NULL,'2018-12-26 17:07:19','2019-02-08 14:12:37','1591922','$2a$11$nwir9gEo1B46VKodoHLAduLHQO1o/JBizxOXPBjE6U9UH8c22m3Jq',NULL,NULL,NULL,1,'2019-02-08 14:12:35','2019-02-08 14:12:35','10.104.154.23','10.104.154.23'),(741,NULL,NULL,'2018-12-26 17:07:19','2019-02-08 14:38:10','1607561','$2a$11$JYHKGqvFcXTBXOudtj7Q1.v4JB.BgxxTAAWaMrYVUQ74oF3YODGUu',NULL,NULL,NULL,1,'2019-02-08 14:38:08','2019-02-08 14:38:08','10.104.154.23','10.104.154.23'),(742,NULL,NULL,'2018-12-26 17:07:19','2019-02-08 14:12:12','1537147','$2a$11$YB5Hv854ZcgBsaYaJjYUbO4WBRNlHGZqLrFWIkHTk68K7dMBPoLFS',NULL,NULL,NULL,1,'2019-02-08 14:12:11','2019-02-08 14:12:11','10.104.154.23','10.104.154.23'),(743,NULL,NULL,'2018-12-26 17:07:19','2019-02-15 15:45:25','1537967','$2a$11$EVc939ddf5wT6uXNKzIMkOZv0IPZ7dkFK7oOgMJtBu/MKO9UOkwGa',NULL,NULL,NULL,3,'2019-02-15 15:45:25','2019-02-11 12:25:01','10.104.154.23','10.104.154.23'),(744,NULL,NULL,'2018-12-26 17:07:19','2019-02-08 13:54:32','1537971','$2a$11$TUkVYSFqe.7LMq5tJlcUqe27QBCi7YU43voMCHQT4YTLf5m1Ak4Xe',NULL,NULL,NULL,1,'2019-02-08 13:54:30','2019-02-08 13:54:30','10.104.154.23','10.104.154.23'),(745,NULL,NULL,'2018-12-26 17:07:19','2019-02-08 14:02:26','1537976','$2a$11$dMIm3ROE8CFIApPXsJs2p.hVTnS3QaBIDib0wvb4YOrSiDrJ/OQlm',NULL,NULL,NULL,1,'2019-02-08 14:02:25','2019-02-08 14:02:25','10.104.154.23','10.104.154.23'),(746,NULL,NULL,'2018-12-26 17:07:20','2019-02-15 12:35:17','1543918','$2a$11$.9VMOCQ0DAL63Mfv22z/t.Ar4zkaSVxBR1Z2lOR3IyOnwU7mmrjGe',NULL,NULL,NULL,2,'2019-02-15 12:35:17','2019-02-08 13:55:44','10.104.154.23','10.104.154.23'),(747,NULL,NULL,'2018-12-26 17:07:20','2019-02-08 14:19:47','1546779','$2a$11$xt7xb5tm06MRq48UoMKKAu8P6bZbEum/97L1XZEwy01sxYSxy9wIm',NULL,NULL,NULL,1,'2019-02-08 14:19:45','2019-02-08 14:19:45','10.104.154.23','10.104.154.23'),(748,NULL,NULL,'2018-12-26 17:07:20','2019-02-08 13:55:11','1547500','$2a$11$KEKBaS6kZ.jxuSmP8qrNYusXak3PzO4hv3HKfXCGiW2N2h3KDgJ1.',NULL,NULL,NULL,1,'2019-02-08 13:55:09','2019-02-08 13:55:09','10.104.154.23','10.104.154.23'),(749,NULL,NULL,'2018-12-26 17:07:20','2019-02-08 14:01:32','1547501','$2a$11$O0bCFbiOS.VegVPrAe4kCesfQHxHKYvREaugYtmkdYHCfOhtdTJcW',NULL,NULL,NULL,1,'2019-02-08 14:01:29','2019-02-08 14:01:29','10.104.154.28','10.104.154.28'),(750,NULL,NULL,'2018-12-26 17:07:20','2019-02-08 14:12:59','1550151','$2a$11$01qLlE5RiWg9.baIGIZIo.UKTUQQWClTSHexgkJzk.fT4eLrHT5X6',NULL,NULL,NULL,1,'2019-02-08 14:12:57','2019-02-08 14:12:57','10.104.154.23','10.104.154.23'),(751,NULL,NULL,'2018-12-26 17:07:20','2019-02-08 14:02:54','1550983','$2a$11$1Zka7dDJVpSQ3fX2ZV/Jrua2Wz/GBamlpq8pvVWoDdOlDdFSm7dKm',NULL,NULL,NULL,1,'2019-02-08 14:02:52','2019-02-08 14:02:52','10.104.154.23','10.104.154.23'),(752,NULL,NULL,'2018-12-26 17:07:21','2019-02-08 14:37:08','1551007','$2a$11$/pjWtc2mSdgFyWwT7sJ2DO47gFWWKPNwySNTsU4TaZL.DNHTamo0m',NULL,NULL,NULL,2,'2019-02-08 14:37:08','2019-02-08 14:10:54','10.104.154.23','10.104.154.23'),(753,NULL,NULL,'2018-12-26 17:07:21','2019-02-08 14:09:54','1551011','$2a$11$1YFG.QXDUl2wqmnyULJHZO7EhQxaCrNmkfSf0pJM1DbH4rdxMDwiS',NULL,NULL,NULL,1,'2019-02-08 14:09:52','2019-02-08 14:09:52','10.104.154.23','10.104.154.23'),(754,NULL,NULL,'2018-12-26 17:07:21','2019-02-08 14:10:16','1551013','$2a$11$8yIWLq8bRjjnyws3j.zgd.wW07tcXcC0ifrCpfKL3oi8z5mpdsFPi',NULL,NULL,NULL,1,'2019-02-08 14:10:14','2019-02-08 14:10:14','10.104.154.23','10.104.154.23'),(755,NULL,NULL,'2018-12-26 17:07:21','2019-02-08 14:09:33','1551124','$2a$11$OFhSSvZbv18PlgSre3h9aOUpnbxQaH4XFMgI9xm/IHBDouds6WuSa',NULL,NULL,NULL,1,'2019-02-08 14:09:31','2019-02-08 14:09:31','10.104.154.23','10.104.154.23'),(756,NULL,NULL,'2018-12-26 17:07:21','2019-02-08 17:55:34','1560754','$2a$11$VN4I1B44TewGKvDafUjMMed0PcrxQFD9IHR4vdYqCLOacqf0ASKvq',NULL,NULL,NULL,1,'2019-02-08 17:55:29','2019-02-08 17:55:29','10.104.154.23','10.104.154.23'),(757,NULL,NULL,'2018-12-26 17:07:21','2019-02-08 17:57:16','1564749','$2a$11$9p3PQB01wk0ZATTcQKxyKeWyfJxdAZIryNwkXbFMmf9wOYnFGUgSu',NULL,NULL,NULL,1,'2019-02-08 17:57:14','2019-02-08 17:57:14','10.104.154.23','10.104.154.23'),(758,NULL,NULL,'2018-12-26 17:07:22','2019-02-08 13:42:52','1567466','$2a$11$GHfnBLRfPejEg4v.9f8st.Kcnk0KC87We2IHGV76MtT1QiE.Jwnru',NULL,NULL,NULL,1,'2019-02-08 13:42:18','2019-02-08 13:42:18','10.104.154.28','10.104.154.28'),(759,NULL,NULL,'2018-12-26 17:07:22','2019-02-08 14:01:19','1572637','$2a$11$Rv2CGUIb8hqNOyFQhsEaWutDvuRFGTYJkqJ47BueAR5a1tz9BacZG',NULL,NULL,NULL,1,'2019-02-08 14:01:17','2019-02-08 14:01:17','10.104.154.23','10.104.154.23'),(760,NULL,NULL,'2018-12-26 17:07:22','2019-02-15 19:21:03','1572639','$2a$11$Dy4SfVqYG0Gfbd4BWcPhG.OmgkqteMiTcnqeqidolp0/juivE.QcW',NULL,NULL,NULL,3,'2019-02-15 19:21:03','2019-02-15 19:20:08','10.104.154.23','10.104.154.23'),(761,NULL,NULL,'2018-12-26 17:07:22','2019-02-14 20:41:49','1578200','$2a$11$jb9I/PpeSttm3xFJhsjp/O22Qpkd7TY8mrjS0d2jvuvvy6MdwfZra',NULL,NULL,NULL,2,'2019-02-14 20:41:49','2019-02-08 14:50:04','10.104.154.23','10.104.154.23'),(762,NULL,NULL,'2018-12-26 17:07:22','2019-02-08 14:10:37','1584984','$2a$11$uEPxeFrpP98c3ciC950rhO355Fzz66d/mURAcINvQ7XcA/vYtxRDC',NULL,NULL,NULL,1,'2019-02-08 14:10:36','2019-02-08 14:10:36','10.104.154.23','10.104.154.23'),(763,NULL,NULL,'2018-12-26 17:07:22','2019-02-11 12:09:19','1584999','$2a$11$.vDlXrll04LtvB/UQoDNierUtEutDNpJCDvMs2n0rhQqqFLqOBlHu',NULL,NULL,NULL,10,'2019-02-11 12:09:19','2019-02-08 14:38:47','10.104.154.23','10.104.154.28'),(764,NULL,NULL,'2018-12-26 17:07:23','2019-02-08 13:39:30','1550981','$2a$11$tpwvI7hIrThdBvjQzAKfT.6dZthP.DhMgjQvwEFKlOT.O./m1YzUe',NULL,NULL,NULL,2,'2019-02-08 13:39:30','2019-02-08 13:31:22','10.104.154.23','10.104.154.23'),(765,NULL,NULL,'2018-12-26 17:07:23','2019-02-08 13:54:54','1551000','$2a$11$DllFpIjJRTXABI.Q.1T7qOtloLQvv.u3UPwM8L3pC1srkyn9Tvs3C',NULL,NULL,NULL,1,'2019-02-08 13:54:52','2019-02-08 13:54:52','10.104.154.23','10.104.154.23'),(766,NULL,NULL,'2018-12-26 17:07:23','2019-02-08 14:28:31','1551009','$2a$11$12myndVF04LJn0F1Oduh0Oh/zk/OQ1JPSO6NFnr1OT9ZiOvJw/CpS',NULL,NULL,NULL,1,'2019-02-08 14:28:19','2019-02-08 14:28:19','10.104.154.28','10.104.154.28'),(767,NULL,NULL,'2018-12-26 17:07:23','2019-02-08 14:02:04','1551126','$2a$11$uWNY5fBclvbfoQDeZU0zBuYwJ4zrY2CMxay6xZLSEcOibG7HbDiES',NULL,NULL,NULL,1,'2019-02-08 14:02:03','2019-02-08 14:02:03','10.104.154.23','10.104.154.23'),(768,NULL,NULL,'2018-12-26 17:07:23','2019-02-15 13:28:36','792310','$2a$11$WClfroDMOH5SUe6v5l639.D1ufEpAR5IfLuGbuFaRhfbHLOowjib6',NULL,NULL,NULL,8,'2019-02-15 13:28:36','2019-02-12 10:53:31','10.104.154.23','10.104.154.23'),(769,NULL,NULL,'2018-12-26 17:07:23','2019-02-15 12:59:39','479659','$2a$11$QlEM62dnP0XXW78rqvDfUO5.fGFfAY/CASkTV4CCfsB7K7PPAqR9q',NULL,NULL,NULL,6,'2019-02-15 12:59:39','2019-02-14 13:01:20','10.104.154.23','10.104.154.23'),(770,NULL,NULL,'2018-12-26 17:07:24','2019-01-26 00:30:50','1591919','$2a$11$xYr1LxG8zTizvQN0q5suCehMKwnVOLwWt3hoj5i2VnEgw13YaBYo6',NULL,NULL,NULL,0,NULL,NULL,NULL,NULL),(771,NULL,NULL,'2018-12-26 17:07:24','2019-02-15 13:16:50','1523236','$2a$11$p1pIDB6mOriPMcqfM64J8eMFi.AmZH4Yb4qdoAqjgFZKfGt0l.7ja',NULL,NULL,NULL,9,'2019-02-15 13:16:50','2019-02-14 13:19:52','10.104.154.23','10.104.154.23'),(772,NULL,NULL,'2018-12-26 17:07:24','2019-01-26 00:30:51','1556117','$2a$11$BDkd01fIyveRE2NvUWsg8OJeDlM8G0XpzyxmgAU0G/COSLWGeweR2',NULL,NULL,NULL,0,NULL,NULL,NULL,NULL),(773,NULL,NULL,'2018-12-26 17:07:24','2019-02-15 14:18:02','774694','$2a$11$ETBNTriSQIuFt807dHuoae6epWK.oLVhJiY5e3nxdBan0KLYxLUfa',NULL,NULL,NULL,7,'2019-02-15 14:18:02','2019-02-14 13:23:57','10.104.154.23','10.104.154.23'),(774,NULL,NULL,'2018-12-26 17:07:24','2019-02-08 14:40:13','1224642','$2a$11$o5XnO8X.2P6a5cW8Rad9uuZ9nRfKvNVB8/b8i5FpcqB1bVBSeURoa',NULL,NULL,NULL,2,'2019-02-08 14:40:13','2019-02-08 14:06:10','10.104.154.23','10.104.154.23'),(775,NULL,NULL,'2018-12-26 17:07:24','2019-02-08 14:22:20','516755','$2a$11$bxqvp9B8sFlLtCZTJn9EpubQGZGXFHS6pR6P6iBnG3DEdyS1y4oKC',NULL,NULL,NULL,1,'2019-02-08 14:22:18','2019-02-08 14:22:18','10.104.154.23','10.104.154.23'),(776,NULL,NULL,'2018-12-26 17:07:25','2019-02-08 14:46:20','858974','$2a$11$7ssr3s30GNAhrkcogO9E5u5svFj/VLwi4P4q0xdg757Sw7Edjy0t6',NULL,NULL,NULL,1,'2019-02-08 14:46:18','2019-02-08 14:46:18','10.104.154.23','10.104.154.23'),(777,NULL,NULL,'2018-12-26 17:07:25','2019-02-08 14:57:19','883300','$2a$11$UljdzLlr94nSAnmMItCGgePwrXVJ0M.zUyxXazCwqyCkgDSGVdGgC',NULL,NULL,NULL,1,'2019-02-08 14:57:18','2019-02-08 14:57:18','10.104.154.23','10.104.154.23'),(778,NULL,NULL,'2018-12-26 17:07:25','2019-02-08 15:20:15','912019','$2a$11$0.ylK7a8XlaOE5B6xq6dAOiD7IepjQCexYUkisAvicUB9m3/VaT7q',NULL,NULL,NULL,1,'2019-02-08 15:20:11','2019-02-08 15:20:11','10.104.154.23','10.104.154.23'),(779,NULL,NULL,'2018-12-26 17:07:25','2019-02-15 13:24:53','1035489','$2a$11$u3brapd.sH6gEU8hLuIrFeGB4F6Izgb72y39AQfN5tHQ1hxzTVmBy',NULL,NULL,NULL,7,'2019-02-15 13:24:53','2019-02-14 13:05:43','10.104.154.23','10.104.154.23'),(780,NULL,NULL,'2018-12-26 17:07:25','2019-02-08 15:12:42','1074611','$2a$11$0KY1h5wn2WgsVMAQP8HcCOeueQ.RCdsSoUxdChVV2osxcXw8jK.n.',NULL,NULL,NULL,2,'2019-02-08 15:12:40','2019-01-17 23:46:24','10.104.154.23','10.101.84.117'),(781,NULL,NULL,'2018-12-26 17:07:25','2019-02-08 13:47:09','1304391','$2a$11$Fxxsg6Ldrd5RhflTU283POEUR50TuBorfyuJ279JwfyROuO5QJW/u',NULL,NULL,NULL,2,'2019-02-08 13:47:06','2019-01-17 23:47:41','10.104.154.28','10.101.84.117'),(782,NULL,NULL,'2018-12-26 17:07:26','2019-02-08 14:22:49','1304232','$2a$11$mR0Dap1FSygiBg.E3mswUeHtaIJadQuesrqmqjswiXx031g409Qai',NULL,NULL,NULL,1,'2019-02-08 14:22:48','2019-02-08 14:22:48','10.104.154.23','10.104.154.23'),(783,NULL,NULL,'2018-12-26 17:07:26','2019-02-15 12:16:14','1272945','$2a$11$YA6P.xQt/x7YeI9z5Tc6f.N1HxAVVnMCniX2n24sGqwfNkmxZCbQm',NULL,NULL,NULL,6,'2019-02-15 12:16:14','2019-02-14 12:26:35','10.104.154.23','10.104.154.23'),(784,NULL,NULL,'2018-12-26 17:07:26','2019-02-15 11:29:54','1389493','$2a$11$Hi5Z74FQt.78oEtblM.p4uukC49U1X.6sF9vtga04L0UBFwQ1fKkm',NULL,NULL,NULL,9,'2019-02-15 11:29:54','2019-02-14 14:15:25','10.104.154.23','10.104.154.23'),(785,NULL,NULL,'2018-12-26 17:07:26','2019-02-08 15:24:30','1543927','$2a$11$V1z6U695LvtTMyNtbHcx4eEACruq7XzFPio43/CWNILvadc9oHY2m',NULL,NULL,NULL,1,'2019-02-08 15:24:25','2019-02-08 15:24:25','10.104.154.23','10.104.154.23'),(786,NULL,NULL,'2018-12-26 17:07:26','2019-02-15 17:49:50','1571453','$2a$11$KCoBSWhkYm4EoRaRsafj.OePqcflx6XptItvk98bnDlk0dwRfqfLi',NULL,NULL,NULL,2,'2019-02-15 17:49:50','2019-02-08 13:18:13','10.104.154.23','10.104.154.23'),(787,NULL,NULL,'2018-12-26 17:07:26','2019-02-08 14:41:22','1561733','$2a$11$v8NYancfEkgPWWYsUBQlEeB/Jqvhx2MMC08n47b1gtaHC1KXsPecO',NULL,NULL,NULL,1,'2019-02-08 14:41:20','2019-02-08 14:41:20','10.104.154.23','10.104.154.23'),(788,NULL,NULL,'2018-12-26 17:07:26','2019-02-13 19:19:43','1578183','$2a$11$boxyxqFlBVHSxZa3NMcIvuj.5Qyhdr.gOMm9hdJv6Cpug1JO0tfyi',NULL,NULL,NULL,4,'2019-02-13 19:19:43','2019-02-11 13:19:43','10.104.154.23','10.104.154.23'),(789,NULL,NULL,'2018-12-26 17:07:27','2019-02-14 14:36:30','710828','$2a$11$HxQ1ZQFjHd7am0/JN02gKOQQVraNJnWi34O0mJ8EGY36a.X0RlTsm',NULL,NULL,NULL,4,'2019-02-14 14:36:30','2019-02-13 13:15:40','10.104.154.23','10.104.154.23'),(790,NULL,NULL,'2018-12-26 17:07:27','2019-02-15 13:12:24','837184','$2a$11$VMNEQlvCIiE37uorQzFCCulwexAjREu.AHcR3Jqm7QuHfAx9mlWuy',NULL,NULL,NULL,6,'2019-02-15 13:12:24','2019-02-14 13:00:45','10.104.154.23','10.104.154.23'),(791,NULL,NULL,'2018-12-26 17:07:27','2019-02-14 12:15:07','1113138','$2a$11$WK6bQoQyvA4IaBTnzR2iNeZ0ozT8UfWvKCpszz35S3B8lTfRntX/2',NULL,NULL,NULL,4,'2019-02-14 12:15:07','2019-02-14 12:13:32','10.104.154.23','10.104.154.23'),(792,NULL,NULL,'2018-12-26 17:07:27','2019-02-11 13:36:02','1191588','$2a$11$eKlQw.2kA3G3aQfpBLXgyeY8cCJxbTWhsEvRBt1Ya9iV9NfRQTOPW',NULL,NULL,NULL,2,'2019-02-11 13:36:02','2019-02-08 14:08:21','10.104.154.23','10.104.154.23'),(793,NULL,NULL,'2018-12-26 17:07:27','2019-02-08 14:40:10','1275020','$2a$11$O05uLATXxC56CGrSUWTVKeuXITcu8KREw0xYwshbNH5ZtJ/S7ibOm',NULL,NULL,NULL,2,'2019-02-08 14:40:10','2019-02-08 14:10:50','10.104.154.28','10.104.154.28'),(794,NULL,NULL,'2018-12-26 17:07:27','2019-02-08 14:09:54','1414771','$2a$11$4TybJKm9se9J681LbuHLkeotfstd349ETeGwgC8w78pzze1KI53Y2',NULL,NULL,NULL,1,'2019-02-08 14:09:51','2019-02-08 14:09:51','10.104.154.28','10.104.154.28'),(795,NULL,NULL,'2018-12-26 17:07:28','2019-02-08 22:16:59','1233144','$2a$11$Hx2drBXgKpO4kOtBUGCqEujgfsye7gBT6Vnxcca303bL8k76coboK',NULL,NULL,NULL,1,'2019-02-08 22:16:55','2019-02-08 22:16:55','10.104.154.23','10.104.154.23'),(796,NULL,NULL,'2018-12-26 17:07:28','2019-01-26 00:30:54','745525','$2a$11$E1qhKK10Vig4BvyBu3WXFe5aIclkjHUk0URskl.BlwReR/AQcbevG',NULL,NULL,NULL,0,NULL,NULL,NULL,NULL),(797,NULL,NULL,'2018-12-26 17:07:28','2019-02-13 13:34:20','815043','$2a$11$U/IrWdq5Qm08dYUHalJOue9sejvB2ie.t.xkh8VHYAiUo5sglqB2u',NULL,NULL,NULL,3,'2019-02-13 13:34:20','2019-02-12 13:00:28','10.104.154.23','10.104.155.145'),(798,NULL,NULL,'2018-12-26 17:07:28','2019-01-26 00:30:55','862449','$2a$11$8Gs6TJGYGtAG409UMIzZv.WVSo7gtpsK3COwXESMJThFvS1AmXX1O',NULL,NULL,NULL,0,NULL,NULL,NULL,NULL),(799,NULL,NULL,'2018-12-26 17:07:28','2019-01-26 00:30:55','1533929','$2a$11$C.9GuPGgk9rh5xM4VWy.t.W.i25c3jBT1qDOVXai6hFuIy.a66rHu',NULL,NULL,NULL,0,NULL,NULL,NULL,NULL),(800,NULL,NULL,'2018-12-26 17:07:28','2019-02-15 12:21:03','1615561','$2a$11$W9eye6vCEpgBdpJtTP6yOu3RVmhZXWuCYAJjVzq5i7AmAOXgHCz5y',NULL,NULL,NULL,8,'2019-02-15 12:21:03','2019-02-14 12:19:42','10.104.154.23','10.104.154.23'),(801,NULL,NULL,'2018-12-26 17:07:29','2019-02-15 12:32:15','1615554','$2a$11$n9gXvyGVUw0PbcUHak11r.7jEfYcZZxTK9b0VCRjVV/luBkjTPLg.',NULL,NULL,NULL,7,'2019-02-15 12:32:15','2019-02-14 13:34:52','10.104.154.23','10.104.154.23'),(802,NULL,NULL,'2018-12-26 17:07:29','2019-02-15 12:45:48','1579254','$2a$11$beEYmeYnpa.D8QvB.rueD.iS/boJkq80KcYfrTziJT/ncJB9K97EK',NULL,NULL,NULL,6,'2019-02-15 12:45:48','2019-02-14 12:32:09','10.104.154.23','10.104.154.23'),(803,NULL,NULL,'2018-12-26 17:07:29','2019-02-15 12:01:56','1543933','$2a$11$EAariSDVmtqTHtEYACCSe.8wOLl8yLo0eSZSCdMmyu3vvF4CT59Hq',NULL,NULL,NULL,5,'2019-02-15 12:01:56','2019-02-14 12:09:50','10.104.154.23','10.104.154.23'),(804,NULL,NULL,'2018-12-26 17:07:29','2019-01-26 00:30:56','1556116','$2a$11$T9gWdtN126MqD8iN5Um.1emSYkfdFyhX59nb63Cyn8jAsgQSQEE.q',NULL,NULL,NULL,0,NULL,NULL,NULL,NULL),(805,NULL,NULL,'2018-12-26 17:07:29','2019-01-26 00:30:56','1562712','$2a$11$u9Fe/1dA8v10UIhJDrATUujKmBp9o4VKBADQAW5DEj/.YEOM1I/9i',NULL,NULL,NULL,0,NULL,NULL,NULL,NULL),(806,NULL,NULL,'2018-12-26 17:07:29','2019-01-26 00:30:56','1562714','$2a$11$zcdbqtmwJ7Wp3e.K4AN.KO8jC0s8wZWBPNw8Mj0pVTWVNX1ESanzS',NULL,NULL,NULL,0,NULL,NULL,NULL,NULL),(807,NULL,NULL,'2018-12-26 17:07:30','2019-01-26 00:30:56','1563067','$2a$11$xa/2Z90Fmqspq1DCfumcpeQaDxGZimBi8J9BAla7xNgZpmwtqrPvO',NULL,NULL,NULL,0,NULL,NULL,NULL,NULL),(808,NULL,NULL,'2018-12-26 17:07:30','2019-02-08 15:02:53','243808','$2a$11$Pju.nUfbQYhJ.lMG3c1YMeIMqjEPWVGtfage0voWi/hCmVHhvuzEC',NULL,NULL,NULL,2,'2019-02-08 15:02:53','2019-02-08 14:53:52','10.104.154.23','10.104.154.23'),(809,NULL,NULL,'2018-12-26 17:07:30','2019-02-15 13:23:08','1567467','$2a$11$ctEB8CjS6xiMQfupp3pEIOgMswSP5HUfg2GxA5TA7s8yR0TO2.KkW',NULL,NULL,NULL,6,'2019-02-15 13:23:08','2019-02-14 13:13:03','10.104.154.23','10.104.154.23'),(810,NULL,NULL,'2018-12-26 17:07:30','2019-02-15 13:49:41','907410','$2a$11$6Z.cgcXKtY1nENTeLS/IuuhHX5LXrQE10/ISdmHekVINLv.4cxZxy',NULL,NULL,NULL,5,'2019-02-15 13:49:41','2019-02-13 13:52:16','10.104.154.23','10.104.154.23'),(811,NULL,NULL,'2018-12-26 17:07:30','2019-01-26 00:30:57','1000807','$2a$11$JgKp6u1vghegsUwSsk39meLv.eJtMxPERufVCXNm1serLoj1MVkw.',NULL,NULL,NULL,0,NULL,NULL,NULL,NULL),(812,NULL,NULL,'2018-12-26 17:07:30','2019-02-08 13:43:41','1568977','$2a$11$1tDrq0s90XjQIus3vjC45.DGeTxwpG7coEVbAUa1S.Rj3OpUZbEDq',NULL,NULL,NULL,1,'2019-02-08 13:43:40','2019-02-08 13:43:40','10.104.154.23','10.104.154.23'),(813,NULL,NULL,'2018-12-26 17:07:31','2019-02-15 12:29:44','1572640','$2a$11$NZRO4Pp1dapDW7j96e/P/u4oMe6PEWnzShG31oR255VDY5uCr6Db2',NULL,NULL,NULL,3,'2019-02-15 12:29:44','2019-02-14 12:54:13','10.104.154.23','10.104.154.23'),(814,NULL,NULL,'2018-12-26 17:07:31','2019-02-15 14:20:59','811209','$2a$11$xrXL/BA8o0hQCUdvvdmDneXUWpCaQ5655J0TNThH5spz9PhbB9K3q',NULL,NULL,NULL,7,'2019-02-15 14:20:59','2019-02-14 18:03:11','10.104.154.23','10.104.154.23'),(815,NULL,NULL,'2018-12-26 17:07:31','2019-02-15 13:13:32','525002','$2a$11$hIhER0mhl74YLvLXR2Rem.X3Lz3/5bI3fL/e/3pF60aG02dhiujcK',NULL,NULL,NULL,6,'2019-02-15 13:13:32','2019-02-14 13:06:37','10.104.154.23','10.104.154.23'),(816,NULL,NULL,'2018-12-26 17:07:31','2019-02-15 12:39:26','1553869','$2a$11$jATnYCuglBAabjKr61lg9OwlHOj.qCUtnu4EdYz1N46sy.uBpqYfq',NULL,NULL,NULL,7,'2019-02-15 12:39:26','2019-02-14 12:42:00','10.104.154.23','10.104.154.23'),(817,NULL,NULL,'2018-12-26 17:07:31','2019-02-15 16:07:57','1264854','$2a$11$ZNB9FlWHg.Dtb1Ai9grovOQ1JlUe7FHIAqbayVTmBMPCrwZ.jt6AO',NULL,NULL,NULL,2,'2019-02-15 16:07:57','2019-02-08 13:19:54','10.101.84.108','10.104.154.23'),(818,NULL,NULL,'2018-12-26 17:07:31','2019-02-15 12:39:46','1550984','$2a$11$VSaRgkwOB5Iv5PjRk5GINuYnjeMYD/6Gh10IAaPlJ7M60psxGvXX2',NULL,NULL,NULL,6,'2019-02-15 12:39:46','2019-02-14 12:25:59','10.104.154.23','10.104.154.23'),(819,NULL,NULL,'2018-12-26 17:07:31','2019-02-15 12:23:01','1576085','$2a$11$jNih864mdk/vGngnJcUHgOUptpKdPGogBAt97FmAxxeeGELrEe8zm',NULL,NULL,NULL,8,'2019-02-15 12:23:01','2019-02-14 13:14:05','10.104.154.23','10.104.154.23'),(820,NULL,NULL,'2018-12-26 17:07:32','2019-02-08 13:03:21','1575662','$2a$11$9PXsc6XFtQzsG0AuBMZ4h.PK.SbVAjM60UWtH6GZ6kccnNl.YPPFe',NULL,NULL,NULL,1,'2019-02-08 13:03:20','2019-02-08 13:03:20','10.104.154.23','10.104.154.23'),(821,NULL,NULL,'2018-12-26 17:07:32','2019-02-15 13:14:08','1584910','$2a$11$C72zB5P21w30X6LIR4z.K.PfVS7/Jms07zxMbDSZvlwakRavStCba',NULL,NULL,NULL,6,'2019-02-15 13:14:08','2019-02-14 13:07:11','10.104.154.23','10.104.154.23'),(822,NULL,NULL,'2018-12-26 17:07:32','2019-02-15 12:19:52','1584942','$2a$11$zrijUTOtAVg87/BjAe9J7OVuIRgp0nkht57QTX8LHr4kSLuR9l1wG',NULL,NULL,NULL,9,'2019-02-15 12:19:52','2019-02-14 12:22:21','10.104.154.23','10.104.154.23'),(823,NULL,NULL,'2018-12-26 17:07:32','2019-02-15 12:53:04','1585030','$2a$11$XIhdFkXEID6Gh6hVN8NAw.wXS.aC7vK5kVt9vXebBZcOkLg5yVVaG',NULL,NULL,NULL,11,'2019-02-15 12:53:04','2019-02-14 13:36:34','10.104.154.23','10.104.154.23'),(824,NULL,NULL,'2018-12-26 17:07:32','2019-01-26 00:30:59','1585048','$2a$11$GIjgoIuN7z8w0ZAPDEy6SOUczyXXVKkp8mA0OpSuAi1Edlyn83I02',NULL,NULL,NULL,0,NULL,NULL,NULL,NULL),(825,NULL,NULL,'2018-12-26 17:07:32','2019-01-26 00:30:59','1585049','$2a$11$nEE4jKdeRROlOYhGqE/gQuAs3Ohe54/ytzJxEbSbqLu1O63eybQru',NULL,NULL,NULL,2,'2019-01-17 20:28:53','2019-01-17 20:24:33','10.101.84.117','10.101.84.117'),(826,NULL,NULL,'2018-12-26 17:07:33','2019-02-15 13:11:45','1585988','$2a$11$NIDFeySRy6Xcf.9fsIN6/ODCtYr9GjCsOCI0dr3sDSSOl5MntqDLO',NULL,NULL,NULL,7,'2019-02-15 13:11:45','2019-02-14 13:14:58','10.104.154.23','10.104.154.23'),(827,NULL,NULL,'2018-12-26 17:07:33','2019-02-15 13:05:10','1585743','$2a$11$WvWVHPLpCSqzGPT5Vp5a9.69yFn5ZK9XMfp0a7BzS78VjQxjXOnoS',NULL,NULL,NULL,6,'2019-02-15 13:05:10','2019-02-14 12:34:55','10.104.154.23','10.104.154.23'),(828,NULL,NULL,'2018-12-26 17:07:33','2019-02-15 12:43:17','1599789','$2a$11$HI.e//QLfV8mZEuImHat/uu3kE85xG/hF.TPYwBPACrZgZ.TTfKqu',NULL,NULL,NULL,8,'2019-02-15 12:43:17','2019-02-15 12:42:44','10.104.154.23','10.104.154.23'),(829,NULL,NULL,'2018-12-26 17:07:33','2019-02-08 13:52:36','815023','$2a$11$ZNuX2Y4YOmsqaSZSVTBL1.ezBGClIE1axpIVSPjF8KWXzL4Ykr1RO',NULL,NULL,NULL,1,'2019-02-08 13:52:35','2019-02-08 13:52:35','10.104.154.23','10.104.154.23'),(830,NULL,NULL,'2018-12-26 17:07:33','2019-02-15 13:47:50','1607555','$2a$11$N2f7lxOIfRjXK/ETWMAhyO.FA5fuXxzKy0KapFQWAkiYX//peZExe',NULL,NULL,NULL,6,'2019-02-15 13:47:50','2019-02-14 13:20:12','10.104.154.23','10.104.154.23'),(831,NULL,NULL,'2018-12-26 17:07:33','2019-02-15 12:44:05','1572140','$2a$11$S.oBCvVLR81eQMFUDljf7eS24mejOqNQApm0h7vh1SgAVEq2Swdca',NULL,NULL,NULL,7,'2019-02-15 12:44:05','2019-02-14 12:59:01','10.104.154.23','10.104.154.23'),(832,NULL,NULL,'2018-12-26 17:07:34','2019-02-15 12:30:31','1579196','$2a$11$vj9E5PTGt4293.daa6s6Q.EwGq3XbXsFGb1qmk/wh.igNBrK.dOs2',NULL,NULL,NULL,9,'2019-02-15 12:30:31','2019-02-14 13:14:25','10.104.154.23','10.104.154.23'),(833,NULL,NULL,'2018-12-26 17:07:34','2019-01-26 00:31:00','1618966','$2a$11$SmGEtpnMFfA/PaSu5mIv..J6wat2vVLkAECR8EA2PuS9HYbrRZLZC',NULL,NULL,NULL,0,NULL,NULL,NULL,NULL),(834,NULL,NULL,'2018-12-26 17:07:34','2019-01-26 00:31:00','1347370','$2a$11$W0VEfZyLd/6j3HF36sqOsu3cBcX9aQtiWtMtGgF9CF0lNvfhBAenO',NULL,NULL,NULL,0,NULL,NULL,NULL,NULL),(835,NULL,NULL,'2018-12-26 17:07:34','2019-02-11 19:15:37','713984','$2a$11$D3dOom4fZBeq1gilKGnfL..Z/kMFuf53a2IQjT/KhkuGqJyeO5tzC',NULL,NULL,NULL,1,'2019-02-11 19:15:27','2019-02-11 19:15:27','10.104.154.23','10.104.154.23'),(836,NULL,NULL,'2018-12-26 17:07:34','2019-01-26 00:31:01','1615559','$2a$11$brwmVP9xBIfN1kAPffovQegDH667w5yNP19ow2Vx0ssLEz/7nzHUC',NULL,NULL,NULL,0,NULL,NULL,NULL,NULL),(837,NULL,NULL,'2019-01-25 16:53:45','2019-01-26 00:31:01','1457547','$2a$11$qjsGU/qwG6VUtTSRJwEzkOqFTnJTk1P3/uJFzZ6wdAY0tvCDfeGpS',NULL,NULL,NULL,0,NULL,NULL,NULL,NULL),(838,NULL,NULL,'2019-01-26 00:05:17','2019-01-26 00:31:01','1646790','$2a$11$K/vJfrTgQtaNPRDruu3uReP2iito6uMgMtoGIyQkXTAy31zQRo8KK',NULL,NULL,NULL,0,NULL,NULL,NULL,NULL),(841,NULL,NULL,'2019-01-26 01:29:20','2019-01-26 01:29:20','1324127','$2a$11$m1WFYB.aocz7M3tx1yrdTuP4WcTRuJbCtu3StX1Q1HpSjxaL.YekC',NULL,NULL,NULL,0,NULL,NULL,NULL,NULL),(842,NULL,NULL,'2019-01-26 01:29:21','2019-02-15 13:27:38','1547873','$2a$11$zJDgd.xu1v6P14lOOKeSFepz/m4YN9LZ2JAbCg0KZg.YfdOwfPJIq',NULL,NULL,NULL,6,'2019-02-15 13:27:38','2019-02-14 13:17:52','10.104.154.23','10.104.154.23'),(843,NULL,NULL,'2019-02-07 17:06:30','2019-02-15 13:04:37','1675433','$2a$11$bTs8.LcozFwREcTUQNik6u1b9gB5Rak1lH0XiWXK3XhoVz59376RS',NULL,NULL,NULL,6,'2019-02-15 13:04:37','2019-02-14 12:59:23','10.104.154.23','10.104.154.23'),(846,NULL,NULL,'2019-02-07 17:45:09','2019-02-15 11:55:29','1649639','$2a$11$ZKamL4SqqdQtq6IwBNdt8ey/CGvqgSQXiN/uZ5cGZZ0kj58oiFTsu',NULL,NULL,NULL,6,'2019-02-15 11:55:29','2019-02-14 12:11:17','10.104.154.23','10.104.154.23'),(847,NULL,NULL,'2019-02-07 17:45:09','2019-02-15 13:20:17','1675291','$2a$11$BU62VOCFYavQUJnSpeN.B..xl/BeFajL0eefbwg2TUlhlSnycLti2',NULL,NULL,NULL,6,'2019-02-15 13:20:17','2019-02-14 13:15:26','10.104.154.23','10.104.154.23'),(848,NULL,NULL,'2019-02-07 23:06:28','2019-02-07 23:06:28','1673192','$2a$11$XRIhtnzQG4rLA9YxuplDRe9WmQLgC1KTajlWHezP8xrF/mJrOBwMq',NULL,NULL,NULL,0,NULL,NULL,NULL,NULL),(849,NULL,NULL,'2019-02-07 23:06:29','2019-02-15 13:19:33','1633771','$2a$11$N1DO5pN2c7vzZ0o1zXYvEu7dlz4rHafP3TdHwY4ggtRr7KS7cXFpa',NULL,NULL,NULL,8,'2019-02-15 13:19:33','2019-02-14 13:12:25','10.104.154.23','10.104.154.23'),(850,NULL,NULL,'2019-02-07 23:06:30','2019-02-15 12:33:44','1645128','$2a$11$fApz3/BBQ1QWIbwaswLGbuTEozNkme7o4rIoySv09ei8lTxdSwqCq',NULL,NULL,NULL,5,'2019-02-15 12:33:44','2019-02-13 12:40:04','10.104.154.23','10.104.154.23'),(851,NULL,NULL,'2019-02-07 23:06:30','2019-02-15 12:41:07','1672236','$2a$11$OIy.yfDFzeiydWBf1N9MkuD.3vj0SUixBPxiDoyId7M39XTfxWbqy',NULL,NULL,NULL,4,'2019-02-15 12:41:07','2019-02-14 12:21:42','10.104.154.23','10.104.154.23'),(852,NULL,NULL,'2019-02-07 23:06:30','2019-02-15 12:55:36','1672238','$2a$11$PHk.Dp6Gw9.0JiovcXDXIePcbtN1ZsyJ9PUtF4axvMUyOlSP.gd/O',NULL,NULL,NULL,3,'2019-02-15 12:55:36','2019-02-14 12:57:30','10.104.154.23','10.104.154.23'),(899,NULL,NULL,'2019-02-09 00:38:11','2019-02-12 13:24:57','727545','$2a$11$yUL8atVYxvz0jbE2lcx3M.7YXfvNZgTkC2.DJRr/hsEiU8H4t4PMu',NULL,NULL,NULL,1,'2019-02-12 13:24:51','2019-02-12 13:24:51','10.104.154.23','10.104.154.23'),(900,NULL,NULL,'2019-02-09 00:38:11','2019-02-09 00:38:11','570837','$2a$11$CBQ3..Sr.XcvGdDGJtZdpeKCvpQRYglCTyXnE/OJ1qfUukLKcmr4W',NULL,NULL,NULL,0,NULL,NULL,NULL,NULL),(901,NULL,NULL,'2019-02-09 00:38:12','2019-02-09 00:38:12','869917','$2a$11$EEeCQD6GKgoq7qA05CKtheZa3ZqW6tea6nmV1Y2.GVmWvblscprCO',NULL,NULL,NULL,0,NULL,NULL,NULL,NULL),(902,NULL,NULL,'2019-02-09 00:38:12','2019-02-09 00:38:12','821336','$2a$11$WUzyaDmeipasRlxwmyHFG.4jNZvMso5TKJeC2Vr6Kir8UiL33iJ3m',NULL,NULL,NULL,0,NULL,NULL,NULL,NULL),(903,NULL,NULL,'2019-02-09 00:38:12','2019-02-09 00:38:12','379668','$2a$11$dJcgheg8/K97CSZ1p/XmiuwlndhVEMvd6HqeWLSoTprolBzmXYWee',NULL,NULL,NULL,0,NULL,NULL,NULL,NULL),(904,NULL,NULL,'2019-02-09 00:38:12','2019-02-09 00:38:12','1058944','$2a$11$wnIW97xdS3iixHWrnL4aEu457a3zni2Yr5T/aT5Keu/wvbj7NDKwm',NULL,NULL,NULL,0,NULL,NULL,NULL,NULL),(905,NULL,NULL,'2019-02-09 00:38:12','2019-02-09 00:38:12','564959','$2a$11$8sUlRaCiRZA1fOAJWYGjhe4cM8Kx2W1Um0CLZ8XFOQPqapS.lT8YS',NULL,NULL,NULL,0,NULL,NULL,NULL,NULL),(906,NULL,NULL,'2019-02-09 00:38:12','2019-02-09 00:38:12','1578201','$2a$11$JBP4a9NXwVzt6bIQ6/Oxl.D8lASmVxgc.ommQ.Ro1x7NkcZTPJvoW',NULL,NULL,NULL,0,NULL,NULL,NULL,NULL),(907,NULL,NULL,'2019-02-09 00:38:13','2019-02-09 00:38:13','1023078','$2a$11$78ZXOzzCnhvfdecQroAM/.cDJvb2MQ.Oc1hV.CLqfMWVjgTZNwHwO',NULL,NULL,NULL,0,NULL,NULL,NULL,NULL),(908,NULL,NULL,'2019-02-09 00:38:13','2019-02-09 00:38:13','207648','$2a$11$z4dT6gOH2fgGaKjJ50eeSuFymf2/B2XwF6zTKv0PWxNNU2biumiI2',NULL,NULL,NULL,0,NULL,NULL,NULL,NULL),(909,NULL,NULL,'2019-02-09 00:38:15','2019-02-15 12:08:52','814852','$2a$11$bHWjkkxt15Zr4c56IEw7Wehuho53v6jSjV6Qsv8J1DlR3f0EMSGRu',NULL,NULL,NULL,5,'2019-02-15 12:08:52','2019-02-14 13:18:25','10.104.154.23','10.104.154.23'),(910,NULL,NULL,'2019-02-09 00:38:15','2019-02-14 13:11:22','1518414','$2a$11$cVQ.GWIXqrhtko5vpeL4bu6XSjW9C8hljy/2LkQLqTmksjLVYKKcK',NULL,NULL,NULL,4,'2019-02-14 13:11:22','2019-02-13 12:56:53','10.104.154.23','10.104.154.23'),(911,NULL,NULL,'2019-02-09 00:38:15','2019-02-15 13:00:43','1518560','$2a$11$ysjjT1dLEWaBxhcKb6fCqO7xjDqqk4cizWbe5pIosf46rxKxmGcy6',NULL,NULL,NULL,7,'2019-02-15 13:00:43','2019-02-14 13:11:47','10.104.154.23','10.104.154.23'),(912,NULL,NULL,'2019-02-09 00:38:15','2019-02-15 12:49:58','577085','$2a$11$d5XY65Xw37lti5vQ76FRUObffBHRQ94fM.iR6bi7XXc0Ry.Iy4rMm',NULL,NULL,NULL,2,'2019-02-15 12:49:58','2019-02-14 13:16:12','10.104.154.23','10.104.154.23'),(913,NULL,NULL,'2019-02-09 00:38:16','2019-02-15 12:40:36','1629901','$2a$11$ydlx6nR1RWbg0anXsVgt2OAxY0l1BjJRuCQYOUogcwSduEqVBmZLe',NULL,NULL,NULL,7,'2019-02-15 12:40:36','2019-02-14 12:58:29','10.104.154.23','10.104.154.23'),(914,NULL,NULL,'2019-02-09 00:38:16','2019-02-09 00:38:16','1312264','$2a$11$xxdk0wCjo8ftPoaD8pzF7.KILhMCuia5Of2u0SfbBY/j6qKncJlbm',NULL,NULL,NULL,0,NULL,NULL,NULL,NULL),(915,NULL,NULL,'2019-02-09 00:38:16','2019-02-09 00:38:16','1619627','$2a$11$lLonkwE8Ow62OFoCdKtwSuP.9G7uxtt5mSkLocpp8gk7ECY9f7BNS',NULL,NULL,NULL,0,NULL,NULL,NULL,NULL),(916,NULL,NULL,'2019-02-09 00:38:16','2019-02-09 00:38:16','1629898','$2a$11$66Bk8.nSckKksECc8xHUqOqp53U0W/cFKgcmzk8OLLrYeHkwudZua',NULL,NULL,NULL,0,NULL,NULL,NULL,NULL),(917,NULL,NULL,'2019-02-09 00:38:16','2019-02-15 15:50:35','1625645','$2a$11$/W.9xH04rKBduVR9aZZWYu0SmPSOrV9luIXxhesBhLCQ0q.G1fgMK',NULL,NULL,NULL,10,'2019-02-15 15:50:35','2019-02-14 12:55:54','10.104.154.23','10.104.154.23'),(918,NULL,NULL,'2019-02-09 00:38:16','2019-02-15 16:41:46','1568950','$2a$11$/LLVWkdZUUKQTp4dTU8iyutsBQ.ewemEGspUYUeGr.kmQ49t58RAq',NULL,NULL,NULL,4,'2019-02-15 16:41:46','2019-02-13 12:27:23','10.104.154.23','10.104.154.23'),(919,NULL,NULL,'2019-02-09 00:38:17','2019-02-09 00:38:17','1620379','$2a$11$54h9Knh/kkK3xV6i38ZUQuCN62syoeucL81lWNthkYzxtTBKtlM7m',NULL,NULL,NULL,0,NULL,NULL,NULL,NULL),(920,NULL,NULL,'2019-02-09 00:38:17','2019-02-09 00:38:17','1628626','$2a$11$iqBmEoVPqeqvkadpmWgK6e5btmexwWGY1k.lVVtEJN7Z62EV8ntSi',NULL,NULL,NULL,0,NULL,NULL,NULL,NULL),(921,NULL,NULL,'2019-02-09 00:38:17','2019-02-15 13:56:34','1564946','$2a$11$rnPoqAjRuGev7KG6.dIXnuBYkf/qjN2t8j8960x4JgDmb09dMvUnC',NULL,NULL,NULL,6,'2019-02-15 13:56:34','2019-02-14 13:20:40','10.104.154.23','10.104.154.23'),(924,NULL,NULL,'2019-02-13 23:22:42','2019-02-15 14:10:15','499205','$2a$11$NAc7fP.GqIClwrg04Lpn1OsKn00Mx6EK7GUoh0VqsV36LrPiMa/B.',NULL,NULL,NULL,3,'2019-02-15 14:10:15','2019-02-14 14:13:43','10.104.155.145','10.104.155.145'),(925,NULL,NULL,'2019-02-14 14:15:13','2019-02-15 13:22:44','1675792','$2a$11$aftKK9T8nMv8AjinD4evFePxLqcjLMzXwi1lV9zjH5lExULJ5mMnC',NULL,NULL,NULL,4,'2019-02-15 13:22:44','2019-02-15 13:21:37','10.104.155.145','10.104.155.145'),(938,NULL,NULL,'2019-02-14 22:39:58','2019-02-15 15:11:33','1638615','$2a$11$8m1JzpXA3Gs0iePKv8lTJeGjdMeL5cLeOLuU22KqoctNLwJM7.dcW',NULL,NULL,NULL,1,'2019-02-15 15:11:26','2019-02-15 15:11:26','10.104.154.23','10.104.154.23'),(939,NULL,NULL,'2019-02-14 22:39:58','2019-02-14 22:39:58','1642539','$2a$11$nv9CbTMqN/gh9eRnlLTkOOxIitCK99lVYSKVlpqaQw.cqIEyuMeA2',NULL,NULL,NULL,0,NULL,NULL,NULL,NULL),(940,NULL,NULL,'2019-02-14 22:39:58','2019-02-15 15:09:51','1579704','$2a$11$bHBKHCnV69sDYlrNbQZqguy13.kz5wHnkkSgDKaNNOUme9dMohG8y',NULL,NULL,NULL,1,'2019-02-15 15:09:47','2019-02-15 15:09:47','10.104.154.23','10.104.154.23');
/*!40000 ALTER TABLE `users` ENABLE KEYS */;
UNLOCK TABLES;

--
-- Table structure for table `users_roles`
--

DROP TABLE IF EXISTS `users_roles`;
/*!40101 SET @saved_cs_client     = @@character_set_client */;
/*!40101 SET character_set_client = utf8 */;
CREATE TABLE `users_roles` (
  `user_id` bigint(20) DEFAULT NULL,
  `role_id` bigint(20) DEFAULT NULL,
  KEY `index_users_roles_on_user_id` (`user_id`),
  KEY `index_users_roles_on_role_id` (`role_id`),
  KEY `index_users_roles_on_user_id_and_role_id` (`user_id`,`role_id`)
) ENGINE=InnoDB DEFAULT CHARSET=utf8;
/*!40101 SET character_set_client = @saved_cs_client */;

--
-- Dumping data for table `users_roles`
--

LOCK TABLES `users_roles` WRITE;
/*!40000 ALTER TABLE `users_roles` DISABLE KEYS */;
INSERT INTO `users_roles` VALUES (1,1),(2,2),(3,2),(4,2),(5,2),(91,2),(92,2),(93,2),(94,2),(95,2),(96,2),(97,2),(98,2),(99,2),(100,2),(101,2),(102,2),(103,2),(104,2),(105,2),(106,2),(107,2),(108,2),(109,2),(110,2),(111,2),(112,2),(113,2),(114,2),(115,2),(116,2),(117,2),(118,2),(129,2),(130,2),(484,2),(485,2),(486,2),(487,2),(488,2),(489,2),(490,2),(491,2),(492,2),(493,2),(494,2),(495,2),(496,2),(497,2),(498,2),(499,2),(500,2),(501,2),(502,2),(503,2),(504,2),(505,2),(506,2),(507,2),(508,2),(509,2),(510,2),(511,2),(512,2),(513,2),(514,2),(515,2),(516,2),(517,2),(518,2),(519,2),(520,2),(521,2),(522,2),(523,2),(524,2),(525,2),(526,2),(527,2),(528,2),(529,2),(530,2),(531,2),(532,2),(533,2),(534,2),(535,2),(536,2),(537,2),(538,2),(539,2),(540,2),(541,2),(542,2),(543,2),(544,2),(545,2),(546,2),(547,2),(548,2),(549,2),(550,2),(551,2),(552,2),(553,2),(554,2),(555,2),(556,2),(557,2),(558,2),(559,2),(560,2),(561,2),(562,2),(563,2),(564,2),(565,2),(566,2),(567,2),(568,2),(569,2),(570,2),(571,2),(572,2),(573,2),(574,2),(575,2),(576,2),(577,2),(578,2),(579,2),(580,2),(581,2),(582,2),(583,2),(584,2),(585,2),(586,2),(587,2),(588,2),(589,2),(590,2),(591,2),(592,2),(593,2),(594,2),(595,2),(596,2),(597,2),(598,2),(599,2),(600,2),(601,2),(602,2),(603,2),(604,2),(605,2),(606,2),(607,2),(608,2),(609,2),(610,2),(611,2),(612,2),(613,2),(614,2),(615,2),(616,2),(617,2),(618,2),(619,2),(620,2),(621,2),(622,2),(623,2),(624,2),(625,2),(626,2),(627,2),(628,2),(629,2),(630,2),(631,2),(632,2),(633,2),(634,2),(635,2),(636,2),(637,2),(638,2),(639,2),(640,2),(641,2),(642,2),(643,2),(644,2),(645,2),(646,2),(647,2),(648,2),(649,2),(650,2),(651,2),(652,2),(653,2),(654,2),(655,2),(656,2),(657,2),(658,2),(659,2),(660,2),(661,2),(662,2),(663,2),(664,2),(665,2),(666,2),(667,2),(668,2),(669,2),(670,2),(671,2),(672,2),(673,2),(674,2),(675,2),(676,2),(677,2),(678,2),(679,2),(680,2),(681,2),(682,2),(683,2),(684,2),(685,2),(686,2),(687,2),(688,2),(689,2),(690,2),(691,2),(692,2),(693,2),(694,2),(695,2),(696,2),(697,2),(698,2),(699,2),(700,2),(701,2),(702,2),(703,2),(704,2),(705,2),(706,2),(707,2),(708,2),(709,2),(710,2),(711,2),(712,2),(713,2),(714,2),(715,2),(716,2),(717,2),(718,2),(719,2),(720,2),(721,2),(722,2),(723,2),(724,2),(725,2),(726,2),(727,2),(728,2),(729,2),(730,2),(731,2),(732,2),(733,2),(734,2),(735,2),(736,2),(737,2),(738,2),(739,2),(740,2),(741,2),(742,2),(743,2),(744,2),(745,2),(746,2),(747,2),(748,2),(749,2),(750,2),(751,2),(752,2),(753,2),(754,2),(755,2),(756,2),(757,2),(758,2),(759,2),(760,2),(761,2),(762,2),(763,2),(764,2),(765,2),(766,2),(767,2),(768,2),(769,2),(770,2),(771,2),(772,2),(773,2),(774,2),(775,2),(776,2),(777,2),(778,2),(779,2),(780,2),(781,2),(782,2),(783,2),(784,2),(785,2),(786,2),(787,2),(788,2),(789,2),(790,2),(791,2),(792,2),(793,2),(794,2),(795,2),(796,2),(797,2),(798,2),(799,2),(800,2),(801,2),(802,2),(803,2),(804,2),(805,2),(806,2),(807,2),(808,2),(809,2),(810,2),(811,2),(812,2),(813,2),(814,2),(815,2),(816,2),(817,2),(818,2),(819,2),(820,2),(821,2),(822,2),(823,2),(824,2),(825,2),(826,2),(827,2),(828,2),(829,2),(830,2),(831,2),(832,2),(833,2),(834,2),(835,2),(836,2),(837,2),(838,2),(841,2),(842,2),(843,2),(846,2),(847,2),(848,2),(849,2),(850,2),(851,2),(852,2),(899,2),(900,2),(901,2),(902,2),(903,2),(904,2),(905,2),(906,2),(907,2),(908,2),(909,2),(910,2),(911,2),(912,2),(913,2),(914,2),(915,2),(916,2),(917,2),(918,2),(919,2),(920,2),(921,2),(924,2),(925,2),(938,2),(939,2),(940,2);
/*!40000 ALTER TABLE `users_roles` ENABLE KEYS */;
UNLOCK TABLES;
/*!40103 SET TIME_ZONE=@OLD_TIME_ZONE */;

/*!40101 SET SQL_MODE=@OLD_SQL_MODE */;
/*!40014 SET FOREIGN_KEY_CHECKS=@OLD_FOREIGN_KEY_CHECKS */;
/*!40014 SET UNIQUE_CHECKS=@OLD_UNIQUE_CHECKS */;
/*!40101 SET CHARACTER_SET_CLIENT=@OLD_CHARACTER_SET_CLIENT */;
/*!40101 SET CHARACTER_SET_RESULTS=@OLD_CHARACTER_SET_RESULTS */;
/*!40101 SET COLLATION_CONNECTION=@OLD_COLLATION_CONNECTION */;
/*!40111 SET SQL_NOTES=@OLD_SQL_NOTES */;

-- Dump completed on 2019-02-15 18:05:03
