-- MySQL dump 10.13  Distrib 5.7.24, for Linux (x86_64)
--
-- Host: localhost    Database: tatapp26_development
-- ------------------------------------------------------
-- Server version	5.7.24-0ubuntu0.18.04.1

/*!40101 SET @OLD_CHARACTER_SET_CLIENT=@@CHARACTER_SET_CLIENT */;
/*!40101 SET @OLD_CHARACTER_SET_RESULTS=@@CHARACTER_SET_RESULTS */;
/*!40101 SET @OLD_COLLATION_CONNECTION=@@COLLATION_CONNECTION */;
/*!40101 SET NAMES utf8 */;
/*!40103 SET @OLD_TIME_ZONE=@@TIME_ZONE */;
/*!40103 SET TIME_ZONE='+00:00' */;
/*!40014 SET @OLD_UNIQUE_CHECKS=@@UNIQUE_CHECKS, UNIQUE_CHECKS=0 */;
/*!40014 SET @OLD_FOREIGN_KEY_CHECKS=@@FOREIGN_KEY_CHECKS, FOREIGN_KEY_CHECKS=0 */;
/*!40101 SET @OLD_SQL_MODE=@@SQL_MODE, SQL_MODE='NO_AUTO_VALUE_ON_ZERO' */;
/*!40111 SET @OLD_SQL_NOTES=@@SQL_NOTES, SQL_NOTES=0 */;

--
-- Table structure for table `ar_internal_metadata`
--

DROP TABLE IF EXISTS `ar_internal_metadata`;
/*!40101 SET @saved_cs_client     = @@character_set_client */;
/*!40101 SET character_set_client = utf8 */;
CREATE TABLE `ar_internal_metadata` (
  `key` varchar(255) NOT NULL,
  `value` varchar(255) DEFAULT NULL,
  `created_at` datetime NOT NULL,
  `updated_at` datetime NOT NULL,
  PRIMARY KEY (`key`)
) ENGINE=InnoDB DEFAULT CHARSET=utf8;
/*!40101 SET character_set_client = @saved_cs_client */;

--
-- Dumping data for table `ar_internal_metadata`
--

LOCK TABLES `ar_internal_metadata` WRITE;
/*!40000 ALTER TABLE `ar_internal_metadata` DISABLE KEYS */;
INSERT INTO `ar_internal_metadata` VALUES ('environment','development','2018-12-11 17:33:12','2018-12-11 17:33:12');
/*!40000 ALTER TABLE `ar_internal_metadata` ENABLE KEYS */;
UNLOCK TABLES;

--
-- Table structure for table `assignments`
--

DROP TABLE IF EXISTS `assignments`;
/*!40101 SET @saved_cs_client     = @@character_set_client */;
/*!40101 SET character_set_client = utf8 */;
CREATE TABLE `assignments` (
  `id` bigint(20) NOT NULL AUTO_INCREMENT,
  `project_id` bigint(20) NOT NULL,
  `employee_id` bigint(20) NOT NULL,
  `seat_id` bigint(20) NOT NULL,
  `assignment_date` date NOT NULL,
  `status` int(11) NOT NULL,
  `created_at` datetime NOT NULL,
  `updated_at` datetime NOT NULL,
  PRIMARY KEY (`id`),
  KEY `fk_rails_1eb99de2cc` (`seat_id`),
  KEY `fk_rails_d0980e430f` (`employee_id`),
  KEY `fk_rails_4d3d2c839c` (`project_id`),
  CONSTRAINT `fk_rails_1eb99de2cc` FOREIGN KEY (`seat_id`) REFERENCES `seats` (`id`),
  CONSTRAINT `fk_rails_4d3d2c839c` FOREIGN KEY (`project_id`) REFERENCES `projects` (`id`),
  CONSTRAINT `fk_rails_d0980e430f` FOREIGN KEY (`employee_id`) REFERENCES `employees` (`id`)
) ENGINE=InnoDB AUTO_INCREMENT=16 DEFAULT CHARSET=utf8;
/*!40101 SET character_set_client = @saved_cs_client */;

--
-- Dumping data for table `assignments`
--

LOCK TABLES `assignments` WRITE;
/*!40000 ALTER TABLE `assignments` DISABLE KEYS */;
INSERT INTO `assignments` VALUES (3,1,95,709,'2018-12-13',1,'2018-12-13 14:04:27','2018-12-13 14:04:27'),(4,1,106,705,'2018-12-13',2,'2018-12-13 19:48:39','2018-12-13 19:51:21'),(5,1,106,701,'2018-12-13',1,'2018-12-13 19:52:00','2018-12-13 19:52:00'),(6,1,1,698,'2018-12-13',1,'2018-12-13 20:25:03','2018-12-13 20:25:03'),(7,1,1,711,'2018-12-14',2,'2018-12-14 15:01:56','2018-12-14 15:07:31'),(8,1,1,709,'2018-12-14',1,'2018-12-14 15:08:01','2018-12-14 15:08:01'),(9,1,2,708,'2018-12-14',1,'2018-12-14 15:10:12','2018-12-14 15:10:12'),(10,1,106,703,'2018-12-14',1,'2018-12-14 22:49:26','2018-12-14 22:49:26'),(11,1,101,712,'2018-12-19',2,'2018-12-19 14:40:22','2018-12-19 16:31:18'),(12,1,101,707,'2018-12-19',2,'2018-12-19 16:42:19','2018-12-19 16:48:11'),(13,1,101,706,'2018-12-19',2,'2018-12-19 16:48:28','2018-12-19 16:48:56'),(14,1,101,704,'2018-12-19',1,'2018-12-19 16:49:33','2018-12-19 16:49:33'),(15,1,103,708,'2018-12-19',2,'2018-12-19 17:12:46','2018-12-19 17:12:55');
/*!40000 ALTER TABLE `assignments` ENABLE KEYS */;
UNLOCK TABLES;

--
-- Table structure for table `employees`
--

DROP TABLE IF EXISTS `employees`;
/*!40101 SET @saved_cs_client     = @@character_set_client */;
/*!40101 SET character_set_client = utf8 */;
CREATE TABLE `employees` (
  `id` bigint(20) NOT NULL AUTO_INCREMENT,
  `name` varchar(255) NOT NULL,
  `number` varchar(30) NOT NULL,
  `admission_date` date NOT NULL,
  `birth_date` date NOT NULL,
  `status` int(11) NOT NULL DEFAULT '1',
  `assignment_type` int(11) NOT NULL DEFAULT '1',
  `seat_id` bigint(20) DEFAULT NULL,
  `project_id` bigint(20) NOT NULL,
  `created_at` datetime NOT NULL,
  `updated_at` datetime NOT NULL,
  `confirmed` int(11) NOT NULL DEFAULT '0',
  PRIMARY KEY (`id`),
  UNIQUE KEY `index_employees_on_number` (`number`),
  KEY `fk_rails_f3055ce412` (`project_id`),
  KEY `fk_rails_c961385dd5` (`seat_id`),
  CONSTRAINT `fk_rails_c961385dd5` FOREIGN KEY (`seat_id`) REFERENCES `seats` (`id`),
  CONSTRAINT `fk_rails_f3055ce412` FOREIGN KEY (`project_id`) REFERENCES `projects` (`id`)
) ENGINE=InnoDB AUTO_INCREMENT=130 DEFAULT CHARSET=utf8;
/*!40101 SET character_set_client = @saved_cs_client */;

--
-- Dumping data for table `employees`
--

LOCK TABLES `employees` WRITE;
/*!40000 ALTER TABLE `employees` DISABLE KEYS */;
INSERT INTO `employees` VALUES (1,'Julio Pinzon','1111111','2017-05-22','1984-10-06',2,1,NULL,1,'2018-12-11 17:33:19','2018-12-11 17:33:19',0),(2,'Diego Ochoa','2222222','2017-05-22','1989-12-11',2,1,NULL,1,'2018-12-11 17:33:19','2018-12-11 17:33:19',0),(3,'Paola Bernal','3333333','2017-05-22','1989-12-11',2,1,NULL,2,'2018-12-11 17:33:19','2018-12-11 17:33:19',0),(4,'Paola Cardenas','4444444','2017-05-22','1989-12-11',2,1,NULL,2,'2018-12-11 17:33:19','2018-12-11 17:33:19',0),(90,'Cesar Augusto Gomez','823773','2000-01-01','2000-01-02',1,2,974,2,'2018-12-11 17:46:40','2018-12-19 20:24:51',0),(91,'Luz Karime Valderrama  Santibanez','891541','2000-01-01','2000-01-02',1,2,975,2,'2018-12-11 17:46:40','2018-12-19 20:24:51',0),(92,'Juan Gabriel Rodriguez Fernandez','1220234','2000-01-01','2000-01-02',1,2,977,2,'2018-12-11 17:46:40','2018-12-19 20:24:51',1),(93,'Luis Parody','1563056','2000-01-01','2000-01-02',1,2,976,2,'2018-12-11 17:46:40','2018-12-19 20:24:51',0),(94,'Oscar Javier Angel Balcazar','1537117','2000-01-01','2000-01-02',1,2,979,2,'2018-12-11 17:46:40','2018-12-19 20:24:51',1),(95,'Mr. Yeison Alberto Lopez Pascuas','1048222','2000-01-01','2000-01-02',1,1,NULL,1,'2018-12-11 17:47:21','2018-12-19 20:24:51',0),(96,'Ms. Marisol   Higuera','1304238','2000-01-01','2000-01-02',1,1,NULL,1,'2018-12-11 17:47:21','2018-12-19 20:24:51',0),(97,'Mr. Julian Ricardo Jimenez Hinestroza','1384198','2000-01-01','2000-01-02',1,1,NULL,1,'2018-12-11 17:47:21','2018-12-19 20:24:51',0),(98,'Mr. Tanmay   .','741605','2000-01-01','2000-01-02',1,1,NULL,1,'2018-12-11 17:47:21','2018-12-19 20:24:51',0),(99,'Ms. Nini Johanna Gutierrez Rojas','1571452','2000-01-01','2000-01-02',1,1,NULL,1,'2018-12-11 17:47:21','2018-12-19 20:24:51',0),(100,'Ms. Jennifer   Bermudez Tunjano - Pasante','1560763','2000-01-01','2000-01-02',1,1,NULL,1,'2018-12-11 17:47:21','2018-12-19 20:24:51',0),(101,'Ms. Daniela Lopez Lopez Carol - Pasante','1562211','2000-01-01','2000-01-02',1,1,NULL,1,'2018-12-11 17:47:22','2018-12-19 20:24:51',0),(102,'Ms. Yulieth Alexandra Talero - Pasante','1419749','2000-01-01','2000-01-02',1,1,NULL,1,'2018-12-11 17:47:22','2018-12-19 20:24:51',0),(103,'Mr. Elvis Ariel Mora Gamez','858973','2000-01-01','2000-01-02',1,1,NULL,1,'2018-12-11 17:47:22','2018-12-19 20:24:51',1),(104,'Ms. Lina Andrea Guarnizo Espinosa','1454083','2000-01-01','2000-01-02',1,1,NULL,1,'2018-12-11 17:47:22','2018-12-19 20:24:51',0),(105,'Mr. Fredy Alexander Munoz Bermudez','1455711','2000-01-01','2000-01-02',1,1,NULL,1,'2018-12-11 17:47:22','2018-12-19 20:24:51',0),(106,'Ms. Leidy Viviana Gomez Espitia - Pasante','1460041','2000-01-01','2000-01-02',1,1,NULL,1,'2018-12-11 17:47:22','2018-12-19 20:24:51',0),(107,'Jorge Garcia - Pasante','1560764','2000-01-01','2000-01-02',1,1,NULL,1,'2018-12-11 17:47:23','2018-12-19 20:24:51',0),(108,'Gysella Andrea Pineda Quintero','1450706','2000-01-01','2000-01-02',1,1,NULL,1,'2018-12-11 17:47:23','2018-12-19 20:24:51',0),(109,'Jeniffer lasso','1436448','2000-01-01','2000-01-02',1,1,NULL,1,'2018-12-11 17:47:23','2018-12-19 20:24:51',0),(110,'Manuel Fernando Parra Rodriguez','1343849','2000-01-01','2000-01-02',1,1,NULL,2,'2018-12-13 16:19:42','2018-12-19 20:24:51',1),(111,'Edwin Jair Quintero Quintero','1343984','2000-01-01','2000-01-02',1,1,NULL,2,'2018-12-13 16:19:42','2018-12-19 20:24:51',0),(112,'Maria Fernanda Mejia','1462600','2000-01-01','2000-01-02',1,1,NULL,5,'2018-12-13 16:19:42','2018-12-19 20:24:51',0),(113,'Fredy Sanchez','1528626','2000-01-01','2000-01-02',1,1,NULL,5,'2018-12-13 16:19:42','2018-12-19 20:24:51',0),(114,'Adriana Bonilla Chaves','794526','2000-01-01','2000-01-02',1,1,NULL,4,'2018-12-13 16:19:43','2018-12-19 20:24:51',0),(115,'Alejandro Casanova Mutis','1263223','2000-01-01','2000-01-02',1,1,NULL,4,'2018-12-13 16:19:43','2018-12-19 20:24:51',0),(116,'Alvaro Javier Del Toro Diaz','1452222','2000-01-01','2000-01-02',2,1,NULL,3,'2018-12-13 16:19:43','2018-12-13 16:19:43',0),(117,'Bonilla Larrota,Mr. Juan Pablo','1434181','2000-01-01','2000-01-02',2,1,NULL,3,'2018-12-13 16:19:43','2018-12-13 16:19:43',0),(128,'Maldonado, Brickney Carim (Brickney)','852989','2000-01-01','2000-01-02',1,1,NULL,11,'2018-12-19 20:03:17','2018-12-19 20:24:51',0),(129,'Sanabria Romero, Alejandro Arturo','862448','2000-01-01','2000-01-02',1,2,955,11,'2018-12-19 20:03:17','2018-12-19 20:24:51',0);
/*!40000 ALTER TABLE `employees` ENABLE KEYS */;
UNLOCK TABLES;

--
-- Table structure for table `maps`
--

DROP TABLE IF EXISTS `maps`;
/*!40101 SET @saved_cs_client     = @@character_set_client */;
/*!40101 SET character_set_client = utf8 */;
CREATE TABLE `maps` (
  `id` bigint(20) NOT NULL AUTO_INCREMENT,
  `name` varchar(255) NOT NULL,
  `seats` text,
  `height` int(11) NOT NULL,
  `width` int(11) NOT NULL,
  `seats_total` int(11) NOT NULL,
  `project_id` bigint(20) NOT NULL,
  `created_at` datetime NOT NULL,
  `updated_at` datetime NOT NULL,
  PRIMARY KEY (`id`),
  KEY `fk_rails_a90d6cd6e2` (`project_id`),
  CONSTRAINT `fk_rails_a90d6cd6e2` FOREIGN KEY (`project_id`) REFERENCES `projects` (`id`)
) ENGINE=InnoDB AUTO_INCREMENT=13 DEFAULT CHARSET=utf8;
/*!40101 SET character_set_client = @saved_cs_client */;

--
-- Dumping data for table `maps`
--

LOCK TABLES `maps` WRITE;
/*!40000 ALTER TABLE `maps` DISABLE KEYS */;
INSERT INTO `maps` VALUES (5,'MapaGrupoSoporte','1_6,1_5,1_4,1_3,2_3,2_4,2_6,2_5,4_4,4_3,4_2,4_1,5_1,5_2,5_3',6,6,15,1,'2018-12-11 19:51:37','2018-12-11 19:51:37'),(7,'MapaTigo','5_1,4_1,4_2,5_2,1_10,1_9,1_7,1_6,3_10,3_9,3_8,3_7,3_6,3_5,3_4,4_4,4_5,4_9,4_10',5,10,19,11,'2018-12-11 20:36:19','2018-12-11 20:36:19'),(8,'MapaAvianca','7_1,6_1,5_1,4_1,3_1,2_1,1_3,1_4,1_5,1_8,1_9,2_9,2_8,2_5,2_3,2_4,4_3,4_4,4_5,4_6,4_7,4_8,4_9,5_9,5_8,5_7,5_6,5_5,5_4,5_3',7,9,30,5,'2018-12-11 20:43:09','2018-12-11 20:43:09'),(9,'MapaABINBEV','1_1,1_2,1_4,1_5,1_7,1_8,3_2,3_3,3_5,3_6,3_8,3_9,4_5,4_6,5_5,5_6,6_5,6_6,4_8,4_9,5_8,5_9,6_8,6_9,7_8,7_9,8_8,8_9,10_8,10_9,11_9,11_8,11_11,10_11,9_11,8_11,7_11,6_11',11,11,38,4,'2018-12-11 20:47:49','2018-12-11 20:47:49'),(10,'MapaTELCOS','18_50,17_50,14_50,13_50,13_49,14_49,17_49,18_49,18_47,17_47,16_47,15_47,14_47,13_47,13_46,14_46,15_46,16_46,17_46,18_46,13_44,14_44,15_44,16_44,16_43,15_43,14_43,13_43,13_41,14_41,15_41,16_41,16_40,15_40,14_40,13_40,13_38,13_37,14_37,14_38,17_38,17_37,18_37,18_38,13_35,14_35,15_35,16_35,17_35,17_34,16_34,15_34,14_34,13_34,13_32,14_32,14_31,13_31,17_31,17_32,13_29,14_29,15_29,16_29,16_28,15_28,14_28,13_28,13_26,14_26,15_26,16_26,17_26,17_25,16_25,15_25,14_25,13_25,13_23,14_23,15_23,16_23,16_22,15_22,14_22,13_22,13_20,13_19,16_19,16_20,17_20,17_19,17_17,16_17,16_16,15_16,15_17,14_17,14_16,13_16,13_17,13_14,14_14,15_14,16_14,17_14,17_13,16_13,15_13,14_13,13_13,13_10,13_11,14_11,14_10,17_10,17_11,13_7,13_8,14_8,14_7,15_7,15_8,16_8,16_7,17_7,17_8,13_4,13_5,14_5,14_4,15_4,15_5,16_5,16_4,17_4,13_2,13_1,16_2,17_2,17_1,16_1,11_31,11_32,11_34,11_35,10_31,9_31,8_31,7_31,6_31,5_31,4_31,10_32,9_32,8_32,7_32,6_32,5_32,4_32,10_34,9_34,8_34,7_34,7_35,8_35,9_35,10_35,4_34,4_35,3_35,3_34,1_33,1_34',18,50,174,2,'2018-12-11 21:34:58','2018-12-11 21:34:58'),(12,'Mapa19122018','2_2,2_3,2_4,2_6,2_7,3_2,3_3,3_4,3_5,3_6,3_7,5_13,5_14,8_13,9_13,8_14,9_14,5_16,6_16,7_16,8_16,9_16,8_17,7_17,6_17,5_17,9_19,8_19,7_19,6_19,5_19,5_20,6_20,7_20,8_20,9_20,9_22,6_22,5_22,5_23,6_23,9_23,5_25,6_25,7_25,8_25,9_25,9_26,8_26,7_26,6_26,5_26,8_28,7_28,6_28,5_28,5_29,6_29,7_29,8_29,9_29,8_31,9_31,8_32,9_32,5_31,5_32,8_35,7_35,6_35,5_35,9_38,8_38,7_38,6_38,5_38,8_41,7_41,6_41,5_41,5_44,6_44,9_44,9_47,8_47,7_47,6_47,5_47,10_50,9_50,5_50,6_50,5_53,6_53,7_53,8_53,5_56,6_56,7_56,8_56,5_59,6_59,7_59,8_59,9_59,5_34,6_34,7_34,8_34,5_37,6_37,7_37,8_37,9_37,5_40,6_40,7_40,8_40,5_43,6_43,9_43,5_46,6_46,7_46,8_46,9_46,5_49,6_49,9_49,10_49,5_52,6_52,7_52,8_52,5_55,6_55,7_55,8_55,5_58,6_58,7_58,8_58,9_58,5_61,6_61,5_62,6_62,9_61,10_61,10_62,9_62,10_58,10_59',10,62,153,2,'2018-12-19 19:58:29','2018-12-19 19:58:29');
/*!40000 ALTER TABLE `maps` ENABLE KEYS */;
UNLOCK TABLES;

--
-- Table structure for table `projects`
--

DROP TABLE IF EXISTS `projects`;
/*!40101 SET @saved_cs_client     = @@character_set_client */;
/*!40101 SET character_set_client = utf8 */;
CREATE TABLE `projects` (
  `id` bigint(20) NOT NULL AUTO_INCREMENT,
  `name` varchar(255) NOT NULL,
  `status` int(11) NOT NULL DEFAULT '1',
  `tag` varchar(3) NOT NULL,
  `created_at` datetime NOT NULL,
  `updated_at` datetime NOT NULL,
  PRIMARY KEY (`id`)
) ENGINE=InnoDB AUTO_INCREMENT=12 DEFAULT CHARSET=utf8;
/*!40101 SET character_set_client = @saved_cs_client */;

--
-- Dumping data for table `projects`
--

LOCK TABLES `projects` WRITE;
/*!40000 ALTER TABLE `projects` DISABLE KEYS */;
INSERT INTO `projects` VALUES (1,'Grupo Soporte',1,'GS','2018-12-11 17:33:18','2018-12-11 17:33:18'),(2,'Claro/Telmex',1,'CL','2018-12-11 17:33:18','2018-12-11 17:33:18'),(3,'Davivienda',1,'DA','2018-12-11 17:33:18','2018-12-11 17:33:18'),(4,'ABINBEV',1,'AB','2018-12-11 17:33:18','2018-12-11 17:33:18'),(5,'AVIANCA',1,'AV','2018-12-11 17:33:18','2018-12-11 17:33:18'),(6,'Retail SWON',1,'RE','2018-12-11 17:33:18','2018-12-11 17:33:18'),(7,'BFSI SWON',1,'BF','2018-12-11 17:33:18','2018-12-11 17:33:18'),(8,'ENTSOL',1,'EN','2018-12-11 17:33:18','2018-12-11 17:33:18'),(9,'SWON CMI',1,'SW','2018-12-11 17:33:18','2018-12-11 17:33:18'),(10,'Compliance SWON',1,'CO','2018-12-11 17:33:18','2018-12-11 17:33:18'),(11,'TIGO',1,'TI','2018-12-11 17:33:18','2018-12-11 17:33:18');
/*!40000 ALTER TABLE `projects` ENABLE KEYS */;
UNLOCK TABLES;

--
-- Table structure for table `roles`
--

DROP TABLE IF EXISTS `roles`;
/*!40101 SET @saved_cs_client     = @@character_set_client */;
/*!40101 SET character_set_client = utf8 */;
CREATE TABLE `roles` (
  `id` bigint(20) NOT NULL AUTO_INCREMENT,
  `name` varchar(255) DEFAULT NULL,
  `resource_type` varchar(255) DEFAULT NULL,
  `resource_id` bigint(20) DEFAULT NULL,
  `created_at` datetime NOT NULL,
  `updated_at` datetime NOT NULL,
  PRIMARY KEY (`id`),
  KEY `index_roles_on_resource_type_and_resource_id` (`resource_type`,`resource_id`),
  KEY `index_roles_on_name` (`name`),
  KEY `index_roles_on_name_and_resource_type_and_resource_id` (`name`,`resource_type`,`resource_id`)
) ENGINE=InnoDB AUTO_INCREMENT=3 DEFAULT CHARSET=utf8;
/*!40101 SET character_set_client = @saved_cs_client */;

--
-- Dumping data for table `roles`
--

LOCK TABLES `roles` WRITE;
/*!40000 ALTER TABLE `roles` DISABLE KEYS */;
INSERT INTO `roles` VALUES (1,'admin',NULL,NULL,'2018-12-11 17:33:18','2018-12-11 17:33:18'),(2,'employee',NULL,NULL,'2018-12-11 17:33:18','2018-12-11 17:33:18');
/*!40000 ALTER TABLE `roles` ENABLE KEYS */;
UNLOCK TABLES;

--
-- Table structure for table `schema_migrations`
--

DROP TABLE IF EXISTS `schema_migrations`;
/*!40101 SET @saved_cs_client     = @@character_set_client */;
/*!40101 SET character_set_client = utf8 */;
CREATE TABLE `schema_migrations` (
  `version` varchar(255) NOT NULL,
  PRIMARY KEY (`version`)
) ENGINE=InnoDB DEFAULT CHARSET=utf8;
/*!40101 SET character_set_client = @saved_cs_client */;

--
-- Dumping data for table `schema_migrations`
--

LOCK TABLES `schema_migrations` WRITE;
/*!40000 ALTER TABLE `schema_migrations` DISABLE KEYS */;
INSERT INTO `schema_migrations` VALUES ('20181125150022'),('20181205030857'),('20181205035634'),('20181206235806'),('20181207001245'),('20181207005912'),('20181207010426'),('20181207010454'),('20181214214033'),('20181217011542'),('20181219181228');
/*!40000 ALTER TABLE `schema_migrations` ENABLE KEYS */;
UNLOCK TABLES;

--
-- Table structure for table `seats`
--

DROP TABLE IF EXISTS `seats`;
/*!40101 SET @saved_cs_client     = @@character_set_client */;
/*!40101 SET character_set_client = utf8 */;
CREATE TABLE `seats` (
  `id` bigint(20) NOT NULL AUTO_INCREMENT,
  `project_id` bigint(20) NOT NULL,
  `code` varchar(10) NOT NULL,
  `status` int(11) NOT NULL DEFAULT '1',
  `assignment_date` date DEFAULT NULL,
  `map_id` bigint(20) NOT NULL,
  `html_id` varchar(255) NOT NULL,
  `fixed` tinyint(1) NOT NULL DEFAULT '0',
  `created_at` datetime NOT NULL,
  `updated_at` datetime NOT NULL,
  PRIMARY KEY (`id`),
  KEY `fk_rails_93e3b7506d` (`project_id`),
  KEY `fk_rails_f35d21dd46` (`map_id`),
  CONSTRAINT `fk_rails_93e3b7506d` FOREIGN KEY (`project_id`) REFERENCES `projects` (`id`),
  CONSTRAINT `fk_rails_f35d21dd46` FOREIGN KEY (`map_id`) REFERENCES `maps` (`id`)
) ENGINE=InnoDB AUTO_INCREMENT=1127 DEFAULT CHARSET=utf8;
/*!40101 SET character_set_client = @saved_cs_client */;

--
-- Dumping data for table `seats`
--

LOCK TABLES `seats` WRITE;
/*!40000 ALTER TABLE `seats` DISABLE KEYS */;
INSERT INTO `seats` VALUES (698,1,'003',1,'2018-12-13',5,'1_5',0,'2018-12-12 23:38:56','2018-12-19 16:11:37'),(699,1,'004',1,NULL,5,'1_6',0,'2018-12-12 23:38:56','2018-12-19 16:11:37'),(700,1,'001',1,NULL,5,'1_3',0,'2018-12-12 23:38:56','2018-12-19 16:11:37'),(701,1,'002',1,'2018-12-13',5,'1_4',0,'2018-12-12 23:38:56','2018-12-19 16:11:37'),(702,1,'005',1,NULL,5,'2_3',0,'2018-12-12 23:38:56','2018-12-19 16:11:37'),(703,1,'008',1,'2018-12-14',5,'2_6',0,'2018-12-12 23:38:56','2018-12-19 16:11:37'),(704,1,'007',1,'2018-12-19',5,'2_5',0,'2018-12-12 23:38:56','2018-12-19 16:49:33'),(705,1,'010',1,NULL,5,'4_2',0,'2018-12-12 23:38:56','2018-12-19 16:11:37'),(706,1,'009',1,NULL,5,'4_1',0,'2018-12-12 23:38:56','2018-12-19 16:48:56'),(707,1,'013',1,NULL,5,'5_1',0,'2018-12-12 23:38:56','2018-12-19 16:48:11'),(708,1,'012',1,NULL,5,'4_4',0,'2018-12-12 23:38:56','2018-12-19 17:12:55'),(709,1,'011',1,'2018-12-14',5,'4_3',0,'2018-12-12 23:38:56','2018-12-19 16:11:37'),(710,1,'014',1,NULL,5,'5_2',0,'2018-12-12 23:38:56','2018-12-19 16:11:37'),(711,1,'015',1,NULL,5,'5_3',0,'2018-12-12 23:38:56','2018-12-19 16:11:37'),(712,1,'006',1,NULL,5,'2_4',0,'2018-12-12 23:38:56','2018-12-19 16:31:18'),(713,2,'003',1,NULL,10,'10_34',0,'2018-12-12 23:39:08','2018-12-19 20:03:17'),(714,2,'002',1,NULL,10,'10_32',0,'2018-12-12 23:39:08','2018-12-19 20:03:17'),(715,2,'004',1,NULL,10,'10_35',0,'2018-12-12 23:39:08','2018-12-19 20:03:17'),(716,2,'005',1,NULL,10,'11_31',0,'2018-12-12 23:39:08','2018-12-19 20:03:17'),(717,2,'007',1,NULL,10,'11_34',0,'2018-12-12 23:39:08','2018-12-19 16:12:07'),(718,2,'008',1,NULL,10,'11_35',0,'2018-12-12 23:39:08','2018-12-19 16:12:07'),(719,2,'001',1,NULL,10,'10_31',0,'2018-12-12 23:39:08','2018-12-19 20:03:17'),(720,2,'009',1,NULL,10,'13_1',0,'2018-12-12 23:39:08','2018-12-19 16:12:07'),(721,2,'010',1,NULL,10,'13_10',0,'2018-12-12 23:39:08','2018-12-19 16:12:07'),(722,2,'011',1,NULL,10,'13_11',0,'2018-12-12 23:39:08','2018-12-19 16:12:07'),(723,2,'012',1,NULL,10,'13_13',0,'2018-12-12 23:39:08','2018-12-19 16:12:07'),(724,2,'013',1,NULL,10,'13_14',0,'2018-12-12 23:39:08','2018-12-19 16:12:07'),(725,2,'014',1,NULL,10,'13_16',0,'2018-12-12 23:39:08','2018-12-19 16:12:07'),(726,2,'016',1,NULL,10,'13_19',0,'2018-12-12 23:39:08','2018-12-19 16:12:07'),(727,2,'015',1,NULL,10,'13_17',0,'2018-12-12 23:39:08','2018-12-19 16:12:07'),(728,2,'019',1,NULL,10,'13_22',0,'2018-12-12 23:39:08','2018-12-19 16:12:07'),(729,2,'017',1,NULL,10,'13_2',0,'2018-12-12 23:39:08','2018-12-19 16:12:07'),(730,2,'018',1,NULL,10,'13_20',0,'2018-12-12 23:39:08','2018-12-19 16:12:07'),(731,2,'020',1,NULL,10,'13_23',0,'2018-12-12 23:39:08','2018-12-19 16:12:07'),(732,2,'021',1,NULL,10,'13_25',0,'2018-12-12 23:39:08','2018-12-19 16:12:07'),(733,2,'022',1,NULL,10,'13_26',0,'2018-12-12 23:39:08','2018-12-19 16:12:07'),(734,2,'025',1,NULL,10,'13_31',0,'2018-12-12 23:39:08','2018-12-19 16:12:07'),(735,2,'023',1,NULL,10,'13_28',0,'2018-12-12 23:39:08','2018-12-19 16:12:07'),(736,2,'024',1,NULL,10,'13_29',0,'2018-12-12 23:39:08','2018-12-19 16:12:07'),(737,2,'027',1,NULL,10,'13_34',0,'2018-12-12 23:39:08','2018-12-19 16:12:07'),(738,2,'026',1,NULL,10,'13_32',0,'2018-12-12 23:39:08','2018-12-19 16:12:07'),(739,2,'032',1,NULL,10,'13_40',0,'2018-12-12 23:39:08','2018-12-19 16:12:08'),(740,2,'028',1,NULL,10,'13_35',0,'2018-12-12 23:39:08','2018-12-19 16:12:07'),(741,2,'030',1,NULL,10,'13_38',0,'2018-12-12 23:39:08','2018-12-19 16:12:07'),(742,2,'029',1,NULL,10,'13_37',0,'2018-12-12 23:39:08','2018-12-19 16:12:07'),(743,2,'031',1,NULL,10,'13_4',0,'2018-12-12 23:39:08','2018-12-19 16:12:07'),(744,2,'033',1,NULL,10,'13_41',0,'2018-12-12 23:39:08','2018-12-19 16:12:07'),(745,2,'034',1,NULL,10,'13_43',0,'2018-12-12 23:39:08','2018-12-19 16:12:07'),(746,2,'035',1,NULL,10,'13_44',0,'2018-12-12 23:39:08','2018-12-19 16:12:07'),(747,2,'036',1,NULL,10,'13_46',0,'2018-12-12 23:39:08','2018-12-19 16:12:08'),(748,2,'037',1,NULL,10,'13_47',0,'2018-12-12 23:39:08','2018-12-19 16:12:08'),(749,2,'040',1,NULL,10,'13_50',0,'2018-12-12 23:39:08','2018-12-19 16:12:08'),(750,2,'041',1,NULL,10,'13_7',0,'2018-12-12 23:39:08','2018-12-19 16:12:08'),(751,2,'042',1,NULL,10,'13_8',0,'2018-12-12 23:39:08','2018-12-19 16:12:08'),(752,2,'043',1,NULL,10,'14_10',0,'2018-12-12 23:39:08','2018-12-19 16:12:08'),(753,2,'039',1,NULL,10,'13_5',0,'2018-12-12 23:39:08','2018-12-19 16:12:08'),(754,2,'044',1,NULL,10,'14_11',0,'2018-12-12 23:39:08','2018-12-19 16:12:08'),(755,2,'045',1,NULL,10,'14_13',0,'2018-12-12 23:39:08','2018-12-19 16:12:08'),(756,2,'047',1,NULL,10,'14_16',0,'2018-12-12 23:39:08','2018-12-19 16:12:08'),(757,2,'046',1,NULL,10,'14_14',0,'2018-12-12 23:39:08','2018-12-19 16:12:08'),(758,2,'048',1,NULL,10,'14_17',0,'2018-12-12 23:39:08','2018-12-19 16:12:08'),(759,2,'051',1,NULL,10,'14_25',0,'2018-12-12 23:39:08','2018-12-19 16:12:08'),(760,2,'049',1,NULL,10,'14_22',0,'2018-12-12 23:39:08','2018-12-19 16:12:08'),(761,2,'050',1,NULL,10,'14_23',0,'2018-12-12 23:39:08','2018-12-19 16:12:08'),(762,2,'052',1,NULL,10,'14_26',0,'2018-12-12 23:39:08','2018-12-19 16:12:08'),(763,2,'054',1,NULL,10,'14_29',0,'2018-12-12 23:39:08','2018-12-19 16:12:08'),(764,2,'056',1,NULL,10,'14_32',0,'2018-12-12 23:39:08','2018-12-19 16:12:08'),(765,2,'053',1,NULL,10,'14_28',0,'2018-12-12 23:39:08','2018-12-19 16:12:08'),(766,2,'055',1,NULL,10,'14_31',0,'2018-12-12 23:39:08','2018-12-19 16:12:08'),(767,2,'058',1,NULL,10,'14_35',0,'2018-12-12 23:39:08','2018-12-19 16:12:08'),(768,2,'057',1,NULL,10,'14_34',0,'2018-12-12 23:39:08','2018-12-19 16:12:08'),(769,2,'062',1,NULL,10,'14_40',0,'2018-12-12 23:39:08','2018-12-19 16:12:08'),(770,2,'059',1,NULL,10,'14_37',0,'2018-12-12 23:39:08','2018-12-19 16:12:08'),(771,2,'060',1,NULL,10,'14_38',0,'2018-12-12 23:39:09','2018-12-19 16:12:08'),(772,2,'061',1,NULL,10,'14_4',0,'2018-12-12 23:39:09','2018-12-19 16:12:08'),(773,2,'064',1,NULL,10,'14_43',0,'2018-12-12 23:39:09','2018-12-19 16:12:08'),(774,2,'063',1,NULL,10,'14_41',0,'2018-12-12 23:39:09','2018-12-19 16:12:08'),(775,2,'066',1,NULL,10,'14_46',0,'2018-12-12 23:39:09','2018-12-19 16:12:08'),(776,2,'067',1,NULL,10,'14_47',0,'2018-12-12 23:39:09','2018-12-19 16:12:08'),(777,2,'065',1,NULL,10,'14_44',0,'2018-12-12 23:39:09','2018-12-19 16:12:08'),(778,2,'068',1,NULL,10,'14_49',0,'2018-12-12 23:39:09','2018-12-19 16:12:08'),(779,2,'070',1,NULL,10,'14_50',0,'2018-12-12 23:39:09','2018-12-19 16:12:08'),(780,2,'072',1,NULL,10,'14_8',0,'2018-12-12 23:39:09','2018-12-19 16:12:08'),(781,2,'069',1,NULL,10,'14_5',0,'2018-12-12 23:39:09','2018-12-19 16:12:08'),(782,2,'073',1,NULL,10,'15_13',0,'2018-12-12 23:39:09','2018-12-19 16:12:08'),(783,2,'077',1,NULL,10,'15_22',0,'2018-12-12 23:39:09','2018-12-19 16:12:08'),(784,2,'071',1,NULL,10,'14_7',0,'2018-12-12 23:39:09','2018-12-19 16:12:08'),(785,2,'078',1,NULL,10,'15_23',0,'2018-12-12 23:39:09','2018-12-19 16:12:08'),(786,2,'075',1,NULL,10,'15_16',0,'2018-12-12 23:39:09','2018-12-19 16:12:08'),(787,2,'074',1,NULL,10,'15_14',0,'2018-12-12 23:39:09','2018-12-19 16:12:08'),(788,2,'080',1,NULL,10,'15_26',0,'2018-12-12 23:39:09','2018-12-19 16:12:08'),(789,2,'082',1,NULL,10,'15_29',0,'2018-12-12 23:39:09','2018-12-19 16:12:08'),(790,2,'081',1,NULL,10,'15_28',0,'2018-12-12 23:39:09','2018-12-19 16:12:08'),(791,2,'076',1,NULL,10,'15_17',0,'2018-12-12 23:39:09','2018-12-19 16:12:08'),(792,2,'085',1,NULL,10,'15_4',0,'2018-12-12 23:39:09','2018-12-19 16:12:08'),(793,2,'083',1,NULL,10,'15_34',0,'2018-12-12 23:39:09','2018-12-19 16:12:08'),(794,2,'079',1,NULL,10,'15_25',0,'2018-12-12 23:39:09','2018-12-19 16:12:08'),(795,2,'086',1,NULL,10,'15_40',0,'2018-12-12 23:39:09','2018-12-19 16:12:08'),(796,2,'084',1,NULL,10,'15_35',0,'2018-12-12 23:39:09','2018-12-19 16:12:08'),(797,2,'087',1,NULL,10,'15_41',0,'2018-12-12 23:39:09','2018-12-19 16:12:08'),(798,2,'091',1,NULL,10,'15_47',0,'2018-12-12 23:39:09','2018-12-19 16:12:08'),(799,2,'089',1,NULL,10,'15_44',0,'2018-12-12 23:39:09','2018-12-19 16:12:08'),(800,2,'092',1,NULL,10,'15_5',0,'2018-12-12 23:39:09','2018-12-19 16:12:08'),(801,2,'088',1,NULL,10,'15_43',0,'2018-12-12 23:39:09','2018-12-19 16:12:08'),(802,2,'090',1,NULL,10,'15_46',0,'2018-12-12 23:39:09','2018-12-19 16:12:08'),(803,2,'094',1,NULL,10,'15_8',0,'2018-12-12 23:39:09','2018-12-19 16:12:08'),(804,2,'096',1,NULL,10,'16_13',0,'2018-12-12 23:39:09','2018-12-19 16:12:08'),(805,2,'093',1,NULL,10,'15_7',0,'2018-12-12 23:39:09','2018-12-19 16:12:08'),(806,2,'098',1,NULL,10,'16_16',0,'2018-12-12 23:39:09','2018-12-19 16:12:08'),(807,2,'097',1,NULL,10,'16_14',0,'2018-12-12 23:39:09','2018-12-19 16:12:08'),(808,2,'095',1,NULL,10,'16_1',0,'2018-12-12 23:39:09','2018-12-19 16:12:08'),(809,2,'099',1,NULL,10,'16_17',0,'2018-12-12 23:39:09','2018-12-19 16:12:08'),(810,2,'101',1,NULL,10,'16_2',0,'2018-12-12 23:39:09','2018-12-19 16:12:08'),(811,2,'102',1,NULL,10,'16_20',0,'2018-12-12 23:39:09','2018-12-19 16:12:08'),(812,2,'100',1,NULL,10,'16_19',0,'2018-12-12 23:39:09','2018-12-19 16:12:08'),(813,2,'106',1,NULL,10,'16_26',0,'2018-12-12 23:39:09','2018-12-19 16:12:08'),(814,2,'103',1,NULL,10,'16_22',0,'2018-12-12 23:39:09','2018-12-19 16:12:08'),(815,2,'104',1,NULL,10,'16_23',0,'2018-12-12 23:39:09','2018-12-19 16:12:08'),(816,2,'108',1,NULL,10,'16_29',0,'2018-12-12 23:39:09','2018-12-19 16:12:08'),(817,2,'105',1,NULL,10,'16_25',0,'2018-12-12 23:39:09','2018-12-19 16:12:08'),(818,2,'107',1,NULL,10,'16_28',0,'2018-12-12 23:39:09','2018-12-19 16:12:08'),(819,2,'110',1,NULL,10,'16_35',0,'2018-12-12 23:39:09','2018-12-19 16:12:08'),(820,2,'109',1,NULL,10,'16_34',0,'2018-12-12 23:39:09','2018-12-19 16:12:08'),(821,2,'112',1,NULL,10,'16_40',0,'2018-12-12 23:39:09','2018-12-19 16:12:08'),(822,2,'111',1,NULL,10,'16_4',0,'2018-12-12 23:39:09','2018-12-19 16:12:08'),(823,2,'113',1,NULL,10,'16_41',0,'2018-12-12 23:39:09','2018-12-19 16:12:08'),(824,2,'114',1,NULL,10,'16_43',0,'2018-12-12 23:39:09','2018-12-19 16:12:08'),(825,2,'116',1,NULL,10,'16_46',0,'2018-12-12 23:39:09','2018-12-19 16:12:08'),(826,2,'115',1,NULL,10,'16_44',0,'2018-12-12 23:39:09','2018-12-19 16:12:08'),(827,2,'118',1,NULL,10,'16_5',0,'2018-12-12 23:39:09','2018-12-19 16:12:08'),(828,2,'117',1,NULL,10,'16_47',0,'2018-12-12 23:39:09','2018-12-19 16:12:08'),(829,2,'119',1,NULL,10,'16_7',0,'2018-12-12 23:39:09','2018-12-19 16:12:08'),(830,2,'121',1,NULL,10,'17_1',0,'2018-12-12 23:39:09','2018-12-19 16:12:08'),(831,2,'120',1,NULL,10,'16_8',0,'2018-12-12 23:39:09','2018-12-19 16:12:08'),(832,2,'123',1,NULL,10,'17_11',0,'2018-12-12 23:39:09','2018-12-19 16:12:08'),(833,2,'122',1,NULL,10,'17_10',0,'2018-12-12 23:39:09','2018-12-19 16:12:08'),(834,2,'125',1,NULL,10,'17_14',0,'2018-12-12 23:39:09','2018-12-19 16:12:08'),(835,2,'124',1,NULL,10,'17_13',0,'2018-12-12 23:39:09','2018-12-19 16:12:08'),(836,2,'126',1,NULL,10,'17_17',0,'2018-12-12 23:39:09','2018-12-19 16:12:08'),(837,2,'128',1,NULL,10,'17_2',0,'2018-12-12 23:39:09','2018-12-19 16:12:08'),(838,2,'131',1,NULL,10,'17_26',0,'2018-12-12 23:39:09','2018-12-19 16:12:08'),(839,2,'127',1,NULL,10,'17_19',0,'2018-12-12 23:39:09','2018-12-19 16:12:08'),(840,2,'129',1,NULL,10,'17_20',0,'2018-12-12 23:39:09','2018-12-19 16:12:08'),(841,2,'130',1,NULL,10,'17_25',0,'2018-12-12 23:39:09','2018-12-19 16:12:08'),(842,2,'134',1,NULL,10,'17_34',0,'2018-12-12 23:39:09','2018-12-19 16:12:08'),(843,2,'136',1,NULL,10,'17_37',0,'2018-12-12 23:39:09','2018-12-19 16:12:08'),(844,2,'132',1,NULL,10,'17_31',0,'2018-12-12 23:39:09','2018-12-19 16:12:08'),(845,2,'133',1,NULL,10,'17_32',0,'2018-12-12 23:39:09','2018-12-19 16:12:08'),(846,2,'137',1,NULL,10,'17_38',0,'2018-12-12 23:39:09','2018-12-19 16:12:08'),(847,2,'135',1,NULL,10,'17_35',0,'2018-12-12 23:39:09','2018-12-19 16:12:08'),(848,2,'140',1,NULL,10,'17_47',0,'2018-12-12 23:39:09','2018-12-19 16:12:09'),(849,2,'138',1,NULL,10,'17_4',0,'2018-12-12 23:39:09','2018-12-19 16:12:09'),(850,2,'141',1,NULL,10,'17_49',0,'2018-12-12 23:39:09','2018-12-19 16:12:09'),(851,2,'139',1,NULL,10,'17_46',0,'2018-12-12 23:39:09','2018-12-19 16:12:09'),(852,2,'143',1,NULL,10,'17_7',0,'2018-12-12 23:39:09','2018-12-19 16:12:09'),(853,2,'142',1,NULL,10,'17_50',0,'2018-12-12 23:39:09','2018-12-19 16:12:09'),(854,2,'144',1,NULL,10,'17_8',0,'2018-12-12 23:39:09','2018-12-19 16:12:09'),(855,2,'145',1,NULL,10,'18_37',0,'2018-12-12 23:39:09','2018-12-19 16:12:09'),(856,2,'146',1,NULL,10,'18_38',0,'2018-12-12 23:39:09','2018-12-19 16:12:09'),(857,2,'147',1,NULL,10,'18_46',0,'2018-12-12 23:39:09','2018-12-19 16:12:09'),(858,2,'148',1,NULL,10,'18_47',0,'2018-12-12 23:39:09','2018-12-19 16:12:09'),(859,2,'150',1,NULL,10,'18_50',0,'2018-12-12 23:39:09','2018-12-19 16:12:09'),(860,2,'153',1,NULL,10,'3_34',0,'2018-12-12 23:39:09','2018-12-19 16:12:09'),(861,2,'149',1,NULL,10,'18_49',0,'2018-12-12 23:39:09','2018-12-19 16:12:09'),(862,2,'152',1,NULL,10,'1_34',0,'2018-12-12 23:39:09','2018-12-19 16:12:09'),(863,2,'154',1,NULL,10,'3_35',0,'2018-12-12 23:39:09','2018-12-19 16:12:09'),(864,2,'155',1,NULL,10,'4_31',0,'2018-12-12 23:39:09','2018-12-19 16:12:09'),(865,2,'157',1,NULL,10,'4_34',0,'2018-12-12 23:39:09','2018-12-19 16:12:09'),(866,2,'158',1,NULL,10,'4_35',0,'2018-12-12 23:39:09','2018-12-19 16:12:09'),(867,2,'151',1,NULL,10,'1_33',0,'2018-12-12 23:39:09','2018-12-19 16:12:09'),(868,2,'160',1,NULL,10,'5_32',0,'2018-12-12 23:39:09','2018-12-19 16:12:09'),(869,2,'156',1,NULL,10,'4_32',0,'2018-12-12 23:39:09','2018-12-19 16:12:09'),(870,2,'159',1,NULL,10,'5_31',0,'2018-12-12 23:39:09','2018-12-19 16:12:09'),(871,2,'161',1,NULL,10,'6_31',0,'2018-12-12 23:39:09','2018-12-19 16:12:09'),(872,2,'162',1,NULL,10,'6_32',0,'2018-12-12 23:39:09','2018-12-19 16:12:09'),(873,2,'166',1,NULL,10,'7_35',0,'2018-12-12 23:39:09','2018-12-19 16:12:09'),(874,2,'163',1,NULL,10,'7_31',0,'2018-12-12 23:39:09','2018-12-19 16:12:09'),(875,2,'164',1,NULL,10,'7_32',0,'2018-12-12 23:39:09','2018-12-19 16:12:09'),(876,2,'165',1,NULL,10,'7_34',0,'2018-12-12 23:39:09','2018-12-19 16:12:09'),(877,2,'167',1,NULL,10,'8_31',0,'2018-12-12 23:39:09','2018-12-19 16:12:09'),(878,2,'169',1,NULL,10,'8_34',0,'2018-12-12 23:39:10','2018-12-19 16:12:09'),(879,2,'168',1,NULL,10,'8_32',0,'2018-12-12 23:39:10','2018-12-19 16:12:09'),(880,2,'172',1,NULL,10,'9_32',0,'2018-12-12 23:39:10','2018-12-19 16:12:09'),(881,2,'171',1,NULL,10,'9_31',0,'2018-12-12 23:39:10','2018-12-19 16:12:09'),(882,2,'173',1,NULL,10,'9_34',0,'2018-12-12 23:39:10','2018-12-19 16:12:09'),(883,2,'170',1,NULL,10,'8_35',0,'2018-12-12 23:39:10','2018-12-19 16:12:09'),(884,2,'174',1,NULL,10,'9_35',0,'2018-12-12 23:39:10','2018-12-19 16:12:09'),(885,2,'006',1,NULL,10,'11_32',0,'2018-12-12 23:39:10','2018-12-19 16:12:09'),(886,2,'038',1,NULL,10,'13_49',0,'2018-12-12 23:39:10','2018-12-19 16:12:08'),(887,4,'AB002',1,NULL,9,'10_8',0,'2018-12-12 23:40:02','2018-12-12 23:40:02'),(888,4,'AB004',1,NULL,9,'11_11',0,'2018-12-12 23:40:02','2018-12-12 23:40:02'),(889,4,'AB003',1,NULL,9,'10_9',0,'2018-12-12 23:40:02','2018-12-12 23:40:02'),(890,4,'AB001',1,NULL,9,'10_11',0,'2018-12-12 23:40:02','2018-12-12 23:40:02'),(891,4,'AB008',1,NULL,9,'1_2',0,'2018-12-12 23:40:02','2018-12-12 23:40:02'),(892,4,'AB007',1,NULL,9,'1_1',0,'2018-12-12 23:40:02','2018-12-12 23:40:02'),(893,4,'AB005',1,NULL,9,'11_8',0,'2018-12-12 23:40:02','2018-12-12 23:40:02'),(894,4,'AB012',1,NULL,9,'1_8',0,'2018-12-12 23:40:02','2018-12-12 23:40:02'),(895,4,'AB010',1,NULL,9,'1_5',0,'2018-12-12 23:40:02','2018-12-12 23:40:02'),(896,4,'AB009',1,NULL,9,'1_4',0,'2018-12-12 23:40:02','2018-12-12 23:40:02'),(897,4,'AB014',1,NULL,9,'3_3',0,'2018-12-12 23:40:02','2018-12-12 23:40:02'),(898,4,'AB011',1,NULL,9,'1_7',0,'2018-12-12 23:40:02','2018-12-12 23:40:02'),(899,4,'AB017',1,NULL,9,'3_8',0,'2018-12-12 23:40:02','2018-12-12 23:40:02'),(900,4,'AB016',1,NULL,9,'3_6',0,'2018-12-12 23:40:02','2018-12-12 23:40:02'),(901,4,'AB015',1,NULL,9,'3_5',0,'2018-12-12 23:40:02','2018-12-12 23:40:02'),(902,4,'AB018',1,NULL,9,'3_9',0,'2018-12-12 23:40:02','2018-12-12 23:40:02'),(903,4,'AB013',1,NULL,9,'3_2',0,'2018-12-12 23:40:02','2018-12-12 23:40:02'),(904,4,'AB019',1,NULL,9,'4_5',0,'2018-12-12 23:40:02','2018-12-12 23:40:02'),(905,4,'AB021',1,NULL,9,'4_8',0,'2018-12-12 23:40:02','2018-12-12 23:40:02'),(906,4,'AB020',1,NULL,9,'4_6',0,'2018-12-12 23:40:02','2018-12-12 23:40:02'),(907,4,'AB022',1,NULL,9,'4_9',0,'2018-12-12 23:40:02','2018-12-12 23:40:02'),(908,4,'AB024',1,NULL,9,'5_6',0,'2018-12-12 23:40:02','2018-12-12 23:40:02'),(909,4,'AB026',1,NULL,9,'5_9',0,'2018-12-12 23:40:02','2018-12-12 23:40:02'),(910,4,'AB025',1,NULL,9,'5_8',0,'2018-12-12 23:40:02','2018-12-12 23:40:02'),(911,4,'AB030',1,NULL,9,'6_8',0,'2018-12-12 23:40:02','2018-12-12 23:40:02'),(912,4,'AB023',1,NULL,9,'5_5',0,'2018-12-12 23:40:02','2018-12-12 23:40:02'),(913,4,'AB031',1,NULL,9,'6_9',0,'2018-12-12 23:40:02','2018-12-12 23:40:02'),(914,4,'AB027',1,NULL,9,'6_11',0,'2018-12-12 23:40:02','2018-12-12 23:40:02'),(915,4,'AB028',1,NULL,9,'6_5',0,'2018-12-12 23:40:02','2018-12-12 23:40:02'),(916,4,'AB032',1,NULL,9,'7_11',0,'2018-12-12 23:40:02','2018-12-12 23:40:02'),(917,4,'AB029',1,NULL,9,'6_6',0,'2018-12-12 23:40:02','2018-12-12 23:40:02'),(918,4,'AB035',1,NULL,9,'8_11',0,'2018-12-12 23:40:02','2018-12-12 23:40:02'),(919,4,'AB034',1,NULL,9,'7_9',0,'2018-12-12 23:40:02','2018-12-12 23:40:02'),(920,4,'AB033',1,NULL,9,'7_8',0,'2018-12-12 23:40:02','2018-12-12 23:40:02'),(921,4,'AB036',1,NULL,9,'8_8',0,'2018-12-12 23:40:03','2018-12-12 23:40:03'),(922,4,'AB038',1,NULL,9,'9_11',0,'2018-12-12 23:40:03','2018-12-12 23:40:03'),(923,4,'AB037',1,NULL,9,'8_9',0,'2018-12-12 23:40:03','2018-12-12 23:40:03'),(924,4,'AB006',1,NULL,9,'11_9',0,'2018-12-12 23:40:03','2018-12-12 23:40:03'),(925,5,'AV005',1,NULL,8,'1_9',0,'2018-12-12 23:40:07','2018-12-12 23:40:07'),(926,5,'AV002',1,NULL,8,'1_4',0,'2018-12-12 23:40:07','2018-12-12 23:40:07'),(927,5,'AV001',1,NULL,8,'1_3',0,'2018-12-12 23:40:07','2018-12-12 23:40:07'),(928,5,'AV004',1,NULL,8,'1_8',0,'2018-12-12 23:40:07','2018-12-12 23:40:07'),(929,5,'AV009',1,NULL,8,'2_5',0,'2018-12-12 23:40:07','2018-12-12 23:40:07'),(930,5,'AV003',1,NULL,8,'1_5',0,'2018-12-12 23:40:07','2018-12-12 23:40:07'),(931,5,'AV008',1,NULL,8,'2_4',0,'2018-12-12 23:40:07','2018-12-12 23:40:07'),(932,5,'AV007',1,NULL,8,'2_3',0,'2018-12-12 23:40:07','2018-12-12 23:40:07'),(933,5,'AV011',1,NULL,8,'2_9',0,'2018-12-12 23:40:07','2018-12-12 23:40:07'),(934,5,'AV010',1,NULL,8,'2_8',0,'2018-12-12 23:40:07','2018-12-12 23:40:07'),(935,5,'AV013',1,NULL,8,'4_1',0,'2018-12-12 23:40:07','2018-12-12 23:40:07'),(936,5,'AV012',1,NULL,8,'3_1',0,'2018-12-12 23:40:07','2018-12-12 23:40:07'),(937,5,'AV017',1,NULL,8,'4_6',0,'2018-12-12 23:40:07','2018-12-12 23:40:07'),(938,5,'AV016',1,NULL,8,'4_5',0,'2018-12-12 23:40:07','2018-12-12 23:40:07'),(939,5,'AV015',1,NULL,8,'4_4',0,'2018-12-12 23:40:07','2018-12-12 23:40:07'),(940,5,'AV014',1,NULL,8,'4_3',0,'2018-12-12 23:40:07','2018-12-12 23:40:07'),(941,5,'AV018',1,NULL,8,'4_7',0,'2018-12-12 23:40:07','2018-12-12 23:40:07'),(942,5,'AV021',1,NULL,8,'5_1',0,'2018-12-12 23:40:07','2018-12-12 23:40:07'),(943,5,'AV020',1,NULL,8,'4_9',0,'2018-12-12 23:40:07','2018-12-12 23:40:07'),(944,5,'AV019',1,NULL,8,'4_8',0,'2018-12-12 23:40:07','2018-12-12 23:40:07'),(945,5,'AV023',1,NULL,8,'5_4',0,'2018-12-12 23:40:07','2018-12-12 23:40:07'),(946,5,'AV022',1,NULL,8,'5_3',0,'2018-12-12 23:40:07','2018-12-12 23:40:07'),(947,5,'AV027',1,NULL,8,'5_8',0,'2018-12-12 23:40:07','2018-12-12 23:40:07'),(948,5,'AV024',1,NULL,8,'5_5',0,'2018-12-12 23:40:07','2018-12-12 23:40:07'),(949,5,'AV026',1,NULL,8,'5_7',0,'2018-12-12 23:40:07','2018-12-12 23:40:07'),(950,5,'AV025',1,NULL,8,'5_6',0,'2018-12-12 23:40:07','2018-12-12 23:40:07'),(951,5,'AV029',1,NULL,8,'6_1',0,'2018-12-12 23:40:07','2018-12-12 23:40:07'),(952,5,'AV028',1,NULL,8,'5_9',0,'2018-12-12 23:40:07','2018-12-12 23:40:07'),(953,5,'AV030',1,NULL,8,'7_1',0,'2018-12-12 23:40:07','2018-12-12 23:40:07'),(954,5,'AV006',1,NULL,8,'2_1',0,'2018-12-12 23:40:07','2018-12-12 23:40:07'),(955,11,'001',3,'2018-12-19',7,'1_10',0,'2018-12-12 23:40:21','2018-12-19 20:24:51'),(956,11,'005',1,NULL,7,'3_10',0,'2018-12-12 23:40:21','2018-12-19 20:03:06'),(957,11,'002',1,NULL,7,'1_6',0,'2018-12-12 23:40:21','2018-12-19 20:03:06'),(958,11,'003',1,NULL,7,'1_7',0,'2018-12-12 23:40:21','2018-12-19 20:03:06'),(959,11,'004',1,NULL,7,'1_9',0,'2018-12-12 23:40:21','2018-12-19 20:03:06'),(960,11,'008',1,NULL,7,'3_6',0,'2018-12-12 23:40:21','2018-12-19 20:03:06'),(961,11,'009',1,NULL,7,'3_7',0,'2018-12-12 23:40:21','2018-12-19 20:03:06'),(962,11,'014',1,NULL,7,'4_2',0,'2018-12-12 23:40:21','2018-12-19 20:03:06'),(963,11,'013',1,NULL,7,'4_10',0,'2018-12-12 23:40:21','2018-12-19 20:03:06'),(964,11,'007',1,NULL,7,'3_5',0,'2018-12-12 23:40:21','2018-12-19 20:03:06'),(965,11,'010',1,NULL,7,'3_8',0,'2018-12-12 23:40:21','2018-12-19 20:03:06'),(966,11,'011',1,NULL,7,'3_9',0,'2018-12-12 23:40:21','2018-12-19 20:03:06'),(967,11,'012',1,NULL,7,'4_1',0,'2018-12-12 23:40:21','2018-12-19 20:03:06'),(968,11,'015',1,NULL,7,'4_4',0,'2018-12-12 23:40:21','2018-12-19 20:03:06'),(969,11,'016',1,NULL,7,'4_5',0,'2018-12-12 23:40:21','2018-12-19 20:03:06'),(970,11,'018',1,NULL,7,'5_1',0,'2018-12-12 23:40:21','2018-12-19 20:03:06'),(971,11,'017',1,NULL,7,'4_9',0,'2018-12-12 23:40:21','2018-12-19 20:03:06'),(972,11,'019',1,NULL,7,'5_2',0,'2018-12-12 23:40:21','2018-12-19 20:03:06'),(973,11,'006',1,NULL,7,'3_4',0,'2018-12-12 23:40:22','2018-12-19 20:03:06'),(974,2,'001',3,'2018-12-19',12,'10_49',0,'2018-12-19 19:58:57','2018-12-19 20:24:51'),(975,2,'002',3,'2018-12-19',12,'10_50',0,'2018-12-19 19:58:57','2018-12-19 20:24:51'),(976,2,'004',3,'2018-12-19',12,'10_59',0,'2018-12-19 19:58:57','2018-12-19 20:24:51'),(977,2,'003',3,'2018-12-19',12,'10_58',0,'2018-12-19 19:58:57','2018-12-19 20:24:51'),(978,2,'006',1,NULL,12,'10_62',0,'2018-12-19 19:58:57','2018-12-19 19:58:57'),(979,2,'005',3,'2018-12-19',12,'10_61',0,'2018-12-19 19:58:57','2018-12-19 20:24:51'),(980,2,'008',1,NULL,12,'2_3',0,'2018-12-19 19:58:57','2018-12-19 19:58:57'),(981,2,'010',1,NULL,12,'2_6',0,'2018-12-19 19:58:57','2018-12-19 19:58:57'),(982,2,'009',1,NULL,12,'2_4',0,'2018-12-19 19:58:57','2018-12-19 19:58:57'),(983,2,'011',1,NULL,12,'2_7',0,'2018-12-19 19:58:57','2018-12-19 19:58:57'),(984,2,'012',1,NULL,12,'3_2',0,'2018-12-19 19:58:57','2018-12-19 19:58:57'),(985,2,'013',1,NULL,12,'3_3',0,'2018-12-19 19:58:57','2018-12-19 19:58:57'),(986,2,'016',1,NULL,12,'3_6',0,'2018-12-19 19:58:57','2018-12-19 19:58:57'),(987,2,'015',1,NULL,12,'3_5',0,'2018-12-19 19:58:57','2018-12-19 19:58:57'),(988,2,'014',1,NULL,12,'3_4',0,'2018-12-19 19:58:57','2018-12-19 19:58:57'),(989,2,'018',1,NULL,12,'5_13',0,'2018-12-19 19:58:57','2018-12-19 19:58:57'),(990,2,'017',1,NULL,12,'3_7',0,'2018-12-19 19:58:57','2018-12-19 19:58:57'),(991,2,'019',1,NULL,12,'5_14',0,'2018-12-19 19:58:57','2018-12-19 19:58:57'),(992,2,'020',1,NULL,12,'5_16',0,'2018-12-19 19:58:57','2018-12-19 19:58:57'),(993,2,'022',1,NULL,12,'5_19',0,'2018-12-19 19:58:57','2018-12-19 19:58:57'),(994,2,'021',1,NULL,12,'5_17',0,'2018-12-19 19:58:57','2018-12-19 19:58:57'),(995,2,'024',1,NULL,12,'5_22',0,'2018-12-19 19:58:57','2018-12-19 19:58:57'),(996,2,'023',1,NULL,12,'5_20',0,'2018-12-19 19:58:57','2018-12-19 19:58:57'),(997,2,'026',1,NULL,12,'5_25',0,'2018-12-19 19:58:57','2018-12-19 19:58:57'),(998,2,'027',1,NULL,12,'5_26',0,'2018-12-19 19:58:57','2018-12-19 19:58:57'),(999,2,'025',1,NULL,12,'5_23',0,'2018-12-19 19:58:57','2018-12-19 19:58:57'),(1000,2,'028',1,NULL,12,'5_28',0,'2018-12-19 19:58:57','2018-12-19 19:58:57'),(1001,2,'029',1,NULL,12,'5_29',0,'2018-12-19 19:58:57','2018-12-19 19:58:57'),(1002,2,'032',1,NULL,12,'5_34',0,'2018-12-19 19:58:57','2018-12-19 19:58:57'),(1003,2,'030',1,NULL,12,'5_31',0,'2018-12-19 19:58:57','2018-12-19 19:58:57'),(1004,2,'031',1,NULL,12,'5_32',0,'2018-12-19 19:58:57','2018-12-19 19:58:57'),(1005,2,'033',1,NULL,12,'5_35',0,'2018-12-19 19:58:57','2018-12-19 19:58:57'),(1006,2,'034',1,NULL,12,'5_37',0,'2018-12-19 19:58:57','2018-12-19 19:58:57'),(1007,2,'038',1,NULL,12,'5_43',0,'2018-12-19 19:58:57','2018-12-19 19:58:57'),(1008,2,'035',1,NULL,12,'5_38',0,'2018-12-19 19:58:57','2018-12-19 19:58:57'),(1009,2,'037',1,NULL,12,'5_41',0,'2018-12-19 19:58:57','2018-12-19 19:58:57'),(1010,2,'036',1,NULL,12,'5_40',0,'2018-12-19 19:58:57','2018-12-19 19:58:57'),(1011,2,'039',1,NULL,12,'5_44',0,'2018-12-19 19:58:57','2018-12-19 19:58:57'),(1012,2,'042',1,NULL,12,'5_49',0,'2018-12-19 19:58:57','2018-12-19 19:58:57'),(1013,2,'044',1,NULL,12,'5_52',0,'2018-12-19 19:58:57','2018-12-19 19:58:57'),(1014,2,'040',1,NULL,12,'5_46',0,'2018-12-19 19:58:57','2018-12-19 19:58:57'),(1015,2,'043',1,NULL,12,'5_50',0,'2018-12-19 19:58:57','2018-12-19 19:58:57'),(1016,2,'045',1,NULL,12,'5_53',0,'2018-12-19 19:58:57','2018-12-19 19:58:57'),(1017,2,'041',1,NULL,12,'5_47',0,'2018-12-19 19:58:57','2018-12-19 19:58:57'),(1018,2,'046',1,NULL,12,'5_55',0,'2018-12-19 19:58:57','2018-12-19 19:58:57'),(1019,2,'047',1,NULL,12,'5_56',0,'2018-12-19 19:58:57','2018-12-19 19:58:57'),(1020,2,'049',1,NULL,12,'5_59',0,'2018-12-19 19:58:57','2018-12-19 19:58:57'),(1021,2,'055',1,NULL,12,'6_20',0,'2018-12-19 19:58:57','2018-12-19 19:58:57'),(1022,2,'048',1,NULL,12,'5_58',0,'2018-12-19 19:58:57','2018-12-19 19:58:57'),(1023,2,'050',1,NULL,12,'5_61',0,'2018-12-19 19:58:57','2018-12-19 19:58:57'),(1024,2,'052',1,NULL,12,'6_16',0,'2018-12-19 19:58:57','2018-12-19 19:58:57'),(1025,2,'053',1,NULL,12,'6_17',0,'2018-12-19 19:58:57','2018-12-19 19:58:57'),(1026,2,'054',1,NULL,12,'6_19',0,'2018-12-19 19:58:57','2018-12-19 19:58:57'),(1027,2,'056',1,NULL,12,'6_22',0,'2018-12-19 19:58:57','2018-12-19 19:58:57'),(1028,2,'059',1,NULL,12,'6_26',0,'2018-12-19 19:58:57','2018-12-19 19:58:57'),(1029,2,'051',1,NULL,12,'5_62',0,'2018-12-19 19:58:57','2018-12-19 19:58:57'),(1030,2,'060',1,NULL,12,'6_28',0,'2018-12-19 19:58:57','2018-12-19 19:58:57'),(1031,2,'057',1,NULL,12,'6_23',0,'2018-12-19 19:58:57','2018-12-19 19:58:57'),(1032,2,'063',1,NULL,12,'6_35',0,'2018-12-19 19:58:57','2018-12-19 19:58:57'),(1033,2,'061',1,NULL,12,'6_29',0,'2018-12-19 19:58:57','2018-12-19 19:58:57'),(1034,2,'058',1,NULL,12,'6_25',0,'2018-12-19 19:58:57','2018-12-19 19:58:57'),(1035,2,'065',1,NULL,12,'6_38',0,'2018-12-19 19:58:57','2018-12-19 19:58:57'),(1036,2,'062',1,NULL,12,'6_34',0,'2018-12-19 19:58:57','2018-12-19 19:58:57'),(1037,2,'066',1,NULL,12,'6_40',0,'2018-12-19 19:58:57','2018-12-19 19:58:57'),(1038,2,'068',1,NULL,12,'6_43',0,'2018-12-19 19:58:57','2018-12-19 19:58:57'),(1039,2,'067',1,NULL,12,'6_41',0,'2018-12-19 19:58:57','2018-12-19 19:58:57'),(1040,2,'064',1,NULL,12,'6_37',0,'2018-12-19 19:58:57','2018-12-19 19:58:57'),(1041,2,'069',1,NULL,12,'6_44',0,'2018-12-19 19:58:57','2018-12-19 19:58:57'),(1042,2,'070',1,NULL,12,'6_46',0,'2018-12-19 19:58:57','2018-12-19 19:58:57'),(1043,2,'072',1,NULL,12,'6_49',0,'2018-12-19 19:58:57','2018-12-19 19:58:57'),(1044,2,'071',1,NULL,12,'6_47',0,'2018-12-19 19:58:57','2018-12-19 19:58:57'),(1045,2,'073',1,NULL,12,'6_50',0,'2018-12-19 19:58:57','2018-12-19 19:58:57'),(1046,2,'075',1,NULL,12,'6_53',0,'2018-12-19 19:58:57','2018-12-19 19:58:57'),(1047,2,'074',1,NULL,12,'6_52',0,'2018-12-19 19:58:57','2018-12-19 19:58:57'),(1048,2,'076',1,NULL,12,'6_55',0,'2018-12-19 19:58:57','2018-12-19 19:58:57'),(1049,2,'077',1,NULL,12,'6_56',0,'2018-12-19 19:58:57','2018-12-19 19:58:57'),(1050,2,'080',1,NULL,12,'6_61',0,'2018-12-19 19:58:57','2018-12-19 19:58:57'),(1051,2,'082',1,NULL,12,'7_16',0,'2018-12-19 19:58:57','2018-12-19 19:58:57'),(1052,2,'081',1,NULL,12,'6_62',0,'2018-12-19 19:58:57','2018-12-19 19:58:57'),(1053,2,'079',1,NULL,12,'6_59',0,'2018-12-19 19:58:57','2018-12-19 19:58:57'),(1054,2,'084',1,NULL,12,'7_19',0,'2018-12-19 19:58:57','2018-12-19 19:58:57'),(1055,2,'078',1,NULL,12,'6_58',0,'2018-12-19 19:58:57','2018-12-19 19:58:57'),(1056,2,'083',1,NULL,12,'7_17',0,'2018-12-19 19:58:57','2018-12-19 19:58:57'),(1057,2,'089',1,NULL,12,'7_29',0,'2018-12-19 19:58:57','2018-12-19 19:58:57'),(1058,2,'085',1,NULL,12,'7_20',0,'2018-12-19 19:58:57','2018-12-19 19:58:57'),(1059,2,'086',1,NULL,12,'7_25',0,'2018-12-19 19:58:58','2018-12-19 19:58:58'),(1060,2,'087',1,NULL,12,'7_26',0,'2018-12-19 19:58:58','2018-12-19 19:58:58'),(1061,2,'088',1,NULL,12,'7_28',0,'2018-12-19 19:58:58','2018-12-19 19:58:58'),(1062,2,'090',1,NULL,12,'7_34',0,'2018-12-19 19:58:58','2018-12-19 19:58:58'),(1063,2,'092',1,NULL,12,'7_37',0,'2018-12-19 19:58:58','2018-12-19 19:58:58'),(1064,2,'091',1,NULL,12,'7_35',0,'2018-12-19 19:58:58','2018-12-19 19:58:58'),(1065,2,'095',1,NULL,12,'7_41',0,'2018-12-19 19:58:58','2018-12-19 19:58:58'),(1066,2,'093',1,NULL,12,'7_38',0,'2018-12-19 19:58:58','2018-12-19 19:58:58'),(1067,2,'094',1,NULL,12,'7_40',0,'2018-12-19 19:58:58','2018-12-19 19:58:58'),(1068,2,'098',1,NULL,12,'7_52',0,'2018-12-19 19:58:58','2018-12-19 19:58:58'),(1069,2,'096',1,NULL,12,'7_46',0,'2018-12-19 19:58:58','2018-12-19 19:58:58'),(1070,2,'099',1,NULL,12,'7_53',0,'2018-12-19 19:58:58','2018-12-19 19:58:58'),(1071,2,'097',1,NULL,12,'7_47',0,'2018-12-19 19:58:58','2018-12-19 19:58:58'),(1072,2,'100',1,NULL,12,'7_55',0,'2018-12-19 19:58:58','2018-12-19 19:58:58'),(1073,2,'104',1,NULL,12,'8_13',0,'2018-12-19 19:58:58','2018-12-19 19:58:58'),(1074,2,'102',1,NULL,12,'7_58',0,'2018-12-19 19:58:58','2018-12-19 19:58:58'),(1075,2,'101',1,NULL,12,'7_56',0,'2018-12-19 19:58:58','2018-12-19 19:58:58'),(1076,2,'103',1,NULL,12,'7_59',0,'2018-12-19 19:58:58','2018-12-19 19:58:58'),(1077,2,'109',1,NULL,12,'8_20',0,'2018-12-19 19:58:58','2018-12-19 19:58:58'),(1078,2,'106',1,NULL,12,'8_16',0,'2018-12-19 19:58:58','2018-12-19 19:58:58'),(1079,2,'105',1,NULL,12,'8_14',0,'2018-12-19 19:58:58','2018-12-19 19:58:58'),(1080,2,'108',1,NULL,12,'8_19',0,'2018-12-19 19:58:58','2018-12-19 19:58:58'),(1081,2,'110',1,NULL,12,'8_25',0,'2018-12-19 19:58:58','2018-12-19 19:58:58'),(1082,2,'107',1,NULL,12,'8_17',0,'2018-12-19 19:58:58','2018-12-19 19:58:58'),(1083,2,'112',1,NULL,12,'8_28',0,'2018-12-19 19:58:58','2018-12-19 19:58:58'),(1084,2,'113',1,NULL,12,'8_29',0,'2018-12-19 19:58:58','2018-12-19 19:58:58'),(1085,2,'111',1,NULL,12,'8_26',0,'2018-12-19 19:58:58','2018-12-19 19:58:58'),(1086,2,'114',1,NULL,12,'8_31',0,'2018-12-19 19:58:58','2018-12-19 19:58:58'),(1087,2,'115',1,NULL,12,'8_32',0,'2018-12-19 19:58:58','2018-12-19 19:58:58'),(1088,2,'116',1,NULL,12,'8_34',0,'2018-12-19 19:58:58','2018-12-19 19:58:58'),(1089,2,'119',1,NULL,12,'8_38',0,'2018-12-19 19:58:58','2018-12-19 19:58:58'),(1090,2,'117',1,NULL,12,'8_35',0,'2018-12-19 19:58:58','2018-12-19 19:58:58'),(1091,2,'118',1,NULL,12,'8_37',0,'2018-12-19 19:58:58','2018-12-19 19:58:58'),(1092,2,'120',1,NULL,12,'8_40',0,'2018-12-19 19:58:58','2018-12-19 19:58:58'),(1093,2,'121',1,NULL,12,'8_41',0,'2018-12-19 19:58:58','2018-12-19 19:58:58'),(1094,2,'124',1,NULL,12,'8_52',0,'2018-12-19 19:58:58','2018-12-19 19:58:58'),(1095,2,'122',1,NULL,12,'8_46',0,'2018-12-19 19:58:58','2018-12-19 19:58:58'),(1096,2,'125',1,NULL,12,'8_53',0,'2018-12-19 19:58:58','2018-12-19 19:58:58'),(1097,2,'123',1,NULL,12,'8_47',0,'2018-12-19 19:58:58','2018-12-19 19:58:58'),(1098,2,'126',1,NULL,12,'8_55',0,'2018-12-19 19:58:58','2018-12-19 19:58:58'),(1099,2,'127',1,NULL,12,'8_56',0,'2018-12-19 19:58:58','2018-12-19 19:58:58'),(1100,2,'128',1,NULL,12,'8_58',0,'2018-12-19 19:58:58','2018-12-19 19:58:58'),(1101,2,'132',1,NULL,12,'9_16',0,'2018-12-19 19:58:58','2018-12-19 19:58:58'),(1102,2,'129',1,NULL,12,'8_59',0,'2018-12-19 19:58:58','2018-12-19 19:58:58'),(1103,2,'130',1,NULL,12,'9_13',0,'2018-12-19 19:58:58','2018-12-19 19:58:58'),(1104,2,'131',1,NULL,12,'9_14',0,'2018-12-19 19:58:58','2018-12-19 19:58:58'),(1105,2,'133',1,NULL,12,'9_19',0,'2018-12-19 19:58:58','2018-12-19 19:58:58'),(1106,2,'137',1,NULL,12,'9_25',0,'2018-12-19 19:58:58','2018-12-19 19:58:58'),(1107,2,'135',1,NULL,12,'9_22',0,'2018-12-19 19:58:58','2018-12-19 19:58:58'),(1108,2,'134',1,NULL,12,'9_20',0,'2018-12-19 19:58:58','2018-12-19 19:58:58'),(1109,2,'136',1,NULL,12,'9_23',0,'2018-12-19 19:58:58','2018-12-19 19:58:58'),(1110,2,'139',1,NULL,12,'9_29',0,'2018-12-19 19:58:58','2018-12-19 19:58:58'),(1111,2,'140',1,NULL,12,'9_31',0,'2018-12-19 19:58:58','2018-12-19 19:58:58'),(1112,2,'138',1,NULL,12,'9_26',0,'2018-12-19 19:58:58','2018-12-19 19:58:58'),(1113,2,'141',1,NULL,12,'9_32',0,'2018-12-19 19:58:58','2018-12-19 19:58:58'),(1114,2,'142',1,NULL,12,'9_37',0,'2018-12-19 19:58:58','2018-12-19 19:58:58'),(1115,2,'143',1,NULL,12,'9_38',0,'2018-12-19 19:58:58','2018-12-19 19:58:58'),(1116,2,'145',1,NULL,12,'9_44',0,'2018-12-19 19:58:58','2018-12-19 19:58:58'),(1117,2,'148',1,NULL,12,'9_49',0,'2018-12-19 19:58:58','2018-12-19 19:58:58'),(1118,2,'146',1,NULL,12,'9_46',0,'2018-12-19 19:58:58','2018-12-19 19:58:58'),(1119,2,'144',1,NULL,12,'9_43',0,'2018-12-19 19:58:58','2018-12-19 19:58:58'),(1120,2,'150',1,NULL,12,'9_58',0,'2018-12-19 19:58:58','2018-12-19 19:58:58'),(1121,2,'147',1,NULL,12,'9_47',0,'2018-12-19 19:58:58','2018-12-19 19:58:58'),(1122,2,'151',1,NULL,12,'9_59',0,'2018-12-19 19:58:58','2018-12-19 19:58:58'),(1123,2,'149',1,NULL,12,'9_50',0,'2018-12-19 19:58:58','2018-12-19 19:58:58'),(1124,2,'152',1,NULL,12,'9_61',0,'2018-12-19 19:58:58','2018-12-19 19:58:58'),(1125,2,'153',1,NULL,12,'9_62',0,'2018-12-19 19:58:58','2018-12-19 19:58:58'),(1126,2,'007',1,NULL,12,'2_2',0,'2018-12-19 19:58:58','2018-12-19 19:58:58');
/*!40000 ALTER TABLE `seats` ENABLE KEYS */;
UNLOCK TABLES;

--
-- Table structure for table `users`
--

DROP TABLE IF EXISTS `users`;
/*!40101 SET @saved_cs_client     = @@character_set_client */;
/*!40101 SET character_set_client = utf8 */;
CREATE TABLE `users` (
  `id` bigint(20) NOT NULL AUTO_INCREMENT,
  `employee_number` varchar(255) DEFAULT NULL,
  `password_digest` varchar(255) DEFAULT NULL,
  `created_at` datetime NOT NULL,
  `updated_at` datetime NOT NULL,
  `username` varchar(255) NOT NULL DEFAULT '',
  `encrypted_password` varchar(255) NOT NULL DEFAULT '',
  `reset_password_token` varchar(255) DEFAULT NULL,
  `reset_password_sent_at` datetime DEFAULT NULL,
  `remember_created_at` datetime DEFAULT NULL,
  `sign_in_count` int(11) NOT NULL DEFAULT '0',
  `current_sign_in_at` datetime DEFAULT NULL,
  `last_sign_in_at` datetime DEFAULT NULL,
  `current_sign_in_ip` varchar(255) DEFAULT NULL,
  `last_sign_in_ip` varchar(255) DEFAULT NULL,
  PRIMARY KEY (`id`),
  UNIQUE KEY `index_users_on_username` (`username`),
  UNIQUE KEY `index_users_on_employee_number` (`employee_number`),
  UNIQUE KEY `index_users_on_reset_password_token` (`reset_password_token`)
) ENGINE=InnoDB AUTO_INCREMENT=131 DEFAULT CHARSET=utf8;
/*!40101 SET character_set_client = @saved_cs_client */;

--
-- Dumping data for table `users`
--

LOCK TABLES `users` WRITE;
/*!40000 ALTER TABLE `users` DISABLE KEYS */;
INSERT INTO `users` VALUES (1,NULL,NULL,'2018-12-11 17:33:19','2018-12-20 15:24:41','admin','$2a$11$JnoR9UwD8N3EHvOSLeWNJOMcKbl4BS595fUaroAhxX7oEJPLSXjey',NULL,NULL,NULL,15,'2018-12-20 15:24:41','2018-12-20 00:16:24','10.101.84.84','10.101.84.84'),(2,NULL,NULL,'2018-12-11 17:33:19','2018-12-14 22:23:51','1111111','$2a$11$/uvLWdiApCR8dSMXHmotD.5lX9bAYxZ46EjdA9sfIfeidyPuLXux6',NULL,NULL,NULL,0,'2018-12-14 22:23:51','2018-12-14 22:21:34','10.101.84.81','10.101.84.81'),(3,NULL,NULL,'2018-12-11 17:33:19','2018-12-14 15:09:42','2222222','$2a$11$J57CK3Pa45FLBNTk906ff.JU2ppCR34WZsQC5ScIdxqMWRBtvLhF.',NULL,NULL,NULL,0,NULL,NULL,NULL,NULL),(4,NULL,NULL,'2018-12-11 17:33:19','2018-12-11 17:33:19','3333333','$2a$11$GFNVcZUvRn8HMJcTf3veWOgKFeO0FLehQRFUDotKLnqL5fTRKwdSa',NULL,NULL,NULL,0,NULL,NULL,NULL,NULL),(5,NULL,NULL,'2018-12-11 17:33:19','2018-12-11 17:33:19','4444444','$2a$11$q7ksckRtPrnxnqX0.TEwI.x2uMbAqEjFtgyDHlcii6p.8YsQyDfSW',NULL,NULL,NULL,0,NULL,NULL,NULL,NULL),(91,NULL,NULL,'2018-12-11 17:46:40','2018-12-13 20:04:36','823773','$2a$11$kZzVDvkO5VdiTvfzA7kVqeAj2IzdsmAzdGbhIzUQxq/iwfAnvR9g.',NULL,NULL,NULL,0,NULL,NULL,NULL,NULL),(92,NULL,NULL,'2018-12-11 17:46:40','2018-12-11 17:48:37','891541','$2a$11$3wNRXeX/km25HaDkx1RLFeiPeessfQSxmiH4DYcIux4XFLpd0JY0G',NULL,NULL,NULL,0,NULL,NULL,NULL,NULL),(93,NULL,NULL,'2018-12-11 17:46:40','2018-12-21 19:13:25','1220234','$2a$11$E7KT.681bnFrcYyCToxHquKiy3tmlBSi3EAvcPK94joOngkp2j33C',NULL,NULL,NULL,11,'2018-12-21 19:13:25','2018-12-21 19:12:28','10.101.129.156','10.101.129.156'),(94,NULL,NULL,'2018-12-11 17:46:40','2018-12-13 14:16:09','1563056','$2a$11$mnvqd9ffcvdtInhGs9SSo.3Yb1VQMukrzwwMMFgDVliUfMb0GbbN.',NULL,NULL,NULL,0,NULL,NULL,NULL,NULL),(95,NULL,NULL,'2018-12-11 17:46:40','2018-12-19 20:25:22','1537117','$2a$11$mu9CfvNtCraZzBKk0v1ZoO26OFdvavC8mpnrNhq7iZvNu9w547zv6',NULL,NULL,NULL,3,'2018-12-19 20:25:22','2018-12-19 20:03:42','10.101.84.84','10.101.84.84'),(96,NULL,NULL,'2018-12-11 17:47:21','2018-12-13 15:56:52','1048222','$2a$11$ZVuExeLblFQFUlSXymdQVeqM4zO8RjgiLkG9gw/0zXWtvx46Ol1AC',NULL,NULL,NULL,0,NULL,NULL,NULL,NULL),(97,NULL,NULL,'2018-12-11 17:47:21','2018-12-13 14:05:09','1304238','$2a$11$Zb9bPlsEAq3YLE2MtLm7KOuTXJADQH0XanVnB9QCXbQnhgE5Lu8ie',NULL,NULL,NULL,0,NULL,NULL,NULL,NULL),(98,NULL,NULL,'2018-12-11 17:47:21','2018-12-12 23:01:51','1384198','$2a$11$VVFxxU8m1vfZiMjVSdG1c.iyGDGj57JDWBysMtLsZWRYKiaBgfcRC',NULL,NULL,NULL,0,NULL,NULL,NULL,NULL),(99,NULL,NULL,'2018-12-11 17:47:21','2018-12-12 15:18:18','741605','$2a$11$iCojc1SI4jMhqA/Goyf87uvV3AR2uV5SRrkiXsEyiW30VJneu/YZy',NULL,NULL,NULL,0,NULL,NULL,NULL,NULL),(100,NULL,NULL,'2018-12-11 17:47:21','2018-12-11 17:47:21','1571452','$2a$11$n0HQqghRvTteR70s6NVk4.VOYIcBHFe7OlhvAbNnXmPQgGHhvJ9OW',NULL,NULL,NULL,0,NULL,NULL,NULL,NULL),(101,NULL,NULL,'2018-12-11 17:47:21','2018-12-11 17:47:21','1560763','$2a$11$rE2lQubolskjeAV7LI0qPeKOJFc1aFKOcNFrt9A..do3ngCx4zI9O',NULL,NULL,NULL,0,NULL,NULL,NULL,NULL),(102,NULL,NULL,'2018-12-11 17:47:22','2018-12-19 16:48:44','1562211','$2a$11$ExE9hZjY4i6MSJZGAYNMKOYk6agtFHM6i28W55VIXhZDeFHoa0Cfy',NULL,NULL,NULL,0,'2018-12-19 16:48:44','2018-12-19 16:48:38','10.101.84.84','10.101.84.84'),(103,NULL,NULL,'2018-12-11 17:47:22','2018-12-11 17:47:22','1419749','$2a$11$M5zUrcZiTHHKIxXHm2BUPukpy6KwDUt0t1vfF6HqS2Wgu1Hqs0a7O',NULL,NULL,NULL,0,NULL,NULL,NULL,NULL),(104,NULL,NULL,'2018-12-11 17:47:22','2018-12-19 18:29:17','858973','$2a$11$vidvMunX3YmrV0gCZKO9M.swFkwDFMvJ58vIaUkMylQKYolpwnahK',NULL,NULL,NULL,5,'2018-12-19 18:29:17','2018-12-19 18:29:10','10.101.84.84','10.101.84.84'),(105,NULL,NULL,'2018-12-11 17:47:22','2018-12-11 17:47:22','1454083','$2a$11$fYO4xdZZNNGcukqAdDXY1uc8G6CVm.aAgZGaUNUbGuIyjpQlEYRai',NULL,NULL,NULL,0,NULL,NULL,NULL,NULL),(106,NULL,NULL,'2018-12-11 17:47:22','2018-12-11 17:47:22','1455711','$2a$11$8sznKoNWRvb56IJr4zgXYObKf56i7z5jc5p8SGFEt8E9U//7uTN/K',NULL,NULL,NULL,0,NULL,NULL,NULL,NULL),(107,NULL,NULL,'2018-12-11 17:47:22','2018-12-19 16:18:21','1460041','$2a$11$HBbFvim.GyFCevWZqpgPBOmqijHi0yech0OGlb.iU6SqreGsZEW2.',NULL,NULL,NULL,0,'2018-12-19 16:18:21','2018-12-19 16:05:10','10.101.84.84','10.101.84.84'),(108,NULL,NULL,'2018-12-11 17:47:23','2018-12-11 17:47:23','1560764','$2a$11$47UGjXC.hk6tU0z4U2GbDeKnq3zC9oXxN0gHfe8/fWglpgQjrUXa6',NULL,NULL,NULL,0,NULL,NULL,NULL,NULL),(109,NULL,NULL,'2018-12-11 17:47:23','2018-12-11 17:47:23','1450706','$2a$11$qX4wekAwzFJ0uJ1QG7pz/OJnTfn.KJkGID.oYeL.6/3qpnPdGOgPO',NULL,NULL,NULL,0,NULL,NULL,NULL,NULL),(110,NULL,NULL,'2018-12-11 17:47:23','2018-12-11 17:47:23','1436448','$2a$11$rghEwcnD4FMHLdUhgA/8Pu4Fp216mZujPbvVZ.LUJofjiIiuFtxp.',NULL,NULL,NULL,0,NULL,NULL,NULL,NULL),(111,NULL,NULL,'2018-12-13 16:19:42','2018-12-19 19:28:36','1343849','$2a$11$5cNZAsme1cUaYpVpGb9Ys.IC/HVzJGrZry8gYfctfmD4wcoTbpJMq',NULL,NULL,NULL,2,'2018-12-19 19:28:36','2018-12-19 18:33:41','10.101.84.84','10.101.84.84'),(112,NULL,NULL,'2018-12-13 16:19:42','2018-12-13 16:19:42','1343984','$2a$11$B/VBe0IfIezX4VPz3UKdHe9mVyUbhaZ/lJF38DRJUw.aRro6PhbZ2',NULL,NULL,NULL,0,NULL,NULL,NULL,NULL),(113,NULL,NULL,'2018-12-13 16:19:42','2018-12-13 16:19:42','1462600','$2a$11$KItacfq6v8/eDITRroaqEOALtyWnEe4oPT/StaLe3z5ymruWAYj1W',NULL,NULL,NULL,0,NULL,NULL,NULL,NULL),(114,NULL,NULL,'2018-12-13 16:19:42','2018-12-13 16:20:10','1528626','$2a$11$9GSraU9fJMiiZrPAUTL0je6bAlKDH1Zcj59BySpkN8tZA78xFetn2',NULL,NULL,NULL,0,NULL,NULL,NULL,NULL),(115,NULL,NULL,'2018-12-13 16:19:43','2018-12-13 16:20:50','794526','$2a$11$hqOpkKcGNoPgFtC9E4xEbOSkN.toVj72lePCBR//Dscv0oUQ77jjy',NULL,NULL,NULL,0,NULL,NULL,NULL,NULL),(116,NULL,NULL,'2018-12-13 16:19:43','2018-12-13 16:19:43','1263223','$2a$11$q1/beStRg.x5VxlUREDDmOINw4vXloQ3c3Po9DNZF.qlBdDDqeAby',NULL,NULL,NULL,0,NULL,NULL,NULL,NULL),(117,NULL,NULL,'2018-12-13 16:19:43','2018-12-13 16:22:12','1452222','$2a$11$3cQQrmRInCopGP3dOR.OQObJ8/WJDUxDCdFrltEoQhPinSDE.1CbG',NULL,NULL,NULL,0,NULL,NULL,NULL,NULL),(118,NULL,NULL,'2018-12-13 16:19:43','2018-12-13 16:19:43','1434181','$2a$11$DQQrDZMYn.nFS33mmA8t6uP9bCyEDK6IXApmBVTFvrGZIOwbZCONq',NULL,NULL,NULL,0,NULL,NULL,NULL,NULL),(129,NULL,NULL,'2018-12-19 20:03:17','2018-12-19 20:03:17','852989','$2a$11$vw2MYHQUzUv522nDiO8RKONhz/Xx.2QUDgutDIc.xm1CbV8OMrX3O',NULL,NULL,NULL,0,NULL,NULL,NULL,NULL),(130,NULL,NULL,'2018-12-19 20:03:17','2018-12-19 20:03:17','862448','$2a$11$Y9AYTflGTGO1RyDS6mx5Jua./e0I6xy6NB/os10APG0wWl6Jcxxse',NULL,NULL,NULL,0,NULL,NULL,NULL,NULL);
/*!40000 ALTER TABLE `users` ENABLE KEYS */;
UNLOCK TABLES;

--
-- Table structure for table `users_roles`
--

DROP TABLE IF EXISTS `users_roles`;
/*!40101 SET @saved_cs_client     = @@character_set_client */;
/*!40101 SET character_set_client = utf8 */;
CREATE TABLE `users_roles` (
  `user_id` bigint(20) DEFAULT NULL,
  `role_id` bigint(20) DEFAULT NULL,
  KEY `index_users_roles_on_user_id` (`user_id`),
  KEY `index_users_roles_on_role_id` (`role_id`),
  KEY `index_users_roles_on_user_id_and_role_id` (`user_id`,`role_id`)
) ENGINE=InnoDB DEFAULT CHARSET=utf8;
/*!40101 SET character_set_client = @saved_cs_client */;

--
-- Dumping data for table `users_roles`
--

LOCK TABLES `users_roles` WRITE;
/*!40000 ALTER TABLE `users_roles` DISABLE KEYS */;
INSERT INTO `users_roles` VALUES (1,1),(2,2),(3,2),(4,2),(5,2),(91,2),(92,2),(93,2),(94,2),(95,2),(96,2),(97,2),(98,2),(99,2),(100,2),(101,2),(102,2),(103,2),(104,2),(105,2),(106,2),(107,2),(108,2),(109,2),(110,2),(111,2),(112,2),(113,2),(114,2),(115,2),(116,2),(117,2),(118,2),(129,2),(130,2);
/*!40000 ALTER TABLE `users_roles` ENABLE KEYS */;
UNLOCK TABLES;

--
-- Table structure for table `zones`
--

DROP TABLE IF EXISTS `zones`;
/*!40101 SET @saved_cs_client     = @@character_set_client */;
/*!40101 SET character_set_client = utf8 */;
CREATE TABLE `zones` (
  `id` bigint(20) NOT NULL AUTO_INCREMENT,
  `project_id` bigint(20) NOT NULL,
  `coordinates` varchar(255) NOT NULL,
  PRIMARY KEY (`id`),
  KEY `fk_rails_469356bd73` (`project_id`),
  CONSTRAINT `fk_rails_469356bd73` FOREIGN KEY (`project_id`) REFERENCES `projects` (`id`)
) ENGINE=InnoDB AUTO_INCREMENT=7 DEFAULT CHARSET=utf8;
/*!40101 SET character_set_client = @saved_cs_client */;

--
-- Dumping data for table `zones`
--

LOCK TABLES `zones` WRITE;
/*!40000 ALTER TABLE `zones` DISABLE KEYS */;
INSERT INTO `zones` VALUES (1,1,'62,704-241,704-241,841-62,841');
/*!40000 ALTER TABLE `zones` ENABLE KEYS */;
UNLOCK TABLES;
/*!40103 SET TIME_ZONE=@OLD_TIME_ZONE */;

/*!40101 SET SQL_MODE=@OLD_SQL_MODE */;
/*!40014 SET FOREIGN_KEY_CHECKS=@OLD_FOREIGN_KEY_CHECKS */;
/*!40014 SET UNIQUE_CHECKS=@OLD_UNIQUE_CHECKS */;
/*!40101 SET CHARACTER_SET_CLIENT=@OLD_CHARACTER_SET_CLIENT */;
/*!40101 SET CHARACTER_SET_RESULTS=@OLD_CHARACTER_SET_RESULTS */;
/*!40101 SET COLLATION_CONNECTION=@OLD_COLLATION_CONNECTION */;
/*!40111 SET SQL_NOTES=@OLD_SQL_NOTES */;

-- Dump completed on 2018-12-24  8:46:56
